gene	motif
Nvec_vc1.1_XM_048722594.1	M00115_2.00
Nvec_vc1.1_XM_048722594.1	M01655_2.00
Nvec_vc1.1_XM_048722594.1	M01656_2.00
Nvec_vc1.1_XM_048722594.1	M01658_2.00
Nvec_vc1.1_XM_048722594.1	M01659_2.00
Nvec_vc1.1_XM_048722594.1	M01660_2.00
Nvec_vc1.1_XM_048722594.1	M01662_2.00
Nvec_vc1.1_XM_048722594.1	M01664_2.00
Nvec_vc1.1_XM_048722594.1	M01665_2.00
Nvec_vc1.1_XM_048722594.1	M01666_2.00
Nvec_vc1.1_XM_048722594.1	M01667_2.00
Nvec_vc1.1_XM_048722594.1	M02651_2.00
Nvec_vc1.1_XM_048722594.1	M03590_2.00
Nvec_vc1.1_XM_032366646.2	M00116_2.00
Nvec_vc1.1_XM_032366646.2	M01657_2.00
Nvec_vc1.1_XM_032366646.2	M01661_2.00
Nvec_vc1.1_XM_032366646.2	M01663_2.00
Nvec_vc1.1_XM_032366646.2	M01668_2.00
Nvec_vc1.1_XM_032379775.2	M03595_2.00
Nvec_vc1.1_XM_032372025.2	M01751_2.00
Nvec_vc1.1_XM_032372025.2	M02787_2.00
Nvec_vc1.1_XM_032372025.2	M04124_2.00
Nvec_vc1.1_XM_032372025.2	M04125_2.00
Nvec_vc1.1_XM_032384433.2	M01718_2.00
Nvec_vc1.1_XM_032384433.2	M03605_2.00
Nvec_vc1.1_XM_032384433.2	M03606_2.00
Nvec_vc1.1_XM_048721183.1	M00121_2.00
Nvec_vc1.1_XM_048721183.1	M00122_2.00
Nvec_vc1.1_XM_048721183.1	M00938_2.00
Nvec_vc1.1_XM_048721183.1	M01753_2.00
Nvec_vc1.1_XM_032385496.2	M03620_2.00
Nvec_vc1.1_XM_032385496.2	M04156_2.00
Nvec_vc1.1_XM_032385496.2	M04157_2.00
Nvec_vc1.1_XM_048728399.1	M01815_2.00
Nvec_vc1.1_XM_048728399.1	M02729_2.00
Nvec_vc1.1_XM_048728399.1	M02824_2.00
Nvec_vc1.1_XM_048728399.1	M04009_2.00
Nvec_vc1.1_XM_048728399.1	M04227_2.00
Nvec_vc1.1_XM_048728399.1	M04228_2.00
Nvec_vc1.1_XM_001628737.3	M00123_2.00
Nvec_vc1.1_XM_001628737.3	M00126_2.00
Nvec_vc1.1_XM_001628737.3	M01814_2.00
Nvec_vc1.1_XM_001628737.3	M02854_2.00
Nvec_vc1.1_XM_001628737.3	M02855_2.00
Nvec_vc1.1_XM_001628737.3	M02856_2.00
Nvec_vc1.1_XM_001628737.3	M02857_2.00
Nvec_vc1.1_XM_001628737.3	M02858_2.00
Nvec_vc1.1_XM_001628737.3	M02869_2.00
Nvec_vc1.1_XM_001628737.3	M02870_2.00
Nvec_vc1.1_XM_001628737.3	M02871_2.00
Nvec_vc1.1_XM_001628737.3	M04039_2.00
Nvec_vc1.1_XM_001628737.3	M04040_2.00
Nvec_vc1.1_XM_001628737.3	M04343_2.00
Nvec_vc1.1_XM_001628737.3	M04344_2.00
Nvec_vc1.1_XM_001628737.3	M04345_2.00
Nvec_vc1.1_XM_001628737.3	M04346_2.00
Nvec_vc1.1_XM_001628737.3	M04347_2.00
Nvec_vc1.1_XM_001628737.3	M04348_2.00
Nvec_vc1.1_XM_001628737.3	M04349_2.00
Nvec_vc1.1_XM_001628737.3	M04350_2.00
Nvec_vc1.1_XM_001628737.3	M04351_2.00
Nvec_vc1.1_XM_001628737.3	M04352_2.00
Nvec_vc1.1_XM_001628737.3	M04353_2.00
Nvec_vc1.1_XM_001628737.3	M04354_2.00
Nvec_vc1.1_XM_001628737.3	M04355_2.00
Nvec_vc1.1_XM_001628737.3	M04356_2.00
Nvec_vc1.1_XM_001628737.3	M04365_2.00
Nvec_vc1.1_XM_001628737.3	M04366_2.00
Nvec_vc1.1_XM_001628737.3	M04367_2.00
Nvec_vc1.1_XM_001628737.3	M04368_2.00
Nvec_vc1.1_XM_001628737.3	M04369_2.00
Nvec_vc1.1_XM_001628737.3	M04370_2.00
Nvec_vc1.1_XM_001628737.3	M04371_2.00
Nvec_vc1.1_XM_001628737.3	M04372_2.00
Nvec_vc1.1_XM_001628737.3	M04373_2.00
Nvec_vc1.1_XM_001628737.3	M04374_2.00
Nvec_vc1.1_XM_001629694.3	M00757_2.00
Nvec_vc1.1_XM_001629694.3	M01802_2.00
Nvec_vc1.1_XM_001629694.3	M02730_2.00
Nvec_vc1.1_XM_001629694.3	M02825_2.00
Nvec_vc1.1_XM_001629694.3	M02826_2.00
Nvec_vc1.1_XM_001629694.3	M04010_2.00
Nvec_vc1.1_XM_001629694.3	M04011_2.00
Nvec_vc1.1_XM_001629694.3	M04012_2.00
Nvec_vc1.1_XM_001629694.3	M04231_2.00
Nvec_vc1.1_XM_001629694.3	M04232_2.00
Nvec_vc1.1_XM_001629694.3	M04233_2.00
Nvec_vc1.1_XM_001629694.3	M04234_2.00
Nvec_vc1.1_XM_001633273.3	M01805_2.00
Nvec_vc1.1_XM_001633273.3	M04035_2.00
Nvec_vc1.1_XM_001633273.3	M04036_2.00
Nvec_vc1.1_XM_001633273.3	M04333_2.00
Nvec_vc1.1_XM_001633273.3	M04334_2.00
Nvec_vc1.1_XM_001633273.3	M04335_2.00
Nvec_vc1.1_XM_001633273.3	M04336_2.00
Nvec_vc1.1_XM_001633273.3	M04337_2.00
Nvec_vc1.1_XM_001633273.3	M04338_2.00
Nvec_vc1.1_XM_048730161.1	M03648_2.00
Nvec_vc1.1_XM_001633393.3	M00124_2.00
Nvec_vc1.1_XM_001633393.3	M00991_2.00
Nvec_vc1.1_XM_001633393.3	M00992_2.00
Nvec_vc1.1_XM_001633393.3	M01804_2.00
Nvec_vc1.1_XM_001633393.3	M01806_2.00
Nvec_vc1.1_XM_001633393.3	M01821_2.00
Nvec_vc1.1_XM_001633393.3	M03659_2.00
Nvec_vc1.1_XM_001633393.3	M03660_2.00
Nvec_vc1.1_XM_001633393.3	M04022_2.00
Nvec_vc1.1_XM_001633393.3	M04023_2.00
Nvec_vc1.1_XM_001633393.3	M04229_2.00
Nvec_vc1.1_XM_001633393.3	M04230_2.00
Nvec_vc1.1_XM_001633393.3	M04258_2.00
Nvec_vc1.1_XM_001633393.3	M04259_2.00
Nvec_vc1.1_XM_001633393.3	M04260_2.00
Nvec_vc1.1_XM_001633393.3	M04261_2.00
Nvec_vc1.1_XM_001633393.3	M04262_2.00
Nvec_vc1.1_XM_001633393.3	M04263_2.00
Nvec_vc1.1_XM_001633393.3	M04264_2.00
Nvec_vc1.1_XM_001633393.3	M04265_2.00
Nvec_vc1.1_XM_001631543.3	M04293_2.00
Nvec_vc1.1_XM_001631543.3	M04294_2.00
Nvec_vc1.1_XM_001631543.3	M04295_2.00
Nvec_vc1.1_XM_001631543.3	M04296_2.00
Nvec_vc1.1_XM_001631543.3	M04297_2.00
Nvec_vc1.1_XM_001631543.3	M04298_2.00
Nvec_vc1.1_XM_032378881.2	M01143_2.00
Nvec_vc1.1_XM_032378881.2	M01812_2.00
Nvec_vc1.1_XM_048723046.1	M02842_2.00
Nvec_vc1.1_XM_048723046.1	M02843_2.00
Nvec_vc1.1_XM_048723046.1	M02844_2.00
Nvec_vc1.1_XM_048723046.1	M02845_2.00
Nvec_vc1.1_XM_048723046.1	M02846_2.00
Nvec_vc1.1_XM_048723046.1	M02847_2.00
Nvec_vc1.1_XM_032378881.2	M02863_2.00
Nvec_vc1.1_XM_032378881.2	M02864_2.00
Nvec_vc1.1_XM_032378881.2	M03639_2.00
Nvec_vc1.1_XM_032378881.2	M03640_2.00
Nvec_vc1.1_XM_032378881.2	M03641_2.00
Nvec_vc1.1_XM_048723046.1	M04029_2.00
Nvec_vc1.1_XM_048723046.1	M04030_2.00
Nvec_vc1.1_XM_048723046.1	M04031_2.00
Nvec_vc1.1_XM_048723046.1	M04309_2.00
Nvec_vc1.1_XM_048723046.1	M04310_2.00
Nvec_vc1.1_XM_048723046.1	M04311_2.00
Nvec_vc1.1_XM_048723046.1	M04312_2.00
Nvec_vc1.1_XM_048723046.1	M04313_2.00
Nvec_vc1.1_XM_048723046.1	M04314_2.00
Nvec_vc1.1_XM_048723046.1	M04315_2.00
Nvec_vc1.1_XM_048723046.1	M04316_2.00
Nvec_vc1.1_XM_048723046.1	M04317_2.00
Nvec_vc1.1_XM_048723046.1	M04318_2.00
Nvec_vc1.1_XM_048723046.1	M04319_2.00
Nvec_vc1.1_XM_048723046.1	M04320_2.00
Nvec_vc1.1_XM_001631093.3	M01809_2.00
Nvec_vc1.1_XM_001631093.3	M04272_2.00
Nvec_vc1.1_XM_001631093.3	M04273_2.00
Nvec_vc1.1_XM_001631093.3	M04327_2.00
Nvec_vc1.1_XM_001631093.3	M04328_2.00
Nvec_vc1.1_XM_001638266.3	M03649_2.00
Nvec_vc1.1_XM_032383907.2	M02872_2.00
Nvec_vc1.1_XM_032383907.2	M04382_2.00
Nvec_vc1.1_XM_032383907.2	M04383_2.00
Nvec_vc1.1_XM_001634132.3	M02898_2.00
Nvec_vc1.1_XM_001634132.3	M03682_2.00
Nvec_vc1.1_XM_001634132.3	M04517_2.00
Nvec_vc1.1_XM_001634132.3	M04518_2.00
Nvec_vc1.1_XM_001634132.3	M04645_2.00
Nvec_vc1.1_XM_001634132.3	M04646_2.00
Nvec_vc1.1_XM_032381586.2	M00134_2.00
Nvec_vc1.1_XM_032381586.2	M00224_2.00
Nvec_vc1.1_XM_032381586.2	M00226_2.00
Nvec_vc1.1_XM_032381586.2	M00779_2.00
Nvec_vc1.1_XM_032381586.2	M00787_2.00
Nvec_vc1.1_XM_032381586.2	M02937_2.00
Nvec_vc1.1_XM_032381586.2	M03704_2.00
Nvec_vc1.1_XM_032381586.2	M04400_2.00
Nvec_vc1.1_XM_032381586.2	M04401_2.00
Nvec_vc1.1_XM_032381586.2	M04410_2.00
Nvec_vc1.1_XM_032381586.2	M04411_2.00
Nvec_vc1.1_XM_032381586.2	M04418_2.00
Nvec_vc1.1_XM_032381586.2	M04419_2.00
Nvec_vc1.1_XM_032381586.2	M04420_2.00
Nvec_vc1.1_XM_032381586.2	M04430_2.00
Nvec_vc1.1_XM_032381586.2	M04431_2.00
Nvec_vc1.1_XM_032381586.2	M04432_2.00
Nvec_vc1.1_XM_032381586.2	M04455_2.00
Nvec_vc1.1_XM_032381586.2	M04456_2.00
Nvec_vc1.1_XM_032381586.2	M04463_2.00
Nvec_vc1.1_XM_032381586.2	M04464_2.00
Nvec_vc1.1_XM_032381270.2	M02929_2.00
Nvec_vc1.1_XM_032381270.2	M03673_2.00
Nvec_vc1.1_XM_032381270.2	M03691_2.00
Nvec_vc1.1_XM_032381270.2	M04655_2.00
Nvec_vc1.1_XM_032381270.2	M04656_2.00
Nvec_vc1.1_XM_048729815.1	M02877_2.00
Nvec_vc1.1_XM_048729815.1	M04406_2.00
Nvec_vc1.1_XM_048729815.1	M04407_2.00
Nvec_vc1.1_XM_048729815.1	M04408_2.00
Nvec_vc1.1_XM_048729815.1	M04409_2.00
Nvec_vc1.1_XM_048728976.1	M03668_2.00
Nvec_vc1.1_XM_032367802.2	M00617_2.00
Nvec_vc1.1_XM_001636315.3	M00239_2.00
Nvec_vc1.1_XM_001636315.3	M00240_2.00
Nvec_vc1.1_XM_001636315.3	M04523_2.00
Nvec_vc1.1_XM_001636315.3	M04524_2.00
Nvec_vc1.1_XM_048729481.1	M00621_2.00
Nvec_vc1.1_XM_032384447.2	M00133_2.00
Nvec_vc1.1_XM_032384447.2	M00765_2.00
Nvec_vc1.1_XM_032384447.2	M01862_2.00
Nvec_vc1.1_XM_032384447.2	M02879_2.00
Nvec_vc1.1_XM_032384447.2	M02910_2.00
Nvec_vc1.1_XM_032384447.2	M02921_2.00
Nvec_vc1.1_XM_032384447.2	M04558_2.00
Nvec_vc1.1_XM_032384447.2	M04559_2.00
Nvec_vc1.1_XM_032384447.2	M04605_2.00
Nvec_vc1.1_XM_032384447.2	M04606_2.00
Nvec_vc1.1_XM_001639547.3	M00777_2.00
Nvec_vc1.1_XM_001639547.3	M02903_2.00
Nvec_vc1.1_XM_001639547.3	M04489_2.00
Nvec_vc1.1_XM_001639547.3	M04490_2.00
Nvec_vc1.1_XM_001639547.3	M04537_2.00
Nvec_vc1.1_XM_001639547.3	M04538_2.00
Nvec_vc1.1_XM_001639547.3	M04539_2.00
Nvec_vc1.1_XM_001639547.3	M04540_2.00
Nvec_vc1.1_XM_032366627.2	M00232_2.00
Nvec_vc1.1_XM_032366627.2	M00233_2.00
Nvec_vc1.1_XM_032366627.2	M00375_2.00
Nvec_vc1.1_XM_032366627.2	M00622_2.00
Nvec_vc1.1_XM_032366627.2	M00776_2.00
Nvec_vc1.1_XM_032366627.2	M00778_2.00
Nvec_vc1.1_XM_032366627.2	M01864_2.00
Nvec_vc1.1_XM_032366627.2	M02883_2.00
Nvec_vc1.1_XM_032366627.2	M02884_2.00
Nvec_vc1.1_XM_032366627.2	M02885_2.00
Nvec_vc1.1_XM_032366627.2	M02886_2.00
Nvec_vc1.1_XM_032366627.2	M02889_2.00
Nvec_vc1.1_XM_032366627.2	M02890_2.00
Nvec_vc1.1_XM_032366627.2	M02915_2.00
Nvec_vc1.1_XM_032366627.2	M02931_2.00
Nvec_vc1.1_XM_032366627.2	M02932_2.00
Nvec_vc1.1_XM_032366627.2	M04437_2.00
Nvec_vc1.1_XM_032366627.2	M04438_2.00
Nvec_vc1.1_XM_032366627.2	M04439_2.00
Nvec_vc1.1_XM_032366627.2	M04440_2.00
Nvec_vc1.1_XM_032366627.2	M04461_2.00
Nvec_vc1.1_XM_032366627.2	M04462_2.00
Nvec_vc1.1_XM_032366627.2	M04583_2.00
Nvec_vc1.1_XM_032366627.2	M04584_2.00
Nvec_vc1.1_XM_032366225.2	M04511_2.00
Nvec_vc1.1_XM_032366225.2	M04512_2.00
Nvec_vc1.1_XM_032366225.2	M04513_2.00
Nvec_vc1.1_XM_032366225.2	M04514_2.00
Nvec_vc1.1_XM_001633482.3	M01207_2.00
Nvec_vc1.1_XM_048731147.1	M01913_2.00
Nvec_vc1.1_XM_048726872.1	M01906_2.00
Nvec_vc1.1_XM_048726872.1	M01909_2.00
Nvec_vc1.1_XM_048726872.1	M01911_2.00
Nvec_vc1.1_XM_048726872.1	M01916_2.00
Nvec_vc1.1_XM_032382520.2	M00656_2.00
Nvec_vc1.1_XM_032382520.2	M00659_2.00
Nvec_vc1.1_XM_032382520.2	M00789_2.00
Nvec_vc1.1_XM_032382520.2	M01211_2.00
Nvec_vc1.1_XM_032382520.2	M01927_2.00
Nvec_vc1.1_XM_032382520.2	M01928_2.00
Nvec_vc1.1_XM_032382520.2	M01929_2.00
Nvec_vc1.1_XM_032382520.2	M01930_2.00
Nvec_vc1.1_XM_032382520.2	M01931_2.00
Nvec_vc1.1_XM_032382520.2	M01935_2.00
Nvec_vc1.1_XM_032382520.2	M01937_2.00
Nvec_vc1.1_XM_032382520.2	M03718_2.00
Nvec_vc1.1_XM_032382520.2	M03719_2.00
Nvec_vc1.1_XM_032382520.2	M03720_2.00
Nvec_vc1.1_XM_032382520.2	M04681_2.00
Nvec_vc1.1_XM_032382520.2	M04682_2.00
Nvec_vc1.1_XM_032382520.2	M04683_2.00
Nvec_vc1.1_XM_032382520.2	M04684_2.00
Nvec_vc1.1_XM_032382520.2	M04685_2.00
Nvec_vc1.1_XM_032382520.2	M04686_2.00
Nvec_vc1.1_XM_032382520.2	M04687_2.00
Nvec_vc1.1_XM_032382520.2	M04688_2.00
Nvec_vc1.1_XM_032382520.2	M04689_2.00
Nvec_vc1.1_XM_032382520.2	M04690_2.00
Nvec_vc1.1_XM_032382520.2	M04691_2.00
Nvec_vc1.1_XM_032382520.2	M04692_2.00
Nvec_vc1.1_XM_032382520.2	M04693_2.00
Nvec_vc1.1_XM_032369373.2	M01926_2.00
Nvec_vc1.1_XM_032369373.2	M01932_2.00
Nvec_vc1.1_XM_032369373.2	M01933_2.00
Nvec_vc1.1_XM_032370623.2	M01225_2.00
Nvec_vc1.1_XM_032370623.2	M01961_2.00
Nvec_vc1.1_XM_032370623.2	M02949_2.00
Nvec_vc1.1_XM_032370623.2	M02950_2.00
Nvec_vc1.1_XM_032370623.2	M02951_2.00
Nvec_vc1.1_XM_032370623.2	M04696_2.00
Nvec_vc1.1_XM_032370623.2	M04697_2.00
Nvec_vc1.1_XM_032370623.2	M04698_2.00
Nvec_vc1.1_XM_032370623.2	M04699_2.00
Nvec_v1g200125	M00154_2.00
Nvec_v1g200125	M01960_2.00
Nvec_v1g200125	M01962_2.00
Nvec_v1g200125	M01969_2.00
Nvec_v1g200125	M02952_2.00
Nvec_v1g200125	M02953_2.00
Nvec_v1g200125	M02954_2.00
Nvec_v1g200125	M02955_2.00
Nvec_v1g200125	M04700_2.00
Nvec_vc1.1_XM_001627662.3	M00153_2.00
Nvec_vc1.1_XM_001627662.3	M00662_2.00
Nvec_vc1.1_XM_001627662.3	M01959_2.00
Nvec_vc1.1_XM_001627662.3	M01963_2.00
Nvec_vc1.1_XM_001627662.3	M01964_2.00
Nvec_vc1.1_XM_001627662.3	M01965_2.00
Nvec_vc1.1_XM_001627662.3	M01966_2.00
Nvec_vc1.1_XM_001627662.3	M01968_2.00
Nvec_vc1.1_XM_001627662.3	M02956_2.00
Nvec_vc1.1_XM_001627662.3	M02957_2.00
Nvec_vc1.1_XM_001627662.3	M02958_2.00
Nvec_vc1.1_XM_001627662.3	M02961_2.00
Nvec_vc1.1_XM_001627662.3	M02962_2.00
Nvec_vc1.1_XM_001627662.3	M04701_2.00
Nvec_vc1.1_XM_001627662.3	M04702_2.00
Nvec_vc1.1_XM_001627662.3	M04707_2.00
Nvec_v1g108513	M00157_2.00
Nvec_v1g108513	M01481_2.00
Nvec_v1g108513	M01482_2.00
Nvec_v1g108513	M01483_2.00
Nvec_v1g108513	M01489_2.00
Nvec_v1g108513	M01493_2.00
Nvec_v1g108513	M01971_2.00
Nvec_v1g108513	M02645_2.00
Nvec_v1g108513	M02967_2.00
Nvec_v1g108513	M02969_2.00
Nvec_v1g108513	M02979_2.00
Nvec_v1g108513	M02980_2.00
Nvec_v1g108513	M02981_2.00
Nvec_v1g108513	M02982_2.00
Nvec_v1g108513	M02983_2.00
Nvec_v1g108513	M02984_2.00
Nvec_v1g108513	M02985_2.00
Nvec_v1g108513	M02986_2.00
Nvec_v1g108513	M02996_2.00
Nvec_v1g108513	M03004_2.00
Nvec_v1g108513	M03010_2.00
Nvec_v1g108513	M03725_2.00
Nvec_v1g108513	M04720_2.00
Nvec_v1g108513	M04721_2.00
Nvec_v1g108513	M04730_2.00
Nvec_v1g108513	M04731_2.00
Nvec_v1g108513	M04732_2.00
Nvec_v1g108513	M04733_2.00
Nvec_v1g108513	M04734_2.00
Nvec_v1g108513	M04735_2.00
Nvec_v1g108513	M04752_2.00
Nvec_v1g108513	M04753_2.00
Nvec_v1g108513	M04754_2.00
Nvec_v1g108513	M04755_2.00
Nvec_v1g108513	M04768_2.00
Nvec_v1g108513	M04769_2.00
Nvec_v1g108513	M04778_2.00
Nvec_v1g108513	M04779_2.00
Nvec_v1g108513	M04791_2.00
Nvec_v1g108513	M04792_2.00
Nvec_vc1.1_XM_032380975.2	M01477_2.00
Nvec_vc1.1_XM_032380975.2	M01478_2.00
Nvec_vc1.1_XM_032380975.2	M01479_2.00
Nvec_vc1.1_XM_032380975.2	M01485_2.00
Nvec_vc1.1_XM_032380975.2	M01486_2.00
Nvec_vc1.1_XM_032380975.2	M01487_2.00
Nvec_vc1.1_XM_032380975.2	M01491_2.00
Nvec_vc1.1_XM_032380975.2	M01492_2.00
Nvec_vc1.1_XM_032380975.2	M01494_2.00
Nvec_vc1.1_XM_032380975.2	M01495_2.00
Nvec_vc1.1_XM_032380975.2	M01496_2.00
Nvec_vc1.1_XM_032380975.2	M01972_2.00
Nvec_vc1.1_XM_032380975.2	M01973_2.00
Nvec_vc1.1_XM_032380975.2	M02679_2.00
Nvec_vc1.1_XM_032380975.2	M02734_2.00
Nvec_vc1.1_XM_032380975.2	M02735_2.00
Nvec_vc1.1_XM_032380975.2	M02964_2.00
Nvec_vc1.1_XM_032380975.2	M02966_2.00
Nvec_vc1.1_XM_032380975.2	M02968_2.00
Nvec_vc1.1_XM_032380975.2	M02970_2.00
Nvec_vc1.1_XM_032380975.2	M02971_2.00
Nvec_vc1.1_XM_032380975.2	M02972_2.00
Nvec_vc1.1_XM_032380975.2	M02992_2.00
Nvec_vc1.1_XM_032380975.2	M02993_2.00
Nvec_vc1.1_XM_032380975.2	M02994_2.00
Nvec_vc1.1_XM_032380975.2	M02995_2.00
Nvec_vc1.1_XM_032380975.2	M02997_2.00
Nvec_vc1.1_XM_032380975.2	M02998_2.00
Nvec_vc1.1_XM_032380975.2	M02999_2.00
Nvec_vc1.1_XM_032380975.2	M03000_2.00
Nvec_vc1.1_XM_032380975.2	M03001_2.00
Nvec_vc1.1_XM_032380975.2	M03006_2.00
Nvec_vc1.1_XM_032380975.2	M03007_2.00
Nvec_vc1.1_XM_032380975.2	M03722_2.00
Nvec_vc1.1_XM_032380975.2	M03723_2.00
Nvec_vc1.1_XM_032380975.2	M03724_2.00
Nvec_vc1.1_XM_032380975.2	M03726_2.00
Nvec_vc1.1_XM_032380975.2	M03732_2.00
Nvec_vc1.1_XM_032380975.2	M03733_2.00
Nvec_vc1.1_XM_032380975.2	M04708_2.00
Nvec_vc1.1_XM_032380975.2	M04709_2.00
Nvec_vc1.1_XM_032380975.2	M04710_2.00
Nvec_vc1.1_XM_032380975.2	M04711_2.00
Nvec_vc1.1_XM_032380975.2	M04716_2.00
Nvec_vc1.1_XM_032380975.2	M04717_2.00
Nvec_vc1.1_XM_032380975.2	M04718_2.00
Nvec_vc1.1_XM_032380975.2	M04719_2.00
Nvec_vc1.1_XM_032380975.2	M04722_2.00
Nvec_vc1.1_XM_032380975.2	M04723_2.00
Nvec_vc1.1_XM_032380975.2	M04724_2.00
Nvec_vc1.1_XM_032380975.2	M04725_2.00
Nvec_vc1.1_XM_032380975.2	M04726_2.00
Nvec_vc1.1_XM_032380975.2	M04727_2.00
Nvec_vc1.1_XM_032380975.2	M04728_2.00
Nvec_vc1.1_XM_032380975.2	M04729_2.00
Nvec_vc1.1_XM_032380975.2	M04736_2.00
Nvec_vc1.1_XM_032380975.2	M04737_2.00
Nvec_vc1.1_XM_032380975.2	M04738_2.00
Nvec_vc1.1_XM_032380975.2	M04739_2.00
Nvec_vc1.1_XM_032380975.2	M04740_2.00
Nvec_vc1.1_XM_032380975.2	M04741_2.00
Nvec_vc1.1_XM_032380975.2	M04742_2.00
Nvec_vc1.1_XM_032380975.2	M04743_2.00
Nvec_vc1.1_XM_032380975.2	M04744_2.00
Nvec_vc1.1_XM_032380975.2	M04745_2.00
Nvec_vc1.1_XM_032380975.2	M04746_2.00
Nvec_vc1.1_XM_032380975.2	M04747_2.00
Nvec_vc1.1_XM_032380975.2	M04760_2.00
Nvec_vc1.1_XM_032380975.2	M04761_2.00
Nvec_vc1.1_XM_032380975.2	M04762_2.00
Nvec_vc1.1_XM_032380975.2	M04763_2.00
Nvec_vc1.1_XM_032380975.2	M04764_2.00
Nvec_vc1.1_XM_032380975.2	M04765_2.00
Nvec_vc1.1_XM_032380975.2	M04766_2.00
Nvec_vc1.1_XM_032380975.2	M04767_2.00
Nvec_vc1.1_XM_032380975.2	M04770_2.00
Nvec_vc1.1_XM_032380975.2	M04771_2.00
Nvec_vc1.1_XM_032380975.2	M04772_2.00
Nvec_vc1.1_XM_032380975.2	M04773_2.00
Nvec_vc1.1_XM_032380975.2	M04774_2.00
Nvec_vc1.1_XM_032380975.2	M04775_2.00
Nvec_vc1.1_XM_032380975.2	M04776_2.00
Nvec_vc1.1_XM_032380975.2	M04777_2.00
Nvec_vc1.1_XM_032380975.2	M04780_2.00
Nvec_vc1.1_XM_032380975.2	M04781_2.00
Nvec_vc1.1_XM_032380975.2	M04782_2.00
Nvec_vc1.1_XM_032380975.2	M04793_2.00
Nvec_vc1.1_XM_032380975.2	M04794_2.00
Nvec_vc1.1_XM_032380975.2	M04795_2.00
Nvec_vc1.1_XM_032380975.2	M04796_2.00
Nvec_vc1.1_XM_032380975.2	M04797_2.00
Nvec_vc1.1_XM_032380975.2	M04798_2.00
Nvec_vc1.1_XM_032380975.2	M04799_2.00
Nvec_vc1.1_XM_032380975.2	M04800_2.00
Nvec_vc1.1_XM_032380975.2	M04801_2.00
Nvec_vc1.1_XM_032380975.2	M04802_2.00
Nvec_vc1.1_XM_001636352.3	M00159_2.00
Nvec_vc1.1_XM_001636352.3	M01488_2.00
Nvec_vc1.1_XM_001636352.3	M02973_2.00
Nvec_vc1.1_XM_001636352.3	M02974_2.00
Nvec_vc1.1_XM_001636352.3	M02975_2.00
Nvec_vc1.1_XM_001636352.3	M02976_2.00
Nvec_vc1.1_XM_001636352.3	M02977_2.00
Nvec_vc1.1_XM_001636352.3	M02978_2.00
Nvec_vc1.1_XM_001636352.3	M04748_2.00
Nvec_vc1.1_XM_001636352.3	M04749_2.00
Nvec_vc1.1_XM_001636352.3	M04750_2.00
Nvec_vc1.1_XM_001636352.3	M04751_2.00
Nvec_vc1.1_XM_048727247.1	M02990_2.00
Nvec_vc1.1_XM_048727247.1	M02991_2.00
Nvec_vc1.1_XM_032384221.2	M00156_2.00
Nvec_vc1.1_XM_032384221.2	M00158_2.00
Nvec_vc1.1_XM_032384221.2	M01476_2.00
Nvec_vc1.1_XM_032384221.2	M01484_2.00
Nvec_vc1.1_XM_032384221.2	M01490_2.00
Nvec_vc1.1_XM_032384221.2	M02733_2.00
Nvec_vc1.1_XM_032384221.2	M02987_2.00
Nvec_vc1.1_XM_032384221.2	M02988_2.00
Nvec_vc1.1_XM_032384221.2	M02989_2.00
Nvec_vc1.1_XM_032384221.2	M03002_2.00
Nvec_vc1.1_XM_032384221.2	M03003_2.00
Nvec_vc1.1_XM_032384221.2	M03011_2.00
Nvec_vc1.1_XM_032384221.2	M04712_2.00
Nvec_vc1.1_XM_032384221.2	M04713_2.00
Nvec_vc1.1_XM_032384221.2	M04714_2.00
Nvec_vc1.1_XM_032384221.2	M04715_2.00
Nvec_vc1.1_XM_032384221.2	M04756_2.00
Nvec_vc1.1_XM_032384221.2	M04757_2.00
Nvec_vc1.1_XM_032384221.2	M04758_2.00
Nvec_vc1.1_XM_032384221.2	M04759_2.00
Nvec_vc1.1_XM_032384221.2	M04783_2.00
Nvec_vc1.1_XM_032384221.2	M04784_2.00
Nvec_vc1.1_XM_032384221.2	M04785_2.00
Nvec_vc1.1_XM_032384221.2	M04786_2.00
Nvec_vc1.1_XM_032384221.2	M04787_2.00
Nvec_vc1.1_XM_032384221.2	M04788_2.00
Nvec_vc1.1_XM_032384221.2	M04789_2.00
Nvec_vc1.1_XM_032384221.2	M04790_2.00
Nvec_vc1.1_XM_032366602.2	M03727_2.00
Nvec_vc1.1_XM_032366602.2	M03728_2.00
Nvec_vc1.1_XM_032366602.2	M03729_2.00
Nvec_vc1.1_XM_032366602.2	M03730_2.00
Nvec_vc1.1_XM_032366602.2	M03731_2.00
Nvec_vc1.1_XM_048729186.1	M01480_2.00
Nvec_vc1.1_XM_048729186.1	M03005_2.00
Nvec_vc1.1_XM_048729186.1	M03009_2.00
Nvec_vc1.1_XM_001628964.3	M00160_2.00
Nvec_vc1.1_XM_001628964.3	M00163_2.00
Nvec_vc1.1_XM_001628964.3	M00790_2.00
Nvec_vc1.1_XM_001628964.3	M01977_2.00
Nvec_vc1.1_XM_001628964.3	M01980_2.00
Nvec_vc1.1_XM_001628964.3	M01981_2.00
Nvec_vc1.1_XM_001628964.3	M01987_2.00
Nvec_vc1.1_XM_001628964.3	M01988_2.00
Nvec_vc1.1_XM_001628964.3	M01991_2.00
Nvec_vc1.1_XM_001628964.3	M02736_2.00
Nvec_vc1.1_XM_001628964.3	M02737_2.00
Nvec_vc1.1_XM_001628964.3	M03016_2.00
Nvec_vc1.1_XM_001628964.3	M03017_2.00
Nvec_vc1.1_XM_001628964.3	M03018_2.00
Nvec_vc1.1_XM_001628964.3	M03025_2.00
Nvec_vc1.1_XM_001628964.3	M03026_2.00
Nvec_vc1.1_XM_001628964.3	M03027_2.00
Nvec_vc1.1_XM_001628964.3	M03046_2.00
Nvec_vc1.1_XM_001628964.3	M03047_2.00
Nvec_vc1.1_XM_001628964.3	M03048_2.00
Nvec_vc1.1_XM_001628964.3	M03055_2.00
Nvec_vc1.1_XM_001628964.3	M03056_2.00
Nvec_vc1.1_XM_001628964.3	M03057_2.00
Nvec_vc1.1_XM_001628964.3	M03058_2.00
Nvec_vc1.1_XM_001628964.3	M03061_2.00
Nvec_vc1.1_XM_001628964.3	M03062_2.00
Nvec_vc1.1_XM_001628964.3	M03738_2.00
Nvec_vc1.1_XM_001628964.3	M04809_2.00
Nvec_vc1.1_XM_001628964.3	M04810_2.00
Nvec_vc1.1_XM_001628964.3	M04825_2.00
Nvec_vc1.1_XM_001628964.3	M04826_2.00
Nvec_vc1.1_XM_001628964.3	M04827_2.00
Nvec_vc1.1_XM_001628964.3	M04828_2.00
Nvec_vc1.1_XM_001628964.3	M04829_2.00
Nvec_vc1.1_XM_001628964.3	M04830_2.00
Nvec_vc1.1_XM_001628964.3	M04859_2.00
Nvec_vc1.1_XM_001628964.3	M04860_2.00
Nvec_vc1.1_XM_001628319.3	M00794_2.00
Nvec_vc1.1_XM_001628319.3	M01989_2.00
Nvec_vc1.1_XM_001627792.3	M01010_2.00
Nvec_vc1.1_XM_001627792.3	M01011_2.00
Nvec_vc1.1_XM_001627792.3	M01012_2.00
Nvec_vc1.1_XM_001627072.3	M00164_2.00
Nvec_vc1.1_XM_001627072.3	M00253_2.00
Nvec_vc1.1_XM_001627072.3	M00254_2.00
Nvec_vc1.1_XM_001627072.3	M00255_2.00
Nvec_vc1.1_XM_001627072.3	M00256_2.00
Nvec_vc1.1_XM_001627072.3	M00257_2.00
Nvec_vc1.1_XM_001627072.3	M00258_2.00
Nvec_vc1.1_XM_001627072.3	M00259_2.00
Nvec_vc1.1_XM_001627072.3	M00796_2.00
Nvec_vc1.1_XM_001627072.3	M01228_2.00
Nvec_vc1.1_XM_001627072.3	M01982_2.00
Nvec_vc1.1_XM_001627072.3	M01984_2.00
Nvec_vc1.1_XM_001627072.3	M02681_2.00
Nvec_vc1.1_XM_001627072.3	M03013_2.00
Nvec_vc1.1_XM_001627072.3	M03014_2.00
Nvec_vc1.1_XM_001627072.3	M03015_2.00
Nvec_vc1.1_XM_001627072.3	M03034_2.00
Nvec_vc1.1_XM_001627072.3	M03035_2.00
Nvec_vc1.1_XM_001627072.3	M03036_2.00
Nvec_vc1.1_XM_001627072.3	M03037_2.00
Nvec_vc1.1_XM_001627072.3	M03038_2.00
Nvec_vc1.1_XM_001627072.3	M03042_2.00
Nvec_vc1.1_XM_001627072.3	M03043_2.00
Nvec_vc1.1_XM_001627072.3	M03044_2.00
Nvec_vc1.1_XM_001627072.3	M03045_2.00
Nvec_vc1.1_XM_001627072.3	M03059_2.00
Nvec_vc1.1_XM_001627072.3	M03060_2.00
Nvec_vc1.1_XM_001627072.3	M03739_2.00
Nvec_vc1.1_XM_001627072.3	M03740_2.00
Nvec_vc1.1_XM_001627072.3	M03741_2.00
Nvec_vc1.1_XM_001627072.3	M03742_2.00
Nvec_vc1.1_XM_001627072.3	M03744_2.00
Nvec_vc1.1_XM_001627072.3	M04841_2.00
Nvec_vc1.1_XM_001627072.3	M04842_2.00
Nvec_vc1.1_XM_001627072.3	M04843_2.00
Nvec_vc1.1_XM_001627072.3	M04844_2.00
Nvec_vc1.1_XM_001627072.3	M04845_2.00
Nvec_vc1.1_XM_001627072.3	M04846_2.00
Nvec_vc1.1_XM_001627072.3	M04851_2.00
Nvec_vc1.1_XM_001627072.3	M04852_2.00
Nvec_vc1.1_XM_001627072.3	M04853_2.00
Nvec_vc1.1_XM_001627072.3	M04854_2.00
Nvec_vc1.1_XM_001627072.3	M04855_2.00
Nvec_vc1.1_XM_001627072.3	M04856_2.00
Nvec_vc1.1_XM_032374352.2	M03750_2.00
Nvec_vc1.1_XM_032374352.2	M03751_2.00
Nvec_vc1.1_XM_001624689.3	M00044_2.00
Nvec_vc1.1_XM_001624689.3	M01992_2.00
Nvec_vc1.1_XM_032363859.2	M00792_2.00
Nvec_vc1.1_XM_032363859.2	M00793_2.00
Nvec_vc1.1_XM_032363859.2	M00836_2.00
Nvec_vc1.1_XM_032363859.2	M00837_2.00
Nvec_vc1.1_XM_032363859.2	M01976_2.00
Nvec_vc1.1_XM_032363859.2	M03753_2.00
Nvec_vc1.1_XM_032363859.2	M04811_2.00
Nvec_vc1.1_XM_032363859.2	M04812_2.00
Nvec_vc1.1_XM_001634505.3	M00162_2.00
Nvec_vc1.1_XM_001634505.3	M01983_2.00
Nvec_vc1.1_XM_001634505.3	M01990_2.00
Nvec_vc1.1_XM_001634505.3	M03028_2.00
Nvec_vc1.1_XM_001634505.3	M03029_2.00
Nvec_vc1.1_XM_001634505.3	M03030_2.00
Nvec_vc1.1_XM_001634505.3	M03031_2.00
Nvec_vc1.1_XM_001634505.3	M03734_2.00
Nvec_vc1.1_XM_001634505.3	M03735_2.00
Nvec_vc1.1_XM_001634505.3	M03743_2.00
Nvec_vc1.1_XM_001634505.3	M04815_2.00
Nvec_vc1.1_XM_001634505.3	M04816_2.00
Nvec_vc1.1_XM_001634505.3	M04817_2.00
Nvec_vc1.1_XM_001634505.3	M04818_2.00
Nvec_vc1.1_XM_001634505.3	M04819_2.00
Nvec_vc1.1_XM_001634505.3	M04820_2.00
Nvec_vc1.1_XM_001634505.3	M04821_2.00
Nvec_vc1.1_XM_001634505.3	M04822_2.00
Nvec_vc1.1_XM_001634505.3	M04831_2.00
Nvec_vc1.1_XM_001634505.3	M04832_2.00
Nvec_vc1.1_XM_001634505.3	M04833_2.00
Nvec_vc1.1_XM_001634505.3	M04834_2.00
Nvec_vc1.1_XM_001634505.3	M04837_2.00
Nvec_vc1.1_XM_001634505.3	M04838_2.00
Nvec_vc1.1_XM_048728028.1	M00665_2.00
Nvec_vc1.1_XM_001625950.3	M00664_2.00
Nvec_vc1.1_XM_001625950.3	M00791_2.00
Nvec_vc1.1_XM_001625950.3	M01974_2.00
Nvec_vc1.1_XM_048728051.1	M01978_2.00
Nvec_vc1.1_XM_001625950.3	M01985_2.00
Nvec_vc1.1_XM_001625950.3	M01986_2.00
Nvec_vc1.1_XM_001625950.3	M02680_2.00
Nvec_vc1.1_XM_048728051.1	M03032_2.00
Nvec_vc1.1_XM_048728051.1	M03033_2.00
Nvec_vc1.1_XM_001625950.3	M03052_2.00
Nvec_vc1.1_XM_001625950.3	M03053_2.00
Nvec_vc1.1_XM_001625950.3	M03054_2.00
Nvec_vc1.1_XM_001625950.3	M03736_2.00
Nvec_vc1.1_XM_001625950.3	M03737_2.00
Nvec_vc1.1_XM_048728051.1	M04839_2.00
Nvec_vc1.1_XM_048728051.1	M04840_2.00
Nvec_vc1.1_XM_001625950.3	M04847_2.00
Nvec_vc1.1_XM_001625950.3	M04848_2.00
Nvec_vc1.1_XM_001636889.3	M00161_2.00
Nvec_vc1.1_XM_048723945.1	M01016_2.00
Nvec_vc1.1_XM_048724319.1	M03752_2.00
Nvec_vc1.1_XM_032367288.2	M00165_2.00
Nvec_vc1.1_XM_032367288.2	M00166_2.00
Nvec_vc1.1_XM_032367288.2	M00167_2.00
Nvec_vc1.1_XM_032367288.2	M00799_2.00
Nvec_vc1.1_XM_032367288.2	M02738_2.00
Nvec_vc1.1_XM_032367288.2	M02739_2.00
Nvec_vc1.1_XM_032367288.2	M03063_2.00
Nvec_vc1.1_XM_032367288.2	M03064_2.00
Nvec_vc1.1_XM_032367288.2	M03065_2.00
Nvec_vc1.1_XM_032367288.2	M03066_2.00
Nvec_vc1.1_XM_032367288.2	M03754_2.00
Nvec_vc1.1_XM_032367288.2	M03755_2.00
Nvec_vc1.1_XM_032367288.2	M03756_2.00
Nvec_vc1.1_XM_032367288.2	M03757_2.00
Nvec_vc1.1_XM_032367288.2	M03758_2.00
Nvec_vc1.1_XM_032367288.2	M03759_2.00
Nvec_vc1.1_XM_032367288.2	M03760_2.00
Nvec_vc1.1_XM_032367288.2	M04861_2.00
Nvec_vc1.1_XM_032367288.2	M04862_2.00
Nvec_vc1.1_XM_032367288.2	M04863_2.00
Nvec_vc1.1_XM_032367288.2	M04864_2.00
Nvec_vc1.1_XM_032367288.2	M04865_2.00
Nvec_vc1.1_XM_032367288.2	M04866_2.00
Nvec_vc1.1_XM_032367288.2	M04867_2.00
Nvec_vc1.1_XM_032367288.2	M04868_2.00
Nvec_vc1.1_XM_032367288.2	M04869_2.00
Nvec_vc1.1_XM_032367288.2	M04870_2.00
Nvec_vc1.1_XM_032367288.2	M04871_2.00
Nvec_vc1.1_XM_032367288.2	M04872_2.00
Nvec_vc1.1_XM_032367288.2	M04873_2.00
Nvec_vc1.1_XM_032367288.2	M04874_2.00
Nvec_vc1.1_XM_032367288.2	M04875_2.00
Nvec_vc1.1_XM_032367288.2	M04876_2.00
Nvec_vc1.1_XM_032367288.2	M04877_2.00
Nvec_vc1.1_XM_032367288.2	M04878_2.00
Nvec_vc1.1_XM_032367288.2	M04879_2.00
Nvec_vc1.1_XM_032367288.2	M04880_2.00
""	M02052_2.00
Nvec_vc1.1_XM_032383925.2	M00451_2.00
Nvec_vc1.1_XM_032383925.2	M00485_2.00
Nvec_vc1.1_XM_032383925.2	M00499_2.00
Nvec_vc1.1_XM_032383925.2	M02128_2.00
Nvec_vc1.1_XM_032383677.2	M00172_2.00
Nvec_vc1.1_XM_032383677.2	M00260_2.00
Nvec_vc1.1_XM_032383677.2	M00261_2.00
Nvec_vc1.1_XM_032383677.2	M00262_2.00
Nvec_vc1.1_XM_032383677.2	M00264_2.00
Nvec_vc1.1_XM_032383677.2	M00266_2.00
Nvec_vc1.1_XM_032383677.2	M00267_2.00
Nvec_vc1.1_XM_032383677.2	M00268_2.00
Nvec_vc1.1_XM_032383677.2	M00269_2.00
Nvec_vc1.1_XM_032383677.2	M00278_2.00
Nvec_vc1.1_XM_032383677.2	M00280_2.00
Nvec_vc1.1_XM_032383677.2	M00281_2.00
Nvec_vc1.1_XM_032383677.2	M00282_2.00
Nvec_vc1.1_XM_032383677.2	M00283_2.00
Nvec_vc1.1_XM_032383677.2	M00284_2.00
Nvec_vc1.1_XM_032383677.2	M00285_2.00
Nvec_vc1.1_XM_032383677.2	M00286_2.00
Nvec_vc1.1_XM_032383677.2	M00287_2.00
Nvec_vc1.1_XM_032383677.2	M00288_2.00
Nvec_vc1.1_XM_032383677.2	M00289_2.00
Nvec_vc1.1_XM_032383677.2	M00290_2.00
Nvec_vc1.1_XM_032383677.2	M00292_2.00
Nvec_vc1.1_XM_032383677.2	M00303_2.00
Nvec_vc1.1_XM_032383677.2	M00304_2.00
Nvec_vc1.1_XM_032383677.2	M00305_2.00
Nvec_vc1.1_XM_032383677.2	M00315_2.00
Nvec_vc1.1_XM_032383677.2	M00316_2.00
Nvec_vc1.1_XM_032383677.2	M00317_2.00
Nvec_vc1.1_XM_032383677.2	M00318_2.00
Nvec_vc1.1_XM_032383677.2	M00319_2.00
Nvec_vc1.1_XM_032383677.2	M00328_2.00
Nvec_vc1.1_XM_032383677.2	M00329_2.00
Nvec_vc1.1_XM_032383677.2	M00330_2.00
Nvec_vc1.1_XM_032383677.2	M00333_2.00
Nvec_vc1.1_XM_032383677.2	M00334_2.00
Nvec_vc1.1_XM_032383677.2	M00381_2.00
Nvec_vc1.1_XM_032383677.2	M00383_2.00
Nvec_vc1.1_XM_032383677.2	M00384_2.00
Nvec_vc1.1_XM_032383677.2	M00387_2.00
Nvec_vc1.1_XM_032383677.2	M00388_2.00
Nvec_vc1.1_XM_032383677.2	M00392_2.00
Nvec_vc1.1_XM_032383677.2	M00393_2.00
Nvec_vc1.1_XM_032383677.2	M00395_2.00
Nvec_vc1.1_XM_032383677.2	M00398_2.00
Nvec_vc1.1_XM_032383677.2	M00400_2.00
Nvec_vc1.1_XM_032383677.2	M00401_2.00
Nvec_vc1.1_XM_032383677.2	M00402_2.00
Nvec_vc1.1_XM_032383677.2	M00403_2.00
Nvec_vc1.1_XM_032383677.2	M00409_2.00
Nvec_vc1.1_XM_032383677.2	M00413_2.00
Nvec_vc1.1_XM_032383677.2	M00414_2.00
Nvec_vc1.1_XM_032383677.2	M00417_2.00
Nvec_vc1.1_XM_032383677.2	M00422_2.00
Nvec_vc1.1_XM_032383677.2	M00423_2.00
Nvec_vc1.1_XM_032383677.2	M00426_2.00
Nvec_vc1.1_XM_032383677.2	M00429_2.00
Nvec_vc1.1_XM_032383677.2	M00439_2.00
Nvec_vc1.1_XM_032383677.2	M00442_2.00
Nvec_vc1.1_XM_032383677.2	M00443_2.00
Nvec_vc1.1_XM_032383677.2	M00446_2.00
Nvec_vc1.1_XM_032383677.2	M00448_2.00
Nvec_vc1.1_XM_032383677.2	M00449_2.00
Nvec_vc1.1_XM_032383677.2	M00450_2.00
Nvec_vc1.1_XM_032383677.2	M00452_2.00
Nvec_vc1.1_XM_032383677.2	M00457_2.00
Nvec_vc1.1_XM_032383677.2	M00459_2.00
Nvec_vc1.1_XM_032383677.2	M00460_2.00
Nvec_vc1.1_XM_032383677.2	M00462_2.00
Nvec_vc1.1_XM_032383677.2	M00464_2.00
Nvec_vc1.1_XM_032383677.2	M00467_2.00
Nvec_vc1.1_XM_032383677.2	M00469_2.00
Nvec_vc1.1_XM_032383677.2	M00471_2.00
Nvec_vc1.1_XM_032383677.2	M00472_2.00
Nvec_vc1.1_XM_032383677.2	M00476_2.00
Nvec_vc1.1_XM_032383677.2	M00477_2.00
Nvec_vc1.1_XM_032383677.2	M00478_2.00
Nvec_vc1.1_XM_032383677.2	M00479_2.00
Nvec_vc1.1_XM_032383677.2	M00480_2.00
Nvec_vc1.1_XM_032383677.2	M00481_2.00
Nvec_vc1.1_XM_032383677.2	M00484_2.00
Nvec_vc1.1_XM_032383677.2	M00487_2.00
Nvec_vc1.1_XM_032383677.2	M00491_2.00
Nvec_vc1.1_XM_032383677.2	M00492_2.00
Nvec_vc1.1_XM_032383677.2	M00494_2.00
Nvec_vc1.1_XM_032383677.2	M00495_2.00
Nvec_vc1.1_XM_032383677.2	M00498_2.00
Nvec_vc1.1_XM_032383677.2	M00501_2.00
Nvec_vc1.1_XM_032383677.2	M00503_2.00
Nvec_vc1.1_XM_032383677.2	M00504_2.00
Nvec_vc1.1_XM_032383677.2	M00507_2.00
Nvec_vc1.1_XM_032383677.2	M00516_2.00
Nvec_vc1.1_XM_032383677.2	M00517_2.00
Nvec_vc1.1_XM_032383677.2	M00519_2.00
Nvec_vc1.1_XM_032383677.2	M00524_2.00
Nvec_vc1.1_XM_032383677.2	M00525_2.00
Nvec_vc1.1_XM_032383677.2	M00526_2.00
Nvec_vc1.1_XM_032383677.2	M00530_2.00
Nvec_vc1.1_XM_032383677.2	M00531_2.00
Nvec_vc1.1_XM_032383677.2	M00532_2.00
Nvec_vc1.1_XM_032383677.2	M00537_2.00
Nvec_vc1.1_XM_032383677.2	M00555_2.00
Nvec_vc1.1_XM_032383677.2	M00556_2.00
Nvec_vc1.1_XM_032383677.2	M00557_2.00
Nvec_vc1.1_XM_032383677.2	M00678_2.00
Nvec_vc1.1_XM_032383677.2	M01240_2.00
Nvec_vc1.1_XM_032383677.2	M02078_2.00
Nvec_vc1.1_XM_032383677.2	M02079_2.00
Nvec_vc1.1_XM_032383677.2	M02083_2.00
Nvec_vc1.1_XM_032383677.2	M02084_2.00
Nvec_vc1.1_XM_032383677.2	M02087_2.00
Nvec_vc1.1_XM_032383677.2	M02088_2.00
Nvec_vc1.1_XM_032383677.2	M02091_2.00
Nvec_vc1.1_XM_032383677.2	M02095_2.00
Nvec_vc1.1_XM_032383677.2	M02097_2.00
Nvec_vc1.1_XM_032383677.2	M02098_2.00
Nvec_vc1.1_XM_032383677.2	M02101_2.00
Nvec_vc1.1_XM_032383677.2	M02106_2.00
Nvec_vc1.1_XM_032383677.2	M02107_2.00
Nvec_vc1.1_XM_032383677.2	M02108_2.00
Nvec_vc1.1_XM_032383677.2	M02111_2.00
Nvec_vc1.1_XM_032383677.2	M02112_2.00
Nvec_vc1.1_XM_032383677.2	M02113_2.00
Nvec_vc1.1_XM_032383677.2	M02114_2.00
Nvec_vc1.1_XM_032383677.2	M02115_2.00
Nvec_vc1.1_XM_032383677.2	M02118_2.00
Nvec_vc1.1_XM_032383677.2	M02130_2.00
Nvec_vc1.1_XM_032383677.2	M02140_2.00
Nvec_vc1.1_XM_032383677.2	M02150_2.00
Nvec_vc1.1_XM_032383677.2	M02152_2.00
Nvec_vc1.1_XM_032383677.2	M02154_2.00
Nvec_vc1.1_XM_032383677.2	M02166_2.00
Nvec_vc1.1_XM_032383677.2	M02175_2.00
Nvec_vc1.1_XM_032383677.2	M02179_2.00
Nvec_vc1.1_XM_032383677.2	M02186_2.00
Nvec_vc1.1_XM_032383677.2	M02199_2.00
Nvec_vc1.1_XM_032383677.2	M02205_2.00
Nvec_vc1.1_XM_032383677.2	M02215_2.00
Nvec_vc1.1_XM_032383677.2	M02221_2.00
Nvec_vc1.1_XM_032383677.2	M02232_2.00
Nvec_vc1.1_XM_032383677.2	M02234_2.00
Nvec_vc1.1_XM_032383677.2	M02688_2.00
Nvec_vc1.1_XM_032383677.2	M03076_2.00
Nvec_vc1.1_XM_032383677.2	M03077_2.00
Nvec_vc1.1_XM_032383677.2	M03078_2.00
Nvec_vc1.1_XM_032383677.2	M03079_2.00
Nvec_vc1.1_XM_032383677.2	M03081_2.00
Nvec_vc1.1_XM_032383677.2	M03095_2.00
Nvec_vc1.1_XM_032383677.2	M03096_2.00
Nvec_vc1.1_XM_032383677.2	M03097_2.00
Nvec_vc1.1_XM_032383677.2	M03102_2.00
Nvec_vc1.1_XM_032383677.2	M03103_2.00
Nvec_vc1.1_XM_032383677.2	M03104_2.00
Nvec_vc1.1_XM_032383677.2	M03105_2.00
Nvec_vc1.1_XM_032383677.2	M03112_2.00
Nvec_vc1.1_XM_032383677.2	M03113_2.00
Nvec_vc1.1_XM_032383677.2	M03114_2.00
Nvec_vc1.1_XM_032383677.2	M03118_2.00
Nvec_vc1.1_XM_032383677.2	M03119_2.00
Nvec_vc1.1_XM_032383677.2	M03124_2.00
Nvec_vc1.1_XM_032383677.2	M03125_2.00
Nvec_vc1.1_XM_032383677.2	M03126_2.00
Nvec_vc1.1_XM_032383677.2	M03127_2.00
Nvec_vc1.1_XM_032383677.2	M03128_2.00
Nvec_vc1.1_XM_032383677.2	M03137_2.00
Nvec_vc1.1_XM_032383677.2	M03138_2.00
Nvec_vc1.1_XM_032383677.2	M03143_2.00
Nvec_vc1.1_XM_032383677.2	M03144_2.00
Nvec_vc1.1_XM_032383677.2	M03145_2.00
Nvec_vc1.1_XM_032383677.2	M03149_2.00
Nvec_vc1.1_XM_032383677.2	M03151_2.00
Nvec_vc1.1_XM_032383677.2	M03152_2.00
Nvec_vc1.1_XM_032383677.2	M03155_2.00
Nvec_vc1.1_XM_032383677.2	M03156_2.00
Nvec_vc1.1_XM_032383677.2	M03157_2.00
Nvec_vc1.1_XM_032383677.2	M03158_2.00
Nvec_vc1.1_XM_032383677.2	M03159_2.00
Nvec_vc1.1_XM_032383677.2	M03160_2.00
Nvec_vc1.1_XM_032383677.2	M03161_2.00
Nvec_vc1.1_XM_032383677.2	M03162_2.00
Nvec_vc1.1_XM_032383677.2	M03166_2.00
Nvec_vc1.1_XM_032383677.2	M03169_2.00
Nvec_vc1.1_XM_032383677.2	M03170_2.00
Nvec_vc1.1_XM_032383677.2	M03172_2.00
Nvec_vc1.1_XM_032383677.2	M03173_2.00
Nvec_vc1.1_XM_032383677.2	M03174_2.00
Nvec_vc1.1_XM_032383677.2	M03180_2.00
Nvec_vc1.1_XM_032383677.2	M03181_2.00
Nvec_vc1.1_XM_032383677.2	M03182_2.00
Nvec_vc1.1_XM_032383677.2	M03183_2.00
Nvec_vc1.1_XM_032383677.2	M03184_2.00
Nvec_vc1.1_XM_032383677.2	M03185_2.00
Nvec_vc1.1_XM_032383677.2	M03186_2.00
Nvec_vc1.1_XM_032383677.2	M03189_2.00
Nvec_vc1.1_XM_032383677.2	M03190_2.00
Nvec_vc1.1_XM_032383677.2	M03191_2.00
Nvec_vc1.1_XM_032383677.2	M03192_2.00
Nvec_vc1.1_XM_032383677.2	M03193_2.00
Nvec_vc1.1_XM_032383677.2	M03194_2.00
Nvec_vc1.1_XM_032383677.2	M03199_2.00
Nvec_vc1.1_XM_032383677.2	M03201_2.00
Nvec_vc1.1_XM_032383677.2	M03202_2.00
Nvec_vc1.1_XM_032383677.2	M03203_2.00
Nvec_vc1.1_XM_032383677.2	M03204_2.00
Nvec_vc1.1_XM_032383677.2	M03205_2.00
Nvec_vc1.1_XM_032383677.2	M03210_2.00
Nvec_vc1.1_XM_032383677.2	M03211_2.00
Nvec_vc1.1_XM_032383677.2	M03213_2.00
Nvec_vc1.1_XM_032383677.2	M03214_2.00
Nvec_vc1.1_XM_032383677.2	M03215_2.00
Nvec_vc1.1_XM_032383677.2	M03216_2.00
Nvec_vc1.1_XM_032383677.2	M03217_2.00
Nvec_vc1.1_XM_032383677.2	M03218_2.00
Nvec_vc1.1_XM_032383677.2	M03219_2.00
Nvec_vc1.1_XM_032383677.2	M03220_2.00
Nvec_vc1.1_XM_032383677.2	M03221_2.00
Nvec_vc1.1_XM_032383677.2	M03226_2.00
Nvec_vc1.1_XM_032383677.2	M03227_2.00
Nvec_vc1.1_XM_032383677.2	M03231_2.00
Nvec_vc1.1_XM_032383677.2	M03232_2.00
Nvec_vc1.1_XM_032383677.2	M03233_2.00
Nvec_vc1.1_XM_032383677.2	M03234_2.00
Nvec_vc1.1_XM_032383677.2	M03235_2.00
Nvec_vc1.1_XM_032383677.2	M03241_2.00
Nvec_vc1.1_XM_032383677.2	M03243_2.00
Nvec_vc1.1_XM_032383677.2	M03251_2.00
Nvec_vc1.1_XM_032383677.2	M03254_2.00
Nvec_vc1.1_XM_032383677.2	M03255_2.00
Nvec_vc1.1_XM_032383677.2	M03256_2.00
Nvec_vc1.1_XM_032383677.2	M03263_2.00
Nvec_vc1.1_XM_032383677.2	M03264_2.00
Nvec_vc1.1_XM_032383677.2	M03265_2.00
Nvec_vc1.1_XM_032383677.2	M03267_2.00
Nvec_vc1.1_XM_032383677.2	M03268_2.00
Nvec_vc1.1_XM_032383677.2	M03269_2.00
Nvec_vc1.1_XM_032383677.2	M03271_2.00
Nvec_vc1.1_XM_032383677.2	M03272_2.00
Nvec_vc1.1_XM_032383677.2	M03273_2.00
Nvec_vc1.1_XM_032383677.2	M03276_2.00
Nvec_vc1.1_XM_032383677.2	M03278_2.00
Nvec_vc1.1_XM_032383677.2	M03281_2.00
Nvec_vc1.1_XM_032383677.2	M03286_2.00
Nvec_vc1.1_XM_032383677.2	M03287_2.00
Nvec_vc1.1_XM_032383677.2	M03776_2.00
Nvec_vc1.1_XM_032383677.2	M03777_2.00
Nvec_vc1.1_XM_032383677.2	M03778_2.00
Nvec_vc1.1_XM_032383677.2	M03784_2.00
Nvec_vc1.1_XM_032383677.2	M03785_2.00
Nvec_vc1.1_XM_032383677.2	M03786_2.00
Nvec_vc1.1_XM_032383677.2	M03787_2.00
Nvec_vc1.1_XM_032383677.2	M03788_2.00
Nvec_vc1.1_XM_032383677.2	M03789_2.00
Nvec_vc1.1_XM_032383677.2	M03790_2.00
Nvec_vc1.1_XM_032383677.2	M03791_2.00
Nvec_vc1.1_XM_032383677.2	M03792_2.00
Nvec_vc1.1_XM_032383677.2	M03793_2.00
Nvec_vc1.1_XM_032383677.2	M03794_2.00
Nvec_vc1.1_XM_032383677.2	M03795_2.00
Nvec_vc1.1_XM_032383677.2	M03797_2.00
Nvec_vc1.1_XM_032383677.2	M03798_2.00
Nvec_vc1.1_XM_032383677.2	M03799_2.00
Nvec_vc1.1_XM_032383677.2	M03805_2.00
Nvec_vc1.1_XM_032383677.2	M03806_2.00
Nvec_vc1.1_XM_032383677.2	M03807_2.00
Nvec_vc1.1_XM_032383677.2	M03813_2.00
Nvec_vc1.1_XM_032383677.2	M03814_2.00
Nvec_vc1.1_XM_032383677.2	M03826_2.00
Nvec_vc1.1_XM_032383677.2	M03827_2.00
Nvec_vc1.1_XM_032383677.2	M03828_2.00
Nvec_vc1.1_XM_032383677.2	M03832_2.00
Nvec_vc1.1_XM_032383677.2	M03833_2.00
Nvec_vc1.1_XM_032383677.2	M03834_2.00
Nvec_vc1.1_XM_032383677.2	M03835_2.00
Nvec_vc1.1_XM_032383677.2	M03836_2.00
Nvec_vc1.1_XM_032383677.2	M03840_2.00
Nvec_vc1.1_XM_032383677.2	M03841_2.00
Nvec_vc1.1_XM_032383677.2	M03845_2.00
Nvec_vc1.1_XM_032383677.2	M03846_2.00
Nvec_vc1.1_XM_032383677.2	M03847_2.00
Nvec_vc1.1_XM_032383677.2	M03848_2.00
Nvec_vc1.1_XM_032383677.2	M03849_2.00
Nvec_vc1.1_XM_032383677.2	M03851_2.00
Nvec_vc1.1_XM_032383677.2	M03852_2.00
Nvec_vc1.1_XM_032383677.2	M03855_2.00
Nvec_vc1.1_XM_032383677.2	M03856_2.00
Nvec_vc1.1_XM_032383677.2	M03857_2.00
Nvec_vc1.1_XM_032383677.2	M03858_2.00
Nvec_vc1.1_XM_032383677.2	M03863_2.00
Nvec_vc1.1_XM_032383677.2	M03864_2.00
Nvec_vc1.1_XM_032383677.2	M03871_2.00
Nvec_vc1.1_XM_032383677.2	M03872_2.00
Nvec_vc1.1_XM_032383677.2	M03874_2.00
Nvec_vc1.1_XM_032383677.2	M03875_2.00
Nvec_vc1.1_XM_032383677.2	M03876_2.00
Nvec_vc1.1_XM_032383677.2	M03877_2.00
Nvec_vc1.1_XM_032383677.2	M03878_2.00
Nvec_vc1.1_XM_032383677.2	M03880_2.00
Nvec_vc1.1_XM_032383677.2	M03881_2.00
Nvec_vc1.1_XM_032383677.2	M03882_2.00
Nvec_vc1.1_XM_032383677.2	M04895_2.00
Nvec_vc1.1_XM_032383677.2	M04896_2.00
Nvec_vc1.1_XM_032383677.2	M04901_2.00
Nvec_vc1.1_XM_032383677.2	M04902_2.00
Nvec_vc1.1_XM_032383677.2	M04903_2.00
Nvec_vc1.1_XM_032383677.2	M04904_2.00
Nvec_vc1.1_XM_032383677.2	M04905_2.00
Nvec_vc1.1_XM_032383677.2	M04906_2.00
Nvec_vc1.1_XM_032383677.2	M04907_2.00
Nvec_vc1.1_XM_032383677.2	M04915_2.00
Nvec_vc1.1_XM_032383677.2	M04916_2.00
Nvec_vc1.1_XM_032383677.2	M04917_2.00
Nvec_vc1.1_XM_032383677.2	M04918_2.00
Nvec_vc1.1_XM_032383677.2	M04919_2.00
Nvec_vc1.1_XM_032383677.2	M04922_2.00
Nvec_vc1.1_XM_032383677.2	M04923_2.00
Nvec_vc1.1_XM_032383677.2	M04924_2.00
Nvec_vc1.1_XM_032383677.2	M04925_2.00
Nvec_vc1.1_XM_032383677.2	M04926_2.00
Nvec_vc1.1_XM_032383677.2	M04927_2.00
Nvec_vc1.1_XM_032383677.2	M04953_2.00
Nvec_vc1.1_XM_032383677.2	M04954_2.00
Nvec_vc1.1_XM_032383677.2	M04955_2.00
Nvec_vc1.1_XM_032383677.2	M04956_2.00
Nvec_vc1.1_XM_032383677.2	M04957_2.00
Nvec_vc1.1_XM_032383677.2	M04958_2.00
Nvec_vc1.1_XM_032383677.2	M04959_2.00
Nvec_vc1.1_XM_032383677.2	M04960_2.00
Nvec_vc1.1_XM_032383677.2	M04961_2.00
Nvec_vc1.1_XM_032383677.2	M04962_2.00
Nvec_vc1.1_XM_032383677.2	M04963_2.00
Nvec_vc1.1_XM_032383677.2	M04964_2.00
Nvec_vc1.1_XM_032383677.2	M04965_2.00
Nvec_vc1.1_XM_032383677.2	M04966_2.00
Nvec_vc1.1_XM_032383677.2	M04967_2.00
Nvec_vc1.1_XM_032383677.2	M04968_2.00
Nvec_vc1.1_XM_032383677.2	M04969_2.00
Nvec_vc1.1_XM_032383677.2	M04970_2.00
Nvec_vc1.1_XM_032383677.2	M04971_2.00
Nvec_vc1.1_XM_032383677.2	M04972_2.00
Nvec_vc1.1_XM_032383677.2	M04973_2.00
Nvec_vc1.1_XM_032383677.2	M04974_2.00
Nvec_vc1.1_XM_032383677.2	M04975_2.00
Nvec_vc1.1_XM_032383677.2	M04976_2.00
Nvec_vc1.1_XM_032383677.2	M04985_2.00
Nvec_vc1.1_XM_032383677.2	M04986_2.00
Nvec_vc1.1_XM_032383677.2	M04987_2.00
Nvec_vc1.1_XM_032383677.2	M04988_2.00
Nvec_vc1.1_XM_032383677.2	M04989_2.00
Nvec_vc1.1_XM_032383677.2	M04990_2.00
Nvec_vc1.1_XM_032383677.2	M04991_2.00
Nvec_vc1.1_XM_032383677.2	M04999_2.00
Nvec_vc1.1_XM_032383677.2	M05000_2.00
Nvec_vc1.1_XM_032383677.2	M05001_2.00
Nvec_vc1.1_XM_032383677.2	M05002_2.00
Nvec_vc1.1_XM_032383677.2	M05003_2.00
Nvec_vc1.1_XM_032383677.2	M05004_2.00
Nvec_vc1.1_XM_032383677.2	M05005_2.00
Nvec_vc1.1_XM_032383677.2	M05006_2.00
Nvec_vc1.1_XM_032383677.2	M05007_2.00
Nvec_vc1.1_XM_032383677.2	M05008_2.00
Nvec_vc1.1_XM_032383677.2	M05009_2.00
Nvec_vc1.1_XM_032383677.2	M05010_2.00
Nvec_vc1.1_XM_032383677.2	M05011_2.00
Nvec_vc1.1_XM_032383677.2	M05015_2.00
Nvec_vc1.1_XM_032383677.2	M05016_2.00
Nvec_vc1.1_XM_032383677.2	M05017_2.00
Nvec_vc1.1_XM_032383677.2	M05020_2.00
Nvec_vc1.1_XM_032383677.2	M05021_2.00
Nvec_vc1.1_XM_032383677.2	M05026_2.00
Nvec_vc1.1_XM_032383677.2	M05027_2.00
Nvec_vc1.1_XM_032383677.2	M05028_2.00
Nvec_vc1.1_XM_032383677.2	M05029_2.00
Nvec_vc1.1_XM_032383677.2	M05030_2.00
Nvec_vc1.1_XM_032383677.2	M05031_2.00
Nvec_vc1.1_XM_032383677.2	M05036_2.00
Nvec_vc1.1_XM_032383677.2	M05037_2.00
Nvec_vc1.1_XM_032383677.2	M05038_2.00
Nvec_vc1.1_XM_032383677.2	M05039_2.00
Nvec_vc1.1_XM_032383677.2	M05040_2.00
Nvec_vc1.1_XM_032383677.2	M05041_2.00
Nvec_vc1.1_XM_032383677.2	M05048_2.00
Nvec_vc1.1_XM_032383677.2	M05049_2.00
Nvec_vc1.1_XM_032383677.2	M05050_2.00
Nvec_vc1.1_XM_032383677.2	M05051_2.00
Nvec_vc1.1_XM_032383677.2	M05052_2.00
Nvec_vc1.1_XM_032383677.2	M05053_2.00
Nvec_vc1.1_XM_032383677.2	M05054_2.00
Nvec_vc1.1_XM_032383677.2	M05055_2.00
Nvec_vc1.1_XM_032383677.2	M05056_2.00
Nvec_vc1.1_XM_032383677.2	M05057_2.00
Nvec_vc1.1_XM_032383677.2	M05058_2.00
Nvec_vc1.1_XM_032383677.2	M05059_2.00
Nvec_vc1.1_XM_032383677.2	M05060_2.00
Nvec_vc1.1_XM_032383677.2	M05061_2.00
Nvec_vc1.1_XM_032383677.2	M05062_2.00
Nvec_vc1.1_XM_032383677.2	M05069_2.00
Nvec_vc1.1_XM_032383677.2	M05070_2.00
Nvec_vc1.1_XM_032383677.2	M05071_2.00
Nvec_vc1.1_XM_032383677.2	M05087_2.00
Nvec_vc1.1_XM_032383677.2	M05088_2.00
Nvec_vc1.1_XM_032383677.2	M05089_2.00
Nvec_vc1.1_XM_032383677.2	M05090_2.00
Nvec_vc1.1_XM_032383677.2	M05098_2.00
Nvec_vc1.1_XM_032383677.2	M05099_2.00
Nvec_vc1.1_XM_032383677.2	M05100_2.00
Nvec_vc1.1_XM_032383677.2	M05101_2.00
Nvec_vc1.1_XM_032383677.2	M05102_2.00
Nvec_vc1.1_XM_032383677.2	M05103_2.00
Nvec_vc1.1_XM_032383677.2	M05126_2.00
Nvec_vc1.1_XM_032383677.2	M05127_2.00
Nvec_vc1.1_XM_032383677.2	M05128_2.00
Nvec_vc1.1_XM_032383677.2	M05142_2.00
Nvec_vc1.1_XM_032383677.2	M05143_2.00
Nvec_vc1.1_XM_032383677.2	M05144_2.00
Nvec_vc1.1_XM_032383677.2	M05145_2.00
Nvec_vc1.1_XM_032383677.2	M05146_2.00
Nvec_vc1.1_XM_032383677.2	M05147_2.00
Nvec_vc1.1_XM_032383677.2	M05148_2.00
Nvec_vc1.1_XM_032383677.2	M05161_2.00
Nvec_vc1.1_XM_032383677.2	M05162_2.00
Nvec_vc1.1_XM_032383677.2	M05163_2.00
Nvec_vc1.1_XM_032383677.2	M05164_2.00
Nvec_vc1.1_XM_032383677.2	M05165_2.00
Nvec_vc1.1_XM_032383677.2	M05166_2.00
Nvec_vc1.1_XM_032383677.2	M05167_2.00
Nvec_vc1.1_XM_032383677.2	M05168_2.00
Nvec_vc1.1_XM_032383677.2	M05169_2.00
Nvec_vc1.1_XM_032383677.2	M05176_2.00
Nvec_vc1.1_XM_032383677.2	M05177_2.00
Nvec_vc1.1_XM_032383677.2	M05178_2.00
Nvec_vc1.1_XM_032383677.2	M05179_2.00
Nvec_vc1.1_XM_032383677.2	M05188_2.00
Nvec_vc1.1_XM_032383677.2	M05189_2.00
Nvec_vc1.1_XM_032383677.2	M05190_2.00
Nvec_vc1.1_XM_032383677.2	M05195_2.00
Nvec_vc1.1_XM_032383677.2	M05196_2.00
Nvec_vc1.1_XM_032383677.2	M05197_2.00
Nvec_vc1.1_XM_032383677.2	M05198_2.00
Nvec_vc1.1_XM_032383677.2	M05199_2.00
Nvec_vc1.1_XM_032383677.2	M05200_2.00
Nvec_vc1.1_XM_032383677.2	M05218_2.00
Nvec_vc1.1_XM_032383677.2	M05219_2.00
Nvec_vc1.1_XM_032383677.2	M05220_2.00
Nvec_vc1.1_XM_032383677.2	M05221_2.00
Nvec_vc1.1_XM_032383677.2	M05222_2.00
Nvec_vc1.1_XM_032383677.2	M05223_2.00
Nvec_vc1.1_XM_032383677.2	M05224_2.00
Nvec_vc1.1_XM_032383677.2	M05225_2.00
Nvec_vc1.1_XM_032383677.2	M05226_2.00
Nvec_vc1.1_XM_032383677.2	M05237_2.00
Nvec_vc1.1_XM_032383677.2	M05238_2.00
Nvec_vc1.1_XM_032383677.2	M05239_2.00
Nvec_vc1.1_XM_032383677.2	M05240_2.00
Nvec_vc1.1_XM_032383677.2	M05241_2.00
Nvec_vc1.1_XM_032383677.2	M05244_2.00
Nvec_vc1.1_XM_032383677.2	M05245_2.00
Nvec_vc1.1_XM_032383677.2	M05253_2.00
Nvec_vc1.1_XM_032383677.2	M05254_2.00
Nvec_vc1.1_XM_032383677.2	M05265_2.00
Nvec_vc1.1_XM_032383677.2	M05266_2.00
Nvec_vc1.1_XM_032383677.2	M05267_2.00
Nvec_vc1.1_XM_032383677.2	M05268_2.00
Nvec_vc1.1_XM_032383677.2	M05269_2.00
Nvec_vc1.1_XM_032383677.2	M05270_2.00
Nvec_vc1.1_XM_032383677.2	M05271_2.00
Nvec_vc1.1_XM_032383677.2	M05272_2.00
Nvec_vc1.1_XM_032383677.2	M05273_2.00
Nvec_vc1.1_XM_032383677.2	M05274_2.00
Nvec_vc1.1_XM_032383677.2	M05275_2.00
Nvec_vc1.1_XM_032383677.2	M05276_2.00
Nvec_vc1.1_XM_032383677.2	M05277_2.00
Nvec_vc1.1_XM_032383677.2	M05278_2.00
Nvec_vc1.1_XM_032383677.2	M05281_2.00
Nvec_vc1.1_XM_032383677.2	M05282_2.00
Nvec_vc1.1_XM_032383677.2	M05292_2.00
Nvec_vc1.1_XM_032383677.2	M05293_2.00
Nvec_vc1.1_XM_032383677.2	M05294_2.00
Nvec_vc1.1_XM_032383677.2	M05295_2.00
Nvec_vc1.1_XM_032383677.2	M05296_2.00
Nvec_vc1.1_XM_032383677.2	M05297_2.00
Nvec_vc1.1_XM_032383677.2	M05298_2.00
Nvec_vc1.1_XM_032383677.2	M05299_2.00
Nvec_vc1.1_XM_032383677.2	M05300_2.00
Nvec_vc1.1_XM_032383677.2	M05301_2.00
Nvec_vc1.1_XM_032383677.2	M05302_2.00
Nvec_vc1.1_XM_032383677.2	M05303_2.00
Nvec_vc1.1_XM_032383677.2	M05304_2.00
Nvec_vc1.1_XM_032383677.2	M05305_2.00
Nvec_vc1.1_XM_032383677.2	M05306_2.00
Nvec_vc1.1_XM_032383677.2	M05307_2.00
Nvec_vc1.1_XM_032383677.2	M05308_2.00
Nvec_vc1.1_XM_032383677.2	M05309_2.00
Nvec_vc1.1_XM_032383677.2	M05310_2.00
Nvec_vc1.1_XM_032383677.2	M05311_2.00
Nvec_vc1.1_XM_032383677.2	M05312_2.00
Nvec_vc1.1_XM_032383677.2	M05327_2.00
Nvec_vc1.1_XM_032383677.2	M05328_2.00
Nvec_vc1.1_XM_032383677.2	M05329_2.00
Nvec_vc1.1_XM_032383677.2	M05330_2.00
Nvec_vc1.1_XM_032383677.2	M05343_2.00
Nvec_vc1.1_XM_032383677.2	M05344_2.00
Nvec_vc1.1_XM_032383677.2	M05345_2.00
Nvec_vc1.1_XM_032383677.2	M05359_2.00
Nvec_vc1.1_XM_032383677.2	M05360_2.00
Nvec_vc1.1_XM_032383677.2	M05361_2.00
Nvec_vc1.1_XM_032383677.2	M05366_2.00
Nvec_vc1.1_XM_032383677.2	M05367_2.00
Nvec_vc1.1_XM_032383677.2	M05368_2.00
Nvec_vc1.1_XM_032383677.2	M05373_2.00
Nvec_vc1.1_XM_032383677.2	M05374_2.00
Nvec_vc1.1_XM_032383677.2	M05375_2.00
Nvec_vc1.1_XM_032383677.2	M05376_2.00
Nvec_vc1.1_XM_032383677.2	M05377_2.00
Nvec_vc1.1_XM_032383677.2	M05378_2.00
Nvec_vc1.1_XM_032383677.2	M05379_2.00
Nvec_vc1.1_XM_032383677.2	M05380_2.00
Nvec_vc1.1_XM_032383677.2	M05381_2.00
Nvec_vc1.1_XM_032383677.2	M05382_2.00
Nvec_vc1.1_XM_032383677.2	M05385_2.00
Nvec_vc1.1_XM_032383677.2	M05386_2.00
Nvec_vc1.1_XM_032383677.2	M05387_2.00
Nvec_vc1.1_XM_032383677.2	M05390_2.00
Nvec_vc1.1_XM_032383677.2	M05391_2.00
Nvec_vc1.1_XM_032383677.2	M05392_2.00
Nvec_vc1.1_XM_032383677.2	M05393_2.00
Nvec_vc1.1_XM_032383677.2	M05404_2.00
Nvec_vc1.1_XM_032383677.2	M05405_2.00
Nvec_vc1.1_XM_032383677.2	M05406_2.00
Nvec_vc1.1_XM_032383677.2	M05407_2.00
Nvec_vc1.1_XM_032383677.2	M05408_2.00
Nvec_vc1.1_XM_032383677.2	M05409_2.00
Nvec_vc1.1_XM_032383663.2	M02142_2.00
Nvec_vc1.1_XM_001634199.3	M03087_2.00
Nvec_vc1.1_XM_001634199.3	M03088_2.00
Nvec_vc1.1_XM_001634199.3	M03168_2.00
Nvec_vc1.1_XM_001634199.3	M04941_2.00
Nvec_vc1.1_XM_001634199.3	M04942_2.00
Nvec_vc1.1_XM_001634199.3	M04943_2.00
Nvec_vc1.1_XM_001634199.3	M04944_2.00
Nvec_vc1.1_XM_001634199.3	M04945_2.00
Nvec_vc1.1_XM_001634199.3	M04946_2.00
Nvec_vc1.1_XM_001634199.3	M05182_2.00
Nvec_vc1.1_XM_001634199.3	M05183_2.00
Nvec_vc1.1_XM_032383693.2	M00279_2.00
Nvec_vc1.1_XM_032383693.2	M00291_2.00
Nvec_vc1.1_XM_032383693.2	M00306_2.00
Nvec_vc1.1_XM_032383693.2	M00307_2.00
Nvec_vc1.1_XM_032383693.2	M00308_2.00
Nvec_vc1.1_XM_032383693.2	M00309_2.00
Nvec_vc1.1_XM_032383693.2	M00405_2.00
Nvec_vc1.1_XM_032383693.2	M00430_2.00
Nvec_vc1.1_XM_032383693.2	M00431_2.00
Nvec_vc1.1_XM_032383693.2	M00433_2.00
Nvec_vc1.1_XM_032383693.2	M00435_2.00
Nvec_vc1.1_XM_032383693.2	M00436_2.00
Nvec_vc1.1_XM_032383693.2	M00445_2.00
Nvec_vc1.1_XM_032383693.2	M00486_2.00
Nvec_vc1.1_XM_032383693.2	M00508_2.00
Nvec_vc1.1_XM_032383693.2	M02033_2.00
Nvec_vc1.1_XM_032383693.2	M02063_2.00
Nvec_vc1.1_XM_032383693.2	M02075_2.00
Nvec_vc1.1_XM_032383693.2	M02116_2.00
Nvec_vc1.1_XM_032383693.2	M02129_2.00
Nvec_vc1.1_XM_032383693.2	M02162_2.00
Nvec_vc1.1_XM_032383693.2	M02170_2.00
Nvec_vc1.1_XM_032383693.2	M02187_2.00
Nvec_vc1.1_XM_032383693.2	M02200_2.00
Nvec_vc1.1_XM_032383693.2	M02212_2.00
Nvec_vc1.1_XM_032383693.2	M02233_2.00
Nvec_vc1.1_XM_032383693.2	M02687_2.00
Nvec_vc1.1_XM_032383693.2	M03120_2.00
Nvec_vc1.1_XM_032383693.2	M03121_2.00
Nvec_vc1.1_XM_032383693.2	M03122_2.00
Nvec_vc1.1_XM_032383693.2	M03135_2.00
Nvec_vc1.1_XM_032383693.2	M03136_2.00
Nvec_vc1.1_XM_032383693.2	M03200_2.00
Nvec_vc1.1_XM_032383693.2	M03257_2.00
Nvec_vc1.1_XM_032383693.2	M03258_2.00
Nvec_vc1.1_XM_032383693.2	M03259_2.00
Nvec_vc1.1_XM_032383693.2	M03260_2.00
Nvec_vc1.1_XM_032383693.2	M03277_2.00
Nvec_vc1.1_XM_032383693.2	M03796_2.00
Nvec_vc1.1_XM_032383693.2	M03810_2.00
Nvec_vc1.1_XM_032383693.2	M03811_2.00
Nvec_vc1.1_XM_032383693.2	M03829_2.00
Nvec_vc1.1_XM_032383693.2	M03830_2.00
Nvec_vc1.1_XM_032383693.2	M03853_2.00
Nvec_vc1.1_XM_032383693.2	M03865_2.00
Nvec_vc1.1_XM_032383693.2	M03866_2.00
Nvec_vc1.1_XM_032383693.2	M03867_2.00
Nvec_vc1.1_XM_032383693.2	M03868_2.00
Nvec_vc1.1_XM_032383693.2	M03879_2.00
Nvec_vc1.1_XM_032383693.2	M04936_2.00
Nvec_vc1.1_XM_032383693.2	M04937_2.00
Nvec_vc1.1_XM_032383693.2	M04938_2.00
Nvec_vc1.1_XM_032383693.2	M05063_2.00
Nvec_vc1.1_XM_032383693.2	M05064_2.00
Nvec_vc1.1_XM_032383693.2	M05065_2.00
Nvec_vc1.1_XM_032383693.2	M05066_2.00
Nvec_vc1.1_XM_032383693.2	M05067_2.00
Nvec_vc1.1_XM_032383693.2	M05068_2.00
Nvec_vc1.1_XM_032383693.2	M05083_2.00
Nvec_vc1.1_XM_032383693.2	M05084_2.00
Nvec_vc1.1_XM_032383693.2	M05085_2.00
Nvec_vc1.1_XM_032383693.2	M05086_2.00
Nvec_vc1.1_XM_032383693.2	M05091_2.00
Nvec_vc1.1_XM_032383693.2	M05092_2.00
Nvec_vc1.1_XM_032383693.2	M05093_2.00
Nvec_vc1.1_XM_032383693.2	M05258_2.00
Nvec_vc1.1_XM_032383693.2	M05259_2.00
Nvec_vc1.1_XM_032383693.2	M05260_2.00
Nvec_vc1.1_XM_032383693.2	M05261_2.00
Nvec_vc1.1_XM_032383693.2	M05262_2.00
Nvec_vc1.1_XM_032383693.2	M05263_2.00
Nvec_vc1.1_XM_032383693.2	M05264_2.00
Nvec_vc1.1_XM_032383693.2	M05410_2.00
Nvec_vc1.1_XM_032383693.2	M05411_2.00
Nvec_vc1.1_XM_001634202.3	M02206_2.00
Nvec_vc1.1_XM_032382395.2	M00399_2.00
Nvec_vc1.1_XM_032382395.2	M00407_2.00
Nvec_vc1.1_XM_032382395.2	M00437_2.00
Nvec_vc1.1_XM_032382395.2	M00468_2.00
Nvec_vc1.1_XM_032382395.2	M00488_2.00
Nvec_vc1.1_XM_032382395.2	M00500_2.00
Nvec_vc1.1_XM_032382395.2	M00521_2.00
Nvec_vc1.1_XM_032382395.2	M02185_2.00
Nvec_vc1.1_XM_032382395.2	M02740_2.00
Nvec_vc1.1_XM_032382395.2	M02741_2.00
Nvec_vc1.1_XM_032382395.2	M03123_2.00
Nvec_vc1.1_XM_032382395.2	M03147_2.00
Nvec_vc1.1_XM_032382395.2	M03148_2.00
Nvec_vc1.1_XM_032382395.2	M03165_2.00
Nvec_vc1.1_XM_032382395.2	M03171_2.00
Nvec_vc1.1_XM_032382395.2	M03178_2.00
Nvec_vc1.1_XM_032382395.2	M03195_2.00
Nvec_vc1.1_XM_032382395.2	M03223_2.00
Nvec_vc1.1_XM_032382395.2	M03261_2.00
Nvec_vc1.1_XM_032382395.2	M03262_2.00
Nvec_vc1.1_XM_032382395.2	M03270_2.00
Nvec_vc1.1_XM_032382395.2	M03279_2.00
Nvec_vc1.1_XM_032382395.2	M03280_2.00
Nvec_vc1.1_XM_032382395.2	M03859_2.00
Nvec_vc1.1_XM_032382395.2	M03860_2.00
Nvec_vc1.1_XM_032382395.2	M03861_2.00
Nvec_vc1.1_XM_032382395.2	M03862_2.00
Nvec_vc1.1_XM_032382395.2	M05032_2.00
Nvec_vc1.1_XM_032382395.2	M05033_2.00
Nvec_vc1.1_XM_032382395.2	M05034_2.00
Nvec_vc1.1_XM_032382395.2	M05035_2.00
Nvec_vc1.1_XM_032382395.2	M05138_2.00
Nvec_vc1.1_XM_032382395.2	M05139_2.00
Nvec_vc1.1_XM_032382395.2	M05140_2.00
Nvec_vc1.1_XM_032382395.2	M05141_2.00
Nvec_vc1.1_XM_032382395.2	M05191_2.00
Nvec_vc1.1_XM_032382395.2	M05192_2.00
Nvec_vc1.1_XM_032382395.2	M05193_2.00
Nvec_vc1.1_XM_032382395.2	M05194_2.00
Nvec_vc1.1_XM_032382395.2	M05206_2.00
Nvec_vc1.1_XM_032382395.2	M05207_2.00
Nvec_vc1.1_XM_032382395.2	M05208_2.00
Nvec_vc1.1_XM_032382395.2	M05209_2.00
Nvec_vc1.1_XM_032382395.2	M05246_2.00
Nvec_vc1.1_XM_032382395.2	M05247_2.00
Nvec_vc1.1_XM_032382395.2	M05313_2.00
Nvec_vc1.1_XM_032382395.2	M05314_2.00
Nvec_vc1.1_XM_032382395.2	M05317_2.00
Nvec_vc1.1_XM_032382395.2	M05318_2.00
Nvec_vc1.1_XM_001632929.3	M02143_2.00
Nvec_vc1.1_XM_001631673.3	M00380_2.00
Nvec_vc1.1_XM_001631673.3	M00406_2.00
Nvec_vc1.1_XM_001631673.3	M00671_2.00
Nvec_vc1.1_XM_001631673.3	M02085_2.00
Nvec_vc1.1_XM_001631673.3	M03106_2.00
Nvec_vc1.1_XM_001631673.3	M03107_2.00
Nvec_vc1.1_XM_001631673.3	M03163_2.00
Nvec_vc1.1_XM_001631673.3	M03164_2.00
Nvec_vc1.1_XM_001631673.3	M05170_2.00
Nvec_vc1.1_XM_001631673.3	M05171_2.00
Nvec_vc1.1_XM_001631673.3	M05172_2.00
Nvec_vc1.1_XM_001631673.3	M05173_2.00
Nvec_vc1.1_XM_001631673.3	M05174_2.00
Nvec_vc1.1_XM_001631673.3	M05175_2.00
Nvec_vc1.1_XM_001631375.3	M00263_2.00
Nvec_vc1.1_XM_001631375.3	M00265_2.00
Nvec_vc1.1_XM_001631375.3	M00432_2.00
Nvec_vc1.1_XM_001631375.3	M00434_2.00
Nvec_vc1.1_XM_001631375.3	M00482_2.00
Nvec_vc1.1_XM_001631375.3	M00534_2.00
Nvec_vc1.1_XM_001631375.3	M00539_2.00
Nvec_vc1.1_XM_001631375.3	M00561_2.00
Nvec_vc1.1_XM_001631375.3	M01850_2.00
Nvec_vc1.1_XM_001631375.3	M02077_2.00
Nvec_vc1.1_XM_001631375.3	M02086_2.00
Nvec_vc1.1_XM_001631375.3	M02089_2.00
Nvec_vc1.1_XM_001631375.3	M02090_2.00
Nvec_vc1.1_XM_001631375.3	M02109_2.00
Nvec_vc1.1_XM_001631375.3	M02121_2.00
Nvec_vc1.1_XM_001631375.3	M02148_2.00
Nvec_vc1.1_XM_001631375.3	M02169_2.00
Nvec_vc1.1_XM_001631375.3	M02182_2.00
Nvec_vc1.1_XM_001631375.3	M02188_2.00
Nvec_vc1.1_XM_001631375.3	M02228_2.00
Nvec_vc1.1_XM_001631375.3	M02230_2.00
Nvec_vc1.1_XM_001631375.3	M02231_2.00
Nvec_vc1.1_XM_001631375.3	M03108_2.00
Nvec_vc1.1_XM_001631375.3	M03109_2.00
Nvec_vc1.1_XM_001631375.3	M03110_2.00
Nvec_vc1.1_XM_001631375.3	M03153_2.00
Nvec_vc1.1_XM_001631375.3	M03154_2.00
Nvec_vc1.1_XM_001631375.3	M03179_2.00
Nvec_vc1.1_XM_001631375.3	M03288_2.00
Nvec_vc1.1_XM_001631375.3	M03289_2.00
Nvec_vc1.1_XM_001631375.3	M03290_2.00
Nvec_vc1.1_XM_001631375.3	M03815_2.00
Nvec_vc1.1_XM_001631375.3	M03816_2.00
Nvec_vc1.1_XM_001631375.3	M03822_2.00
Nvec_vc1.1_XM_001631375.3	M03823_2.00
Nvec_vc1.1_XM_001631375.3	M03824_2.00
Nvec_vc1.1_XM_001631375.3	M03825_2.00
Nvec_vc1.1_XM_001631375.3	M03831_2.00
Nvec_vc1.1_XM_001631375.3	M03873_2.00
Nvec_vc1.1_XM_001631375.3	M04992_2.00
Nvec_vc1.1_XM_001631375.3	M04993_2.00
Nvec_vc1.1_XM_001631375.3	M04994_2.00
Nvec_vc1.1_XM_001631375.3	M04995_2.00
Nvec_vc1.1_XM_001631375.3	M04996_2.00
Nvec_vc1.1_XM_001631375.3	M05153_2.00
Nvec_vc1.1_XM_001631375.3	M05154_2.00
Nvec_vc1.1_XM_001631375.3	M05155_2.00
Nvec_vc1.1_XM_001631375.3	M05156_2.00
Nvec_vc1.1_XM_001631375.3	M05157_2.00
Nvec_vc1.1_XM_001631375.3	M05158_2.00
Nvec_vc1.1_XM_001631375.3	M05210_2.00
Nvec_vc1.1_XM_001631375.3	M05211_2.00
Nvec_vc1.1_XM_001631375.3	M05212_2.00
Nvec_vc1.1_XM_001631375.3	M05213_2.00
Nvec_vc1.1_XM_001631375.3	M05214_2.00
Nvec_vc1.1_XM_001631375.3	M05215_2.00
Nvec_vc1.1_XM_001631375.3	M05216_2.00
Nvec_vc1.1_XM_001631375.3	M05217_2.00
Nvec_vc1.1_XM_001630676.3	M02144_2.00
Nvec_vc1.1_XM_032379394.2	M00270_2.00
Nvec_vc1.1_XM_032379394.2	M00271_2.00
Nvec_vc1.1_XM_032379394.2	M00272_2.00
Nvec_vc1.1_XM_032379394.2	M00273_2.00
Nvec_vc1.1_XM_032379394.2	M00274_2.00
Nvec_vc1.1_XM_032379394.2	M00275_2.00
Nvec_vc1.1_XM_032379394.2	M00310_2.00
Nvec_vc1.1_XM_032379394.2	M00311_2.00
Nvec_vc1.1_XM_032379394.2	M00312_2.00
Nvec_vc1.1_XM_032379394.2	M00313_2.00
Nvec_vc1.1_XM_032379394.2	M00314_2.00
Nvec_vc1.1_XM_032379394.2	M00396_2.00
Nvec_vc1.1_XM_032379394.2	M00411_2.00
Nvec_vc1.1_XM_032379394.2	M00415_2.00
Nvec_vc1.1_XM_032379394.2	M00418_2.00
Nvec_vc1.1_XM_032379394.2	M00428_2.00
Nvec_vc1.1_XM_032379394.2	M00440_2.00
Nvec_vc1.1_XM_032379394.2	M00441_2.00
Nvec_vc1.1_XM_032379394.2	M00489_2.00
Nvec_vc1.1_XM_032379394.2	M00490_2.00
Nvec_vc1.1_XM_032379394.2	M00562_2.00
Nvec_vc1.1_XM_032379394.2	M00673_2.00
Nvec_vc1.1_XM_032379394.2	M00674_2.00
Nvec_vc1.1_XM_032379394.2	M00679_2.00
Nvec_vc1.1_XM_032379394.2	M01241_2.00
Nvec_vc1.1_XM_032379394.2	M02035_2.00
Nvec_vc1.1_XM_032379394.2	M02080_2.00
Nvec_vc1.1_XM_032379394.2	M02120_2.00
Nvec_vc1.1_XM_032379394.2	M02122_2.00
Nvec_vc1.1_XM_032379394.2	M02123_2.00
Nvec_vc1.1_XM_032379394.2	M02195_2.00
Nvec_vc1.1_XM_032379394.2	M03080_2.00
Nvec_vc1.1_XM_032379394.2	M03082_2.00
Nvec_vc1.1_XM_032379394.2	M03083_2.00
Nvec_vc1.1_XM_032379394.2	M03084_2.00
Nvec_vc1.1_XM_032379394.2	M03111_2.00
Nvec_vc1.1_XM_032379394.2	M03116_2.00
Nvec_vc1.1_XM_032379394.2	M03117_2.00
Nvec_vc1.1_XM_032379394.2	M03146_2.00
Nvec_vc1.1_XM_032379394.2	M03197_2.00
Nvec_vc1.1_XM_032379394.2	M03198_2.00
Nvec_vc1.1_XM_032379394.2	M03236_2.00
Nvec_vc1.1_XM_032379394.2	M03237_2.00
Nvec_vc1.1_XM_032379394.2	M03238_2.00
Nvec_vc1.1_XM_032379394.2	M03249_2.00
Nvec_vc1.1_XM_032379394.2	M03250_2.00
Nvec_vc1.1_XM_032379394.2	M03808_2.00
Nvec_vc1.1_XM_032379394.2	M03817_2.00
Nvec_vc1.1_XM_032379394.2	M03818_2.00
Nvec_vc1.1_XM_032379394.2	M03819_2.00
Nvec_vc1.1_XM_032379394.2	M03820_2.00
Nvec_vc1.1_XM_032379394.2	M03821_2.00
Nvec_vc1.1_XM_032379394.2	M03842_2.00
Nvec_vc1.1_XM_032379394.2	M03843_2.00
Nvec_vc1.1_XM_032379394.2	M03844_2.00
Nvec_vc1.1_XM_032379394.2	M04920_2.00
Nvec_vc1.1_XM_032379394.2	M04921_2.00
Nvec_vc1.1_XM_032379394.2	M04928_2.00
Nvec_vc1.1_XM_032379394.2	M04929_2.00
Nvec_vc1.1_XM_032379394.2	M04930_2.00
Nvec_vc1.1_XM_032379394.2	M04931_2.00
Nvec_vc1.1_XM_032379394.2	M04949_2.00
Nvec_vc1.1_XM_032379394.2	M04950_2.00
Nvec_vc1.1_XM_032379394.2	M04997_2.00
Nvec_vc1.1_XM_032379394.2	M04998_2.00
Nvec_vc1.1_XM_032379394.2	M05022_2.00
Nvec_vc1.1_XM_032379394.2	M05023_2.00
Nvec_vc1.1_XM_032379394.2	M05024_2.00
Nvec_vc1.1_XM_032379394.2	M05025_2.00
Nvec_vc1.1_XM_032379394.2	M05134_2.00
Nvec_vc1.1_XM_032379394.2	M05135_2.00
Nvec_vc1.1_XM_032379394.2	M05136_2.00
Nvec_vc1.1_XM_032379394.2	M05137_2.00
Nvec_vc1.1_XM_032379394.2	M05229_2.00
Nvec_vc1.1_XM_032379394.2	M05230_2.00
Nvec_vc1.1_XM_032379394.2	M05231_2.00
Nvec_vc1.1_XM_032379394.2	M05232_2.00
Nvec_vc1.1_XM_032379394.2	M05251_2.00
Nvec_vc1.1_XM_032379394.2	M05252_2.00
Nvec_vc1.1_XM_032379394.2	M05383_2.00
Nvec_vc1.1_XM_032379394.2	M05384_2.00
Nvec_vc1.1_XM_032379394.2	M05388_2.00
Nvec_vc1.1_XM_032379394.2	M05389_2.00
Nvec_vc1.1_XM_048724756.1	M02145_2.00
Nvec_vc1.1_XM_032363920.2	M02163_2.00
Nvec_vc1.1_XM_048724756.1	M02164_2.00
Nvec_vc1.1_XM_032377358.2	M05233_2.00
Nvec_vc1.1_XM_032377358.2	M05234_2.00
Nvec_vc1.1_XM_032377358.2	M05235_2.00
Nvec_vc1.1_XM_032377358.2	M05236_2.00
Nvec_vc1.1_XM_032377135.2	M00458_2.00
Nvec_vc1.1_XM_032377135.2	M01242_2.00
Nvec_vc1.1_XM_032377135.2	M03177_2.00
Nvec_vc1.1_XM_032377135.2	M04908_2.00
Nvec_vc1.1_XM_032377135.2	M04909_2.00
Nvec_vc1.1_XM_032377135.2	M04910_2.00
Nvec_vc1.1_XM_032377135.2	M04911_2.00
Nvec_vc1.1_XM_032377135.2	M05204_2.00
Nvec_vc1.1_XM_032377135.2	M05205_2.00
Nvec_vc1.1_XM_001628635.3	M02147_2.00
Nvec_vc1.1_XM_032375107.2	M02126_2.00
Nvec_vc1.1_XM_032375107.2	M02180_2.00
Nvec_vc1.1_XM_032374864.2	M00465_2.00
Nvec_vc1.1_XM_032374864.2	M01849_2.00
Nvec_vc1.1_XM_032374864.2	M03224_2.00
Nvec_vc1.1_XM_032374864.2	M03225_2.00
Nvec_vc1.1_XM_032374864.2	M05321_2.00
Nvec_vc1.1_XM_032374864.2	M05322_2.00
Nvec_vc1.1_XM_032374864.2	M05323_2.00
Nvec_vc1.1_XM_032374864.2	M05324_2.00
Nvec_vc1.1_XM_032374864.2	M05325_2.00
Nvec_vc1.1_XM_032374864.2	M05326_2.00
Nvec_vc1.1_XM_001626384.3	M00425_2.00
Nvec_vc1.1_XM_001626384.3	M00461_2.00
Nvec_vc1.1_XM_001626384.3	M00512_2.00
Nvec_vc1.1_XM_001626384.3	M00563_2.00
Nvec_vc1.1_XM_001626384.3	M00672_2.00
Nvec_vc1.1_XM_001626384.3	M02117_2.00
Nvec_vc1.1_XM_001626384.3	M03800_2.00
Nvec_vc1.1_XM_001626384.3	M03801_2.00
Nvec_vc1.1_XM_001626384.3	M03802_2.00
Nvec_vc1.1_XM_001626384.3	M03803_2.00
Nvec_vc1.1_XM_001626384.3	M04939_2.00
Nvec_vc1.1_XM_001626384.3	M04940_2.00
Nvec_vc1.1_XM_001626384.3	M05094_2.00
Nvec_vc1.1_XM_001626384.3	M05095_2.00
Nvec_vc1.1_XM_001626384.3	M05096_2.00
Nvec_vc1.1_XM_001626384.3	M05097_2.00
Nvec_vc1.1_XM_001626384.3	M05285_2.00
Nvec_vc1.1_XM_001626384.3	M05286_2.00
Nvec_vc1.1_XM_001626384.3	M05287_2.00
Nvec_vc1.1_XM_001626384.3	M05288_2.00
Nvec_vc1.1_XM_001625997.3	M00376_2.00
Nvec_vc1.1_XM_001625997.3	M00385_2.00
Nvec_vc1.1_XM_001625997.3	M00438_2.00
Nvec_vc1.1_XM_001625997.3	M00514_2.00
Nvec_vc1.1_XM_001625997.3	M00520_2.00
Nvec_vc1.1_XM_001625997.3	M00800_2.00
Nvec_vc1.1_XM_001625997.3	M02181_2.00
Nvec_vc1.1_XM_001625997.3	M03854_2.00
Nvec_vc1.1_XM_032373618.2	M00301_2.00
Nvec_vc1.1_XM_032373618.2	M00302_2.00
Nvec_vc1.1_XM_032373618.2	M00320_2.00
Nvec_vc1.1_XM_032373618.2	M00321_2.00
Nvec_vc1.1_XM_032373618.2	M00322_2.00
Nvec_vc1.1_XM_032373618.2	M00323_2.00
Nvec_vc1.1_XM_032373618.2	M00324_2.00
Nvec_vc1.1_XM_032373618.2	M00404_2.00
Nvec_vc1.1_XM_032373618.2	M00496_2.00
Nvec_vc1.1_XM_032373618.2	M00497_2.00
Nvec_vc1.1_XM_032373618.2	M00559_2.00
Nvec_vc1.1_XM_032373618.2	M02686_2.00
Nvec_vc1.1_XM_032373618.2	M03809_2.00
Nvec_vc1.1_XM_032373618.2	M05042_2.00
Nvec_vc1.1_XM_032373618.2	M05043_2.00
Nvec_vc1.1_XM_032373618.2	M05044_2.00
Nvec_vc1.1_XM_032373618.2	M05045_2.00
Nvec_vc1.1_XM_032373618.2	M05046_2.00
Nvec_vc1.1_XM_032373618.2	M05047_2.00
Nvec_vc1.1_XM_032373618.2	M05149_2.00
Nvec_vc1.1_XM_032373618.2	M05150_2.00
Nvec_vc1.1_XM_032373618.2	M05151_2.00
Nvec_vc1.1_XM_032373618.2	M05152_2.00
Nvec_vc1.1_XM_032373618.2	M05346_2.00
Nvec_vc1.1_XM_032373618.2	M05347_2.00
Nvec_vc1.1_XM_032373618.2	M05348_2.00
Nvec_vc1.1_XM_001625899.3	M00538_2.00
Nvec_vc1.1_XM_001625899.3	M03206_2.00
Nvec_vc1.1_XM_001625899.3	M03207_2.00
Nvec_vc1.1_XM_001625899.3	M03208_2.00
Nvec_vc1.1_XM_001625899.3	M03209_2.00
Nvec_vc1.1_XM_001625899.3	M05279_2.00
Nvec_vc1.1_XM_001625899.3	M05280_2.00
Nvec_vc1.1_XM_032372904.2	M02146_2.00
Nvec_vc1.1_XM_032372903.2	M00466_2.00
Nvec_vc1.1_XM_032372903.2	M00522_2.00
Nvec_vc1.1_XM_032372903.2	M01244_2.00
Nvec_vc1.1_XM_032372903.2	M02165_2.00
Nvec_vc1.1_XM_032372903.2	M03869_2.00
Nvec_vc1.1_XM_032372903.2	M03870_2.00
Nvec_vc1.1_XM_032372903.2	M05184_2.00
Nvec_vc1.1_XM_032372903.2	M05185_2.00
Nvec_vc1.1_XM_032372903.2	M05186_2.00
Nvec_vc1.1_XM_032372903.2	M05187_2.00
Nvec_vc1.1_XM_032372903.2	M05242_2.00
Nvec_vc1.1_XM_032372903.2	M05243_2.00
Nvec_vc1.1_XM_001625109.3	M00169_2.00
Nvec_vc1.1_XM_001625109.3	M00325_2.00
Nvec_vc1.1_XM_001625109.3	M00326_2.00
Nvec_vc1.1_XM_001625109.3	M00327_2.00
Nvec_vc1.1_XM_001625109.3	M00412_2.00
Nvec_vc1.1_XM_001625109.3	M00483_2.00
Nvec_vc1.1_XM_001625109.3	M02102_2.00
Nvec_vc1.1_XM_001625109.3	M02124_2.00
Nvec_vc1.1_XM_001625109.3	M03850_2.00
Nvec_vc1.1_XM_001625109.3	M05159_2.00
Nvec_vc1.1_XM_001625109.3	M05160_2.00
Nvec_vc1.1_XM_001625109.3	M05357_2.00
Nvec_vc1.1_XM_001625109.3	M05358_2.00
Nvec_vc1.1_XM_032371032.2	M00056_2.00
Nvec_vc1.1_XM_032371032.2	M00424_2.00
Nvec_vc1.1_XM_032371032.2	M01551_2.00
Nvec_vc1.1_XM_032371032.2	M02082_2.00
Nvec_vc1.1_XM_032371032.2	M02190_2.00
Nvec_vc1.1_XM_048728436.1	M02099_2.00
Nvec_vc1.1_XM_048728436.1	M02216_2.00
Nvec_vc1.1_XM_032379398.2	M00515_2.00
Nvec_vc1.1_XM_032379398.2	M00523_2.00
Nvec_vc1.1_XM_032379398.2	M00527_2.00
Nvec_vc1.1_XM_032379398.2	M00528_2.00
Nvec_vc1.1_XM_001641032.3	M02149_2.00
Nvec_vc1.1_XM_032365212.2	M03187_2.00
Nvec_vc1.1_XM_032365212.2	M03188_2.00
Nvec_vc1.1_XM_032365212.2	M05227_2.00
Nvec_vc1.1_XM_032365212.2	M05228_2.00
Nvec_vc1.1_XM_048724802.1	M02210_2.00
Nvec_vc1.1_XM_001632367.3	M00170_2.00
Nvec_vc1.1_XM_001632367.3	M00420_2.00
Nvec_vc1.1_XM_001632367.3	M00506_2.00
Nvec_vc1.1_XM_001632367.3	M00560_2.00
Nvec_vc1.1_XM_001632367.3	M02076_2.00
Nvec_vc1.1_XM_001632367.3	M02119_2.00
Nvec_vc1.1_XM_001632367.3	M03812_2.00
Nvec_vc1.1_XM_001632367.3	M05012_2.00
Nvec_vc1.1_XM_001632367.3	M05013_2.00
Nvec_vc1.1_XM_001632367.3	M05014_2.00
Nvec_vc1.1_XM_001632367.3	M05255_2.00
Nvec_vc1.1_XM_001632367.3	M05256_2.00
Nvec_vc1.1_XM_001632367.3	M05257_2.00
Nvec_vc1.1_XM_001632368.2	M00427_2.00
Nvec_vc1.1_XM_001632368.2	M00447_2.00
Nvec_vc1.1_XM_001632368.2	M02211_2.00
Nvec_vc1.1_XM_001632368.2	M03115_2.00
Nvec_vc1.1_XM_001632368.2	M03196_2.00
Nvec_vc1.1_XM_001632368.2	M05018_2.00
Nvec_vc1.1_XM_001632368.2	M05019_2.00
Nvec_vc1.1_XM_001632368.2	M05129_2.00
Nvec_vc1.1_XM_001632368.2	M05130_2.00
Nvec_vc1.1_XM_001632368.2	M05131_2.00
Nvec_vc1.1_XM_001632368.2	M05248_2.00
Nvec_vc1.1_XM_001632368.2	M05249_2.00
Nvec_vc1.1_XM_001632368.2	M05250_2.00
Nvec_vc1.1_XM_001635374.3	M00276_2.00
Nvec_vc1.1_XM_001635374.3	M00277_2.00
Nvec_vc1.1_XM_001635374.3	M00513_2.00
Nvec_vc1.1_XM_001635374.3	M01243_2.00
Nvec_vc1.1_XM_001635374.3	M02110_2.00
Nvec_vc1.1_XM_001635374.3	M02685_2.00
Nvec_vc1.1_XM_001635374.3	M05362_2.00
Nvec_vc1.1_XM_001635374.3	M05363_2.00
Nvec_vc1.1_XM_001635374.3	M05364_2.00
Nvec_vc1.1_XM_001635374.3	M05365_2.00
Nvec_vc1.1_XM_001633995.3	M00386_2.00
Nvec_vc1.1_XM_001633995.3	M00416_2.00
Nvec_vc1.1_XM_001633995.3	M00455_2.00
Nvec_vc1.1_XM_001633995.3	M00456_2.00
Nvec_vc1.1_XM_001633995.3	M03212_2.00
Nvec_vc1.1_XM_001633995.3	M03222_2.00
Nvec_vc1.1_XM_001633995.3	M05315_2.00
Nvec_vc1.1_XM_001633995.3	M05316_2.00
Nvec_vc1.1_XM_048729380.1	M01247_2.00
Nvec_vc1.1_XM_048729380.1	M03244_2.00
Nvec_vc1.1_XM_048729380.1	M05402_2.00
Nvec_vc1.1_XM_048729380.1	M05403_2.00
Nvec_vc1.1_XM_032364784.2	M02184_2.00
Nvec_vc1.1_XM_032378000.2	M02153_2.00
Nvec_vc1.1_XM_032367023.2	M02151_2.00
Nvec_vc1.1_XM_001641552.3	M03780_2.00
Nvec_vc1.1_XM_001641552.3	M03781_2.00
Nvec_vc1.1_XM_001641552.3	M03782_2.00
Nvec_vc1.1_XM_001641552.3	M03783_2.00
""	M02161_2.00
""	M02167_2.00
""	M02168_2.00
Nvec_vc1.1_XM_032379347.2	M00335_2.00
Nvec_vc1.1_XM_032379347.2	M00336_2.00
Nvec_vc1.1_XM_032379347.2	M00337_2.00
Nvec_vc1.1_XM_032379347.2	M00338_2.00
Nvec_vc1.1_XM_032379347.2	M00339_2.00
Nvec_vc1.1_XM_032379347.2	M00340_2.00
Nvec_vc1.1_XM_032379347.2	M00341_2.00
Nvec_vc1.1_XM_032379347.2	M00342_2.00
Nvec_vc1.1_XM_032379347.2	M00343_2.00
Nvec_vc1.1_XM_032379347.2	M00344_2.00
Nvec_vc1.1_XM_032379347.2	M00540_2.00
Nvec_vc1.1_XM_032379347.2	M02689_2.00
Nvec_vc1.1_XM_032379347.2	M03291_2.00
Nvec_vc1.1_XM_032379347.2	M03896_2.00
Nvec_vc1.1_XM_032379347.2	M03897_2.00
Nvec_vc1.1_XM_032379347.2	M03898_2.00
Nvec_vc1.1_XM_032379347.2	M05412_2.00
Nvec_vc1.1_XM_032379347.2	M05413_2.00
Nvec_vc1.1_XM_032379347.2	M05414_2.00
Nvec_vc1.1_XM_032379347.2	M05415_2.00
Nvec_vc1.1_XM_001639101.3	M00358_2.00
Nvec_vc1.1_XM_001639101.3	M00359_2.00
Nvec_vc1.1_XM_001639101.3	M00541_2.00
Nvec_vc1.1_XM_001639101.3	M03292_2.00
Nvec_vc1.1_XM_001639101.3	M03293_2.00
Nvec_vc1.1_XM_001639101.3	M03297_2.00
Nvec_vc1.1_XM_001639101.3	M03885_2.00
Nvec_vc1.1_XM_001639101.3	M03886_2.00
Nvec_vc1.1_XM_001639101.3	M03899_2.00
Nvec_vc1.1_XM_001639101.3	M03900_2.00
Nvec_vc1.1_XM_001639101.3	M03901_2.00
Nvec_vc1.1_XM_001639101.3	M05416_2.00
Nvec_vc1.1_XM_001639101.3	M05417_2.00
Nvec_vc1.1_XM_001639101.3	M05418_2.00
Nvec_vc1.1_XM_001639101.3	M05419_2.00
Nvec_vc1.1_XM_001639101.3	M05420_2.00
Nvec_vc1.1_XM_001639101.3	M05421_2.00
Nvec_vc1.1_XM_001639101.3	M05422_2.00
Nvec_vc1.1_XM_001639101.3	M05423_2.00
Nvec_vc1.1_XM_001639101.3	M05424_2.00
Nvec_vc1.1_XM_001639101.3	M05425_2.00
Nvec_vc1.1_XM_001639101.3	M05426_2.00
Nvec_vc1.1_XM_001639101.3	M05427_2.00
Nvec_vc1.1_XM_001639101.3	M05438_2.00
Nvec_vc1.1_XM_001639101.3	M05439_2.00
Nvec_vc1.1_XM_001639101.3	M05440_2.00
Nvec_vc1.1_XM_001639101.3	M05441_2.00
Nvec_vc1.1_XM_001639101.3	M05442_2.00
Nvec_vc1.1_XM_001639101.3	M05443_2.00
Nvec_vc1.1_XM_032379457.2	M01255_2.00
Nvec_vc1.1_XM_032363992.2	M01256_2.00
Nvec_vc1.1_XM_032364329.2	M03325_2.00
Nvec_vc1.1_XM_032364329.2	M03329_2.00
Nvec_vc1.1_XM_032364329.2	M03330_2.00
Nvec_vc1.1_XM_032364329.2	M05509_2.00
Nvec_vc1.1_XM_032364329.2	M05510_2.00
Nvec_vc1.1_XM_032364329.2	M05523_2.00
Nvec_vc1.1_XM_032364329.2	M05524_2.00
Nvec_vc1.1_XM_032364329.2	M05525_2.00
Nvec_vc1.1_XM_032364329.2	M05526_2.00
Nvec_vc1.1_XM_032377792.2	M02745_2.00
Nvec_vc1.1_XM_032377792.2	M03340_2.00
Nvec_vc1.1_XM_032377792.2	M03343_2.00
Nvec_vc1.1_XM_032377792.2	M03344_2.00
Nvec_vc1.1_XM_032377792.2	M05551_2.00
Nvec_vc1.1_XM_032377792.2	M05552_2.00
Nvec_vc1.1_XM_032377792.2	M05555_2.00
Nvec_vc1.1_XM_032377792.2	M05556_2.00
Nvec_vc1.1_XM_032377792.2	M05557_2.00
Nvec_vc1.1_XM_032377792.2	M05558_2.00
Nvec_vc1.1_XM_032377792.2	M05559_2.00
Nvec_vc1.1_XM_032377792.2	M05560_2.00
Nvec_vc1.1_XM_001635041.3	M00178_2.00
Nvec_vc1.1_XM_001635041.3	M00684_2.00
Nvec_vc1.1_XM_001635041.3	M01558_2.00
Nvec_vc1.1_XM_001635041.3	M02283_2.00
Nvec_vc1.1_XM_001635041.3	M03341_2.00
Nvec_vc1.1_XM_001635041.3	M03342_2.00
Nvec_vc1.1_XM_001635041.3	M03915_2.00
Nvec_vc1.1_XM_001635041.3	M03916_2.00
Nvec_vc1.1_XM_001635041.3	M05553_2.00
Nvec_vc1.1_XM_001635041.3	M05554_2.00
Nvec_vc1.1_XM_001630333.3	M02698_2.00
Nvec_vc1.1_XM_048725593.1	M00179_2.00
Nvec_vc1.1_XM_032383641.2	M00181_2.00
Nvec_vc1.1_XM_032383641.2	M00183_2.00
Nvec_vc1.1_XM_032383641.2	M00184_2.00
Nvec_vc1.1_XM_032383641.2	M00185_2.00
Nvec_vc1.1_XM_032383641.2	M00367_2.00
Nvec_vc1.1_XM_032383641.2	M00368_2.00
Nvec_vc1.1_XM_032383641.2	M00810_2.00
Nvec_vc1.1_XM_032383641.2	M00811_2.00
Nvec_vc1.1_XM_032383641.2	M00812_2.00
Nvec_vc1.1_XM_032383641.2	M00813_2.00
Nvec_vc1.1_XM_032383641.2	M00816_2.00
Nvec_vc1.1_XM_032383641.2	M00817_2.00
Nvec_vc1.1_XM_032383641.2	M00818_2.00
Nvec_vc1.1_XM_032383641.2	M00819_2.00
Nvec_vc1.1_XM_032383641.2	M00820_2.00
Nvec_vc1.1_XM_032383641.2	M00822_2.00
Nvec_vc1.1_XM_032383641.2	M01297_2.00
Nvec_vc1.1_XM_032383641.2	M01298_2.00
Nvec_vc1.1_XM_032383641.2	M02388_2.00
Nvec_vc1.1_XM_032383641.2	M02392_2.00
Nvec_vc1.1_XM_032383641.2	M02393_2.00
Nvec_vc1.1_XM_032383641.2	M02396_2.00
Nvec_vc1.1_XM_032383641.2	M02397_2.00
Nvec_vc1.1_XM_032383641.2	M02399_2.00
Nvec_vc1.1_XM_032383641.2	M02400_2.00
Nvec_vc1.1_XM_032383641.2	M02401_2.00
Nvec_vc1.1_XM_032383641.2	M02402_2.00
Nvec_vc1.1_XM_032383641.2	M02404_2.00
Nvec_vc1.1_XM_032383641.2	M02405_2.00
Nvec_vc1.1_XM_032383641.2	M02406_2.00
Nvec_vc1.1_XM_032383641.2	M02407_2.00
Nvec_vc1.1_XM_032383641.2	M02410_2.00
Nvec_vc1.1_XM_032383641.2	M02412_2.00
Nvec_vc1.1_XM_032383641.2	M02416_2.00
Nvec_vc1.1_XM_032383641.2	M02422_2.00
Nvec_vc1.1_XM_032383641.2	M02423_2.00
Nvec_vc1.1_XM_032383641.2	M02424_2.00
Nvec_vc1.1_XM_032383641.2	M02705_2.00
Nvec_vc1.1_XM_032383641.2	M02706_2.00
Nvec_vc1.1_XM_032383641.2	M02707_2.00
Nvec_vc1.1_XM_032383641.2	M02709_2.00
Nvec_vc1.1_XM_032383641.2	M02746_2.00
Nvec_vc1.1_XM_032383641.2	M03353_2.00
Nvec_vc1.1_XM_032383641.2	M03354_2.00
Nvec_vc1.1_XM_032383641.2	M03355_2.00
Nvec_vc1.1_XM_032383641.2	M03356_2.00
Nvec_vc1.1_XM_032383641.2	M03367_2.00
Nvec_vc1.1_XM_032383641.2	M03368_2.00
Nvec_vc1.1_XM_032383641.2	M03369_2.00
Nvec_vc1.1_XM_032383641.2	M03370_2.00
Nvec_vc1.1_XM_032383641.2	M03371_2.00
Nvec_vc1.1_XM_032383641.2	M03372_2.00
Nvec_vc1.1_XM_032383641.2	M03373_2.00
Nvec_vc1.1_XM_032383641.2	M03374_2.00
Nvec_vc1.1_XM_032383641.2	M03375_2.00
Nvec_vc1.1_XM_032383641.2	M03376_2.00
Nvec_vc1.1_XM_032383641.2	M03377_2.00
Nvec_vc1.1_XM_032383641.2	M03378_2.00
Nvec_vc1.1_XM_032383641.2	M03379_2.00
Nvec_vc1.1_XM_032383641.2	M03380_2.00
Nvec_vc1.1_XM_032383641.2	M03381_2.00
Nvec_vc1.1_XM_032383641.2	M03383_2.00
Nvec_vc1.1_XM_032383641.2	M03384_2.00
Nvec_vc1.1_XM_032383641.2	M03385_2.00
Nvec_vc1.1_XM_032383641.2	M03386_2.00
Nvec_vc1.1_XM_032383641.2	M03387_2.00
Nvec_vc1.1_XM_032383641.2	M03388_2.00
Nvec_vc1.1_XM_032383641.2	M03391_2.00
Nvec_vc1.1_XM_032383641.2	M03392_2.00
Nvec_vc1.1_XM_032383641.2	M03393_2.00
Nvec_vc1.1_XM_032383641.2	M03394_2.00
Nvec_vc1.1_XM_032383641.2	M03395_2.00
Nvec_vc1.1_XM_032383641.2	M03396_2.00
Nvec_vc1.1_XM_032383641.2	M03397_2.00
Nvec_vc1.1_XM_032383641.2	M03398_2.00
Nvec_vc1.1_XM_032383641.2	M03399_2.00
Nvec_vc1.1_XM_032383641.2	M03400_2.00
Nvec_vc1.1_XM_032383641.2	M03401_2.00
Nvec_vc1.1_XM_032383641.2	M03402_2.00
Nvec_vc1.1_XM_032383641.2	M03403_2.00
Nvec_vc1.1_XM_032383641.2	M03404_2.00
Nvec_vc1.1_XM_032383641.2	M03405_2.00
Nvec_vc1.1_XM_032383641.2	M03406_2.00
Nvec_vc1.1_XM_032383641.2	M03407_2.00
Nvec_vc1.1_XM_032383641.2	M03408_2.00
Nvec_vc1.1_XM_032383641.2	M03409_2.00
Nvec_vc1.1_XM_032383641.2	M03410_2.00
Nvec_vc1.1_XM_032383641.2	M03411_2.00
Nvec_vc1.1_XM_032383641.2	M03412_2.00
Nvec_vc1.1_XM_032383641.2	M03413_2.00
Nvec_vc1.1_XM_032383641.2	M03414_2.00
Nvec_vc1.1_XM_032383641.2	M03415_2.00
Nvec_vc1.1_XM_032383641.2	M03416_2.00
Nvec_vc1.1_XM_032383641.2	M03417_2.00
Nvec_vc1.1_XM_032383641.2	M03418_2.00
Nvec_vc1.1_XM_032383641.2	M03419_2.00
Nvec_vc1.1_XM_032383641.2	M03420_2.00
Nvec_vc1.1_XM_032383641.2	M03421_2.00
Nvec_vc1.1_XM_032383641.2	M03422_2.00
Nvec_vc1.1_XM_032383641.2	M03423_2.00
Nvec_vc1.1_XM_032383641.2	M03424_2.00
Nvec_vc1.1_XM_032383641.2	M03425_2.00
Nvec_vc1.1_XM_032383641.2	M03430_2.00
Nvec_vc1.1_XM_032383641.2	M03431_2.00
Nvec_vc1.1_XM_032383641.2	M03432_2.00
Nvec_vc1.1_XM_032383641.2	M03433_2.00
Nvec_vc1.1_XM_032383641.2	M03434_2.00
Nvec_vc1.1_XM_032383641.2	M03435_2.00
Nvec_vc1.1_XM_032383641.2	M03926_2.00
Nvec_vc1.1_XM_032383641.2	M03928_2.00
Nvec_vc1.1_XM_032383641.2	M03929_2.00
Nvec_vc1.1_XM_032383641.2	M03934_2.00
Nvec_vc1.1_XM_032383641.2	M03939_2.00
Nvec_vc1.1_XM_032383641.2	M03941_2.00
Nvec_vc1.1_XM_032383641.2	M05563_2.00
Nvec_vc1.1_XM_032383641.2	M05564_2.00
Nvec_vc1.1_XM_032383641.2	M05565_2.00
Nvec_vc1.1_XM_032383641.2	M05566_2.00
Nvec_vc1.1_XM_032383641.2	M05567_2.00
Nvec_vc1.1_XM_032383641.2	M05568_2.00
Nvec_vc1.1_XM_032383641.2	M05569_2.00
Nvec_vc1.1_XM_032383641.2	M05570_2.00
Nvec_vc1.1_XM_032383641.2	M05571_2.00
Nvec_vc1.1_XM_032383641.2	M05572_2.00
Nvec_vc1.1_XM_032383641.2	M05581_2.00
Nvec_vc1.1_XM_032383641.2	M05582_2.00
Nvec_vc1.1_XM_032383641.2	M05583_2.00
Nvec_vc1.1_XM_032383641.2	M05584_2.00
Nvec_vc1.1_XM_032383641.2	M05589_2.00
Nvec_vc1.1_XM_032383641.2	M05590_2.00
Nvec_vc1.1_XM_032383641.2	M05591_2.00
Nvec_vc1.1_XM_032383641.2	M05592_2.00
Nvec_vc1.1_XM_032383641.2	M05593_2.00
Nvec_vc1.1_XM_032383641.2	M05594_2.00
Nvec_vc1.1_XM_032383641.2	M05595_2.00
Nvec_vc1.1_XM_032383641.2	M05596_2.00
Nvec_vc1.1_XM_032383641.2	M05597_2.00
Nvec_vc1.1_XM_032383641.2	M05598_2.00
Nvec_vc1.1_XM_032383641.2	M05599_2.00
Nvec_vc1.1_XM_032383641.2	M05600_2.00
Nvec_vc1.1_XM_032383641.2	M05601_2.00
Nvec_vc1.1_XM_032383641.2	M05602_2.00
Nvec_vc1.1_XM_032383641.2	M05603_2.00
Nvec_vc1.1_XM_032383641.2	M05604_2.00
Nvec_vc1.1_XM_032383641.2	M05607_2.00
Nvec_vc1.1_XM_032383641.2	M05608_2.00
Nvec_vc1.1_XM_032383641.2	M05609_2.00
Nvec_vc1.1_XM_032383641.2	M05610_2.00
Nvec_vc1.1_XM_032383641.2	M05611_2.00
Nvec_vc1.1_XM_032383641.2	M05612_2.00
Nvec_vc1.1_XM_032383641.2	M05613_2.00
Nvec_vc1.1_XM_032383641.2	M05614_2.00
Nvec_vc1.1_XM_032383641.2	M05615_2.00
Nvec_vc1.1_XM_032383641.2	M05616_2.00
Nvec_vc1.1_XM_032383641.2	M05617_2.00
Nvec_vc1.1_XM_032383641.2	M05618_2.00
Nvec_vc1.1_XM_032383641.2	M05621_2.00
Nvec_vc1.1_XM_032383641.2	M05622_2.00
Nvec_vc1.1_XM_032383641.2	M05623_2.00
Nvec_vc1.1_XM_032383641.2	M05624_2.00
Nvec_vc1.1_XM_032383641.2	M05627_2.00
Nvec_vc1.1_XM_032383641.2	M05628_2.00
Nvec_vc1.1_XM_032383641.2	M05629_2.00
Nvec_vc1.1_XM_032383641.2	M05630_2.00
Nvec_vc1.1_XM_032383641.2	M05631_2.00
Nvec_vc1.1_XM_032383641.2	M05632_2.00
Nvec_vc1.1_XM_032383641.2	M05633_2.00
Nvec_vc1.1_XM_032383641.2	M05634_2.00
Nvec_vc1.1_XM_032383641.2	M05635_2.00
Nvec_vc1.1_XM_032383641.2	M05636_2.00
Nvec_vc1.1_XM_032383641.2	M05639_2.00
Nvec_vc1.1_XM_032383641.2	M05640_2.00
Nvec_vc1.1_XM_032383641.2	M05641_2.00
Nvec_vc1.1_XM_032383641.2	M05642_2.00
Nvec_vc1.1_XM_032383641.2	M05643_2.00
Nvec_vc1.1_XM_032383641.2	M05644_2.00
Nvec_vc1.1_XM_032383641.2	M05645_2.00
Nvec_vc1.1_XM_032383641.2	M05646_2.00
Nvec_vc1.1_XM_032383641.2	M05647_2.00
Nvec_vc1.1_XM_032383641.2	M05648_2.00
Nvec_vc1.1_XM_032383641.2	M05649_2.00
Nvec_vc1.1_XM_032383641.2	M05650_2.00
Nvec_vc1.1_XM_032383641.2	M05651_2.00
Nvec_vc1.1_XM_032383641.2	M05652_2.00
Nvec_vc1.1_XM_032383641.2	M05653_2.00
Nvec_vc1.1_XM_032383641.2	M05654_2.00
Nvec_vc1.1_XM_032383641.2	M05655_2.00
Nvec_vc1.1_XM_032383641.2	M05656_2.00
Nvec_vc1.1_XM_032383641.2	M05657_2.00
Nvec_vc1.1_XM_032383641.2	M05658_2.00
Nvec_vc1.1_XM_032383641.2	M05661_2.00
Nvec_vc1.1_XM_032383641.2	M05662_2.00
Nvec_vc1.1_XM_032383641.2	M05663_2.00
Nvec_vc1.1_XM_032383641.2	M05664_2.00
Nvec_vc1.1_XM_032383641.2	M05665_2.00
Nvec_vc1.1_XM_032383641.2	M05666_2.00
Nvec_vc1.1_XM_032383641.2	M05667_2.00
Nvec_vc1.1_XM_032383641.2	M05668_2.00
Nvec_vc1.1_XM_032383641.2	M05669_2.00
Nvec_vc1.1_XM_032383641.2	M05670_2.00
Nvec_vc1.1_XM_032383641.2	M05671_2.00
Nvec_vc1.1_XM_032383641.2	M05672_2.00
Nvec_vc1.1_XM_032383641.2	M05673_2.00
Nvec_vc1.1_XM_032383641.2	M05674_2.00
Nvec_vc1.1_XM_032383641.2	M05675_2.00
Nvec_vc1.1_XM_032383641.2	M05676_2.00
Nvec_vc1.1_XM_032383641.2	M05677_2.00
Nvec_vc1.1_XM_032383641.2	M05678_2.00
Nvec_vc1.1_XM_032383641.2	M05679_2.00
Nvec_vc1.1_XM_032383641.2	M05680_2.00
Nvec_vc1.1_XM_032383641.2	M05681_2.00
Nvec_vc1.1_XM_032383641.2	M05682_2.00
Nvec_vc1.1_XM_032383641.2	M05683_2.00
Nvec_vc1.1_XM_032383641.2	M05684_2.00
Nvec_vc1.1_XM_001630336.3	M00182_2.00
Nvec_vc1.1_XM_001630336.3	M00814_2.00
Nvec_vc1.1_XM_001630336.3	M02394_2.00
Nvec_vc1.1_XM_001630336.3	M02408_2.00
Nvec_vc1.1_XM_001630336.3	M02421_2.00
Nvec_vc1.1_XM_001630336.3	M03357_2.00
Nvec_vc1.1_XM_001630336.3	M03358_2.00
Nvec_vc1.1_XM_001630336.3	M03359_2.00
Nvec_vc1.1_XM_001630336.3	M03360_2.00
Nvec_vc1.1_XM_001630336.3	M03361_2.00
Nvec_vc1.1_XM_001630336.3	M03362_2.00
Nvec_vc1.1_XM_001630336.3	M03364_2.00
Nvec_vc1.1_XM_001630336.3	M03365_2.00
Nvec_vc1.1_XM_001630336.3	M03426_2.00
Nvec_vc1.1_XM_001630336.3	M03427_2.00
Nvec_vc1.1_XM_001630336.3	M03428_2.00
Nvec_vc1.1_XM_001630336.3	M03932_2.00
Nvec_vc1.1_XM_001630336.3	M03933_2.00
Nvec_vc1.1_XM_001630336.3	M03935_2.00
Nvec_vc1.1_XM_001630336.3	M03936_2.00
Nvec_vc1.1_XM_001630336.3	M03937_2.00
Nvec_vc1.1_XM_001630336.3	M03938_2.00
Nvec_vc1.1_XM_001630336.3	M05573_2.00
Nvec_vc1.1_XM_001630336.3	M05574_2.00
Nvec_vc1.1_XM_001630336.3	M05575_2.00
Nvec_vc1.1_XM_001630336.3	M05576_2.00
Nvec_vc1.1_XM_001630336.3	M05577_2.00
Nvec_vc1.1_XM_001630336.3	M05578_2.00
Nvec_vc1.1_XM_001630336.3	M05579_2.00
Nvec_vc1.1_XM_001630336.3	M05580_2.00
Nvec_vc1.1_XM_001630336.3	M05585_2.00
Nvec_vc1.1_XM_001630336.3	M05586_2.00
Nvec_vc1.1_XM_001634328.3	M03924_2.00
Nvec_vc1.1_XM_001634328.3	M03942_2.00
Nvec_vc1.1_XM_001634328.3	M03943_2.00
Nvec_vc1.1_XM_001634328.3	M05619_2.00
Nvec_vc1.1_XM_001634328.3	M05620_2.00
Nvec_vc1.1_XM_032380829.2	M03363_2.00
Nvec_vc1.1_XM_032380829.2	M03429_2.00
Nvec_vc1.1_XM_032378048.2	M05605_2.00
Nvec_vc1.1_XM_032378048.2	M05606_2.00
Nvec_vc1.1_XM_032378048.2	M05659_2.00
Nvec_vc1.1_XM_032378048.2	M05660_2.00
Nvec_vc1.1_XM_032363271.2	M02413_2.00
Nvec_vc1.1_XM_001628635.3	M00345_2.00
Nvec_vc1.1_XM_001628635.3	M00346_2.00
Nvec_vc1.1_XM_001631763.3	M00706_2.00
Nvec_vc1.1_XM_001631763.3	M01301_2.00
Nvec_vc1.1_XM_001631763.3	M01302_2.00
Nvec_vc1.1_XM_001631763.3	M02425_2.00
Nvec_vc1.1_XM_001631763.3	M02426_2.00
Nvec_vc1.1_XM_001631763.3	M02428_2.00
Nvec_vc1.1_XM_001631763.3	M03442_2.00
Nvec_vc1.1_XM_001631763.3	M03443_2.00
Nvec_vc1.1_XM_001631763.3	M03444_2.00
Nvec_vc1.1_XM_001631763.3	M03944_2.00
Nvec_vc1.1_XM_001631763.3	M03945_2.00
Nvec_vc1.1_XM_001631763.3	M03946_2.00
Nvec_vc1.1_XM_001631763.3	M03947_2.00
Nvec_vc1.1_XM_001631763.3	M03948_2.00
Nvec_vc1.1_XM_001631763.3	M03949_2.00
Nvec_vc1.1_XM_001631763.3	M05685_2.00
Nvec_vc1.1_XM_001631763.3	M05686_2.00
Nvec_vc1.1_XM_001631763.3	M05687_2.00
Nvec_vc1.1_XM_001631763.3	M05688_2.00
Nvec_vc1.1_XM_001631763.3	M05689_2.00
Nvec_vc1.1_XM_001631763.3	M05690_2.00
Nvec_vc1.1_XM_032380334.2	M00186_2.00
Nvec_vc1.1_XM_032380334.2	M00188_2.00
Nvec_vc1.1_XM_032380334.2	M00709_2.00
Nvec_vc1.1_XM_032380334.2	M02447_2.00
Nvec_vc1.1_XM_032380334.2	M02448_2.00
Nvec_vc1.1_XM_032380334.2	M02449_2.00
Nvec_vc1.1_XM_032380334.2	M02450_2.00
Nvec_vc1.1_XM_032380334.2	M02451_2.00
Nvec_vc1.1_XM_032380334.2	M02452_2.00
Nvec_vc1.1_XM_032380334.2	M02453_2.00
Nvec_vc1.1_XM_032380334.2	M02454_2.00
Nvec_vc1.1_XM_032380334.2	M02455_2.00
Nvec_vc1.1_XM_032380334.2	M02456_2.00
Nvec_vc1.1_XM_032380334.2	M02750_2.00
Nvec_vc1.1_XM_032380334.2	M03452_2.00
Nvec_vc1.1_XM_032380334.2	M03453_2.00
Nvec_vc1.1_XM_032380334.2	M03454_2.00
Nvec_vc1.1_XM_032380334.2	M03455_2.00
Nvec_vc1.1_XM_032380334.2	M03456_2.00
Nvec_vc1.1_XM_032380334.2	M03457_2.00
Nvec_vc1.1_XM_032380334.2	M03461_2.00
Nvec_vc1.1_XM_032380334.2	M03462_2.00
Nvec_vc1.1_XM_032380334.2	M03463_2.00
Nvec_vc1.1_XM_032380334.2	M03959_2.00
Nvec_vc1.1_XM_032380334.2	M03960_2.00
Nvec_vc1.1_XM_032380334.2	M03961_2.00
Nvec_vc1.1_XM_032380334.2	M03962_2.00
Nvec_vc1.1_XM_032380334.2	M03963_2.00
Nvec_vc1.1_XM_032380334.2	M05715_2.00
Nvec_vc1.1_XM_032380334.2	M05716_2.00
Nvec_vc1.1_XM_032380334.2	M05717_2.00
Nvec_vc1.1_XM_032380334.2	M05718_2.00
Nvec_vc1.1_XM_032380334.2	M05719_2.00
Nvec_vc1.1_XM_032380334.2	M05720_2.00
Nvec_vc1.1_XM_032380334.2	M05721_2.00
Nvec_vc1.1_XM_032380334.2	M05722_2.00
Nvec_vc1.1_XM_032380334.2	M05723_2.00
Nvec_vc1.1_XM_032380334.2	M05724_2.00
Nvec_vc1.1_XM_032382712.2	M00187_2.00
Nvec_vc1.1_XM_032382712.2	M00823_2.00
Nvec_vc1.1_XM_032382712.2	M03458_2.00
Nvec_vc1.1_XM_032382712.2	M03459_2.00
Nvec_vc1.1_XM_032382712.2	M03460_2.00
Nvec_vc1.1_XM_032382712.2	M05725_2.00
Nvec_vc1.1_XM_032382712.2	M05726_2.00
Nvec_vc1.1_XM_032382712.2	M05727_2.00
Nvec_vc1.1_XM_032382712.2	M05728_2.00
Nvec_vc1.1_XM_032382712.2	M05729_2.00
Nvec_vc1.1_XM_032382712.2	M05730_2.00
Nvec_vc1.1_XM_032385647.2	M00066_2.00
Nvec_vc1.1_XM_001625588.3	M01307_2.00
Nvec_vc1.1_XM_001625588.3	M02751_2.00
Nvec_vc1.1_XM_001625588.3	M03464_2.00
Nvec_vc1.1_XM_001625588.3	M03465_2.00
Nvec_vc1.1_XM_001625588.3	M03466_2.00
Nvec_vc1.1_XM_001625588.3	M03467_2.00
Nvec_vc1.1_XM_001625588.3	M03468_2.00
Nvec_vc1.1_XM_001625588.3	M03469_2.00
Nvec_vc1.1_XM_001625588.3	M03470_2.00
Nvec_vc1.1_XM_001625588.3	M03964_2.00
Nvec_vc1.1_XM_001625588.3	M03965_2.00
Nvec_vc1.1_XM_001625588.3	M03966_2.00
Nvec_vc1.1_XM_001625588.3	M03967_2.00
Nvec_vc1.1_XM_001625588.3	M05731_2.00
Nvec_vc1.1_XM_001625588.3	M05732_2.00
Nvec_vc1.1_XM_001625588.3	M05733_2.00
Nvec_vc1.1_XM_001625588.3	M05734_2.00
Nvec_vc1.1_XM_001631607.3	M00192_2.00
Nvec_vc1.1_XM_001631607.3	M03482_2.00
Nvec_vc1.1_XM_048725617.1	M02487_2.00
Nvec_vc1.1_XM_032380374.2	M00070_2.00
Nvec_vc1.1_XM_032380374.2	M00197_2.00
Nvec_vc1.1_XM_032380374.2	M00199_2.00
Nvec_vc1.1_XM_032380374.2	M00201_2.00
Nvec_vc1.1_XM_032380374.2	M00202_2.00
Nvec_vc1.1_XM_032380374.2	M00203_2.00
Nvec_vc1.1_XM_032380374.2	M00204_2.00
Nvec_vc1.1_XM_032380374.2	M00205_2.00
Nvec_vc1.1_XM_032380374.2	M00206_2.00
Nvec_vc1.1_XM_032380374.2	M00208_2.00
Nvec_vc1.1_XM_032380374.2	M00209_2.00
Nvec_vc1.1_XM_032380374.2	M00210_2.00
Nvec_vc1.1_XM_032380374.2	M00211_2.00
Nvec_vc1.1_XM_032380374.2	M00212_2.00
Nvec_vc1.1_XM_032380374.2	M00213_2.00
Nvec_vc1.1_XM_032380374.2	M00214_2.00
Nvec_vc1.1_XM_032380374.2	M00710_2.00
Nvec_vc1.1_XM_032380374.2	M00826_2.00
Nvec_vc1.1_XM_032380374.2	M00827_2.00
Nvec_vc1.1_XM_032380374.2	M00828_2.00
Nvec_vc1.1_XM_032380374.2	M00829_2.00
Nvec_vc1.1_XM_032380374.2	M01026_2.00
Nvec_vc1.1_XM_032380374.2	M02488_2.00
Nvec_vc1.1_XM_032380374.2	M02716_2.00
Nvec_vc1.1_XM_032380374.2	M02717_2.00
Nvec_vc1.1_XM_032380374.2	M02718_2.00
Nvec_vc1.1_XM_032380374.2	M02719_2.00
Nvec_vc1.1_XM_032380374.2	M03483_2.00
Nvec_vc1.1_XM_032380374.2	M03484_2.00
Nvec_vc1.1_XM_032380374.2	M03485_2.00
Nvec_vc1.1_XM_032380374.2	M03486_2.00
Nvec_vc1.1_XM_032380374.2	M03487_2.00
Nvec_vc1.1_XM_032380374.2	M03488_2.00
Nvec_vc1.1_XM_032380374.2	M03489_2.00
Nvec_vc1.1_XM_032380374.2	M03490_2.00
Nvec_vc1.1_XM_032380374.2	M03491_2.00
Nvec_vc1.1_XM_032380374.2	M03492_2.00
Nvec_vc1.1_XM_032380374.2	M03493_2.00
Nvec_vc1.1_XM_032380374.2	M03494_2.00
Nvec_vc1.1_XM_032380374.2	M03495_2.00
Nvec_vc1.1_XM_032380374.2	M03496_2.00
Nvec_vc1.1_XM_032380374.2	M03497_2.00
Nvec_vc1.1_XM_032380374.2	M03498_2.00
Nvec_vc1.1_XM_032380374.2	M03499_2.00
Nvec_vc1.1_XM_032380374.2	M03500_2.00
Nvec_vc1.1_XM_032380374.2	M03501_2.00
Nvec_vc1.1_XM_032380374.2	M03502_2.00
Nvec_vc1.1_XM_032380374.2	M03503_2.00
Nvec_vc1.1_XM_032380374.2	M03504_2.00
Nvec_vc1.1_XM_032380374.2	M03505_2.00
Nvec_vc1.1_XM_032380374.2	M03506_2.00
Nvec_vc1.1_XM_032380374.2	M03507_2.00
Nvec_vc1.1_XM_032380374.2	M03508_2.00
Nvec_vc1.1_XM_032380374.2	M03509_2.00
Nvec_vc1.1_XM_032380374.2	M03510_2.00
Nvec_vc1.1_XM_032380374.2	M03513_2.00
Nvec_vc1.1_XM_032380374.2	M03514_2.00
Nvec_vc1.1_XM_032380374.2	M03515_2.00
Nvec_vc1.1_XM_032380374.2	M03516_2.00
Nvec_vc1.1_XM_032380374.2	M03517_2.00
Nvec_vc1.1_XM_032380374.2	M03518_2.00
Nvec_vc1.1_XM_032380374.2	M03519_2.00
Nvec_vc1.1_XM_032380374.2	M03520_2.00
Nvec_vc1.1_XM_032380374.2	M03521_2.00
Nvec_vc1.1_XM_032380374.2	M03522_2.00
Nvec_vc1.1_XM_032380374.2	M03523_2.00
Nvec_vc1.1_XM_032380374.2	M03524_2.00
Nvec_vc1.1_XM_032380374.2	M03525_2.00
Nvec_vc1.1_XM_032380374.2	M03526_2.00
Nvec_vc1.1_XM_032380374.2	M03527_2.00
Nvec_vc1.1_XM_032380374.2	M03528_2.00
Nvec_vc1.1_XM_032380374.2	M03529_2.00
Nvec_vc1.1_XM_032380374.2	M03530_2.00
Nvec_vc1.1_XM_032380374.2	M03531_2.00
Nvec_vc1.1_XM_032380374.2	M03533_2.00
Nvec_vc1.1_XM_032380374.2	M03534_2.00
Nvec_vc1.1_XM_032380374.2	M03535_2.00
Nvec_vc1.1_XM_032380374.2	M03536_2.00
Nvec_vc1.1_XM_032380374.2	M03537_2.00
Nvec_vc1.1_XM_032380374.2	M03538_2.00
Nvec_vc1.1_XM_032380374.2	M03539_2.00
Nvec_vc1.1_XM_032380374.2	M03540_2.00
Nvec_vc1.1_XM_032380374.2	M03541_2.00
Nvec_vc1.1_XM_032380374.2	M03542_2.00
Nvec_vc1.1_XM_032380374.2	M03543_2.00
Nvec_vc1.1_XM_032380374.2	M03544_2.00
Nvec_vc1.1_XM_032380374.2	M03545_2.00
Nvec_vc1.1_XM_032380374.2	M03969_2.00
Nvec_vc1.1_XM_032380374.2	M03970_2.00
Nvec_vc1.1_XM_032380374.2	M03971_2.00
Nvec_vc1.1_XM_032380374.2	M03972_2.00
Nvec_vc1.1_XM_032380374.2	M03973_2.00
Nvec_vc1.1_XM_032380374.2	M03974_2.00
Nvec_vc1.1_XM_032380374.2	M03976_2.00
Nvec_vc1.1_XM_032380374.2	M03977_2.00
Nvec_vc1.1_XM_032380374.2	M03978_2.00
Nvec_vc1.1_XM_032380374.2	M03979_2.00
Nvec_vc1.1_XM_032380374.2	M03981_2.00
Nvec_vc1.1_XM_032380374.2	M03982_2.00
Nvec_vc1.1_XM_032380374.2	M03983_2.00
Nvec_vc1.1_XM_032380374.2	M05749_2.00
Nvec_vc1.1_XM_032380374.2	M05750_2.00
Nvec_vc1.1_XM_032380374.2	M05751_2.00
Nvec_vc1.1_XM_032380374.2	M05752_2.00
Nvec_vc1.1_XM_032380374.2	M05753_2.00
Nvec_vc1.1_XM_032380374.2	M05754_2.00
Nvec_vc1.1_XM_032380374.2	M05759_2.00
Nvec_vc1.1_XM_032380374.2	M05760_2.00
Nvec_vc1.1_XM_032380374.2	M05761_2.00
Nvec_vc1.1_XM_032380374.2	M05762_2.00
Nvec_vc1.1_XM_032380374.2	M05765_2.00
Nvec_vc1.1_XM_032380374.2	M05766_2.00
Nvec_vc1.1_XM_032380374.2	M05767_2.00
Nvec_vc1.1_XM_032380374.2	M05768_2.00
Nvec_vc1.1_XM_032380374.2	M05769_2.00
Nvec_vc1.1_XM_032380374.2	M05770_2.00
Nvec_vc1.1_XM_032380374.2	M05783_2.00
Nvec_vc1.1_XM_032380374.2	M05784_2.00
Nvec_vc1.1_XM_032380374.2	M05785_2.00
Nvec_vc1.1_XM_032380374.2	M05786_2.00
Nvec_vc1.1_XM_032380374.2	M05787_2.00
Nvec_vc1.1_XM_032380374.2	M05788_2.00
Nvec_vc1.1_XM_032380374.2	M05789_2.00
Nvec_vc1.1_XM_032380374.2	M05790_2.00
Nvec_vc1.1_XM_032380374.2	M05791_2.00
Nvec_vc1.1_XM_032380374.2	M05792_2.00
Nvec_vc1.1_XM_032378152.2	M00711_2.00
Nvec_vc1.1_XM_032376267.2	M00194_2.00
Nvec_vc1.1_XM_032376267.2	M00195_2.00
Nvec_vc1.1_XM_032371996.2	M00193_2.00
Nvec_vc1.1_XM_032371996.2	M00198_2.00
Nvec_vc1.1_XM_032371996.2	M00200_2.00
Nvec_vc1.1_XM_032371996.2	M00207_2.00
Nvec_vc1.1_XM_032371996.2	M00712_2.00
Nvec_vc1.1_XM_032371996.2	M02646_2.00
Nvec_vc1.1_XM_032371996.2	M03511_2.00
Nvec_vc1.1_XM_032371996.2	M03512_2.00
Nvec_vc1.1_XM_032371996.2	M03532_2.00
Nvec_vc1.1_XM_032371996.2	M05755_2.00
Nvec_vc1.1_XM_032371996.2	M05756_2.00
Nvec_vc1.1_XM_032371996.2	M05757_2.00
Nvec_vc1.1_XM_032371996.2	M05758_2.00
Nvec_vc1.1_XM_032371996.2	M05771_2.00
Nvec_vc1.1_XM_032371996.2	M05772_2.00
Nvec_vc1.1_XM_032371996.2	M05773_2.00
Nvec_vc1.1_XM_032371996.2	M05774_2.00
Nvec_vc1.1_XM_032371996.2	M05775_2.00
Nvec_vc1.1_XM_032371996.2	M05776_2.00
Nvec_vc1.1_XM_032371996.2	M05777_2.00
Nvec_vc1.1_XM_032371996.2	M05778_2.00
Nvec_vc1.1_XM_032371996.2	M05779_2.00
Nvec_vc1.1_XM_032371996.2	M05780_2.00
Nvec_vc1.1_XM_032371996.2	M05781_2.00
Nvec_vc1.1_XM_032371996.2	M05782_2.00
Nvec_vc1.1_XM_032368623.2	M00889_2.00
Nvec_vc1.1_XM_032368623.2	M00890_2.00
Nvec_vc1.1_XM_032368623.2	M02486_2.00
Nvec_vc1.1_XM_001633901.3	M00830_2.00
Nvec_vc1.1_XM_001633901.3	M00831_2.00
Nvec_vc1.1_XM_001633901.3	M00833_2.00
Nvec_vc1.1_XM_001633901.3	M00834_2.00
Nvec_vc1.1_XM_001633901.3	M01029_2.00
Nvec_vc1.1_XM_001633901.3	M01030_2.00
Nvec_vc1.1_XM_001633901.3	M02495_2.00
Nvec_vc1.1_XM_001633901.3	M02496_2.00
Nvec_vc1.1_XM_001633901.3	M02498_2.00
Nvec_vc1.1_XM_001633901.3	M03552_2.00
Nvec_vc1.1_XM_001633901.3	M03553_2.00
Nvec_vc1.1_XM_001633901.3	M03556_2.00
Nvec_vc1.1_XM_001633901.3	M03557_2.00
Nvec_vc1.1_XM_001633901.3	M03558_2.00
Nvec_vc1.1_XM_001633901.3	M03559_2.00
Nvec_vc1.1_XM_001633901.3	M05799_2.00
Nvec_vc1.1_XM_001633901.3	M05800_2.00
Nvec_vc1.1_XM_001633901.3	M05801_2.00
Nvec_vc1.1_XM_001633901.3	M05802_2.00
Nvec_vc1.1_XM_001632824.3	M00835_2.00
Nvec_vc1.1_XM_001632824.3	M03565_2.00
Nvec_vc1.1_XM_001632824.3	M03566_2.00
Nvec_vc1.1_XM_001632824.3	M03567_2.00
Nvec_vc1.1_XM_001632824.3	M03568_2.00
Nvec_vc1.1_XM_001632824.3	M03569_2.00
Nvec_vc1.1_XM_001632824.3	M03994_2.00
Nvec_vc1.1_XM_001632824.3	M05813_2.00
Nvec_vc1.1_XM_001632824.3	M05814_2.00
Nvec_vc1.1_XM_001632824.3	M05815_2.00
Nvec_vc1.1_XM_001632824.3	M05816_2.00
Nvec_vc1.1_XM_001632824.3	M05817_2.00
Nvec_vc1.1_XM_001632824.3	M05818_2.00
Nvec_vc1.1_XM_001632824.3	M05819_2.00
Nvec_vc1.1_XM_001632824.3	M05820_2.00
Nvec_vc1.1_XM_001627136.3	M00832_2.00
Nvec_vc1.1_XM_001627136.3	M03570_2.00
Nvec_vc1.1_XM_001627136.3	M03571_2.00
Nvec_vc1.1_XM_001627136.3	M03572_2.00
Nvec_vc1.1_XM_001627136.3	M03573_2.00
Nvec_vc1.1_XM_001627136.3	M03574_2.00
Nvec_vc1.1_XM_001627136.3	M05821_2.00
Nvec_vc1.1_XM_001627136.3	M05822_2.00
Nvec_vc1.1_XM_032363603.2	M03554_2.00
Nvec_vc1.1_XM_032363603.2	M03555_2.00
Nvec_vc1.1_XM_032363603.2	M05795_2.00
Nvec_vc1.1_XM_032363603.2	M05796_2.00
Nvec_vc1.1_XM_032363603.2	M05797_2.00
Nvec_vc1.1_XM_032363603.2	M05798_2.00
Nvec_vc1.1_XM_001636116.3	M00216_2.00
Nvec_vc1.1_XM_001636116.3	M01567_2.00
Nvec_vc1.1_XM_032380039.2	M01320_2.00
Nvec_v1g211734	M01087_2.00
Nvec_v1g211734	M01319_2.00
Nvec_v1g211734	M01321_2.00
Nvec_v1g211734	M01322_2.00
Nvec_v1g211734	M02520_2.00
Nvec_v1g211734	M02521_2.00
Nvec_v1g211734	M02522_2.00
Nvec_v1g211734	M02523_2.00
Nvec_v1g211734	M02524_2.00
Nvec_v1g211734	M02525_2.00
Nvec_v1g211734	M02526_2.00
Nvec_v1g211734	M02527_2.00
Nvec_v1g211734	M02528_2.00
Nvec_v1g211734	M02529_2.00
Nvec_v1g211734	M02530_2.00
Nvec_v1g211734	M02531_2.00
Nvec_v1g211734	M02532_2.00
Nvec_v1g211734	M02533_2.00
Nvec_v1g211734	M02534_2.00
Nvec_v1g211734	M02535_2.00
Nvec_vc1.1_XM_032364331.2	M01323_2.00
Nvec_vc1.1_XM_032364331.2	M03575_2.00
Nvec_vc1.1_XM_032364331.2	M03576_2.00
Nvec_vc1.1_XM_032364331.2	M03577_2.00
Nvec_vc1.1_XM_032364331.2	M03578_2.00
Nvec_vc1.1_XM_032364331.2	M03579_2.00
Nvec_vc1.1_XM_032364331.2	M03995_2.00
Nvec_vc1.1_XM_032364331.2	M03996_2.00
Nvec_vc1.1_XM_032364331.2	M05823_2.00
Nvec_vc1.1_XM_032364331.2	M05824_2.00
Nvec_vc1.1_XM_032364331.2	M05825_2.00
Nvec_vc1.1_XM_032364331.2	M05826_2.00
