G1	G2	G3	G4	G5	G6	G7	G8	G9
ARCH100_12_TATAACATGT,BestGuess_GAT3	1	1	1	1	0.980877098987376	1	1	0.258633522607679	1
ARCH101_23_GGGGCTCAGG,BestGuess_ZBTB	0.308256662419409	1	1	0.910317862957776	0.86047592333118	1	1	1	1
ARCH102_3_CGGGGCTTTT,BestGuess_Dof2	0.000224803924519272	1	1	1	0.780787739451307	0.512063666043693	0.811335515546423	1	1
ARCH103_CDC5L	0.982756626402265	1	1	1	1	0.927864779714989	1	1	1
ARCH104_24_AATAAACSAATA,BestGuess_PB	0.0606809164419089	0.771724014821003	1	1	0.980877098987376	0.68835722375334	0.374334423065003	1	1
ARCH105_8_TCATCAACAACA,BestGuess_Aef	1	0.683171888641961	1	1	0.0525094507898726	0.748263252877458	0.444771767746364	1	1
ARCH106_FOXK1	1	1	1	1	1	1	0.0732035667672193	1	1
ARCH107_FOXP1_FOXP2_FOXP3	1	1	1	0.79732531937379	1	0.746482082137785	0.506173415313844	1	1
ARCH108_16_CTTTGCGCGT,BestGuess_SWI6	1	0.771724014821003	1	0.985769413387283	1	1	0.289316981871444	1	1
ARCH109_islike_EGR1_EGR2	0.306360399553245	0.901544562603358	1	0.841167686369252	1	1	0.353197426211757	1	1
ARCH10_22_AAMTCATTGMTC,BestGuess_AT	1	0.758982458272378	0.0109233749517625	0.320166357385649	0.972477442396815	0.657616522082145	0.316955948113292	1	1
ARCH110_12_GTGATGCMTT,BestGuess_YAP5	1	0.0192435449077852	1	1	0.984369312606617	1	1	1	1
ARCH111_NAP	0.577736974039466	0.791657519703213	0.78007903888	0.107567312348648	1	0.813260057381653	0.800222023984544	1	1
ARCH112_6_TTACGCCATGAA,BestGuess_SKO	0.571911171341113	1	1	0.0350987692857589	1	1	1	1	1
ARCH113_AARE	1	1	1	0.482799567965339	1	1	0.0143020450111298	1	1
ARCH114_8_GCATGYRATG,BestGuess_HDG7	1	0.997967526688862	1	1	1	0.80877202413313	1	0.0161231180228206	1
ARCH115_3_TTGATTTTATCA,BestGuess_PH0	0.000622787968702035	1	0.81418920283221	0.90102073563548	1	0.261822960944934	0.420734793757355	1	1
ARCH116_25_ATCATCAAACCA,BestGuess_pa	0.774393366153754	1	0.547295495731862	0.88629612370315	1	0.549969218477317	0.119362030860948	1	1
ARCH117_5_ATTTCAAAACAA,BestGuess_PB0	1	1	0.910662335471514	1	0.0020935166335386	0.467589178857035	0.730390349379041	1	1
ARCH118_8_TTGGTTAAAAAT,BestGuess_AT	0.418938464482389	1	1	1	1	0.0122871612492746	0.52522123421778	1	1
ARCH119_25_TGAATAACAAAA,BestGuess_PB	0.996619550878509	0.960598050320753	0.353385272292101	1	1	1	0.024356388612775	1	1
ARCH11_7_TGACTATCGA,BestGuess_pnr	1	1	1	2.07619944680401e-05	1	1	1	1	1
ARCH120_3_GTGTTTGATTAT,BestGuess_one	1	0.599544503088923	0.344690998517688	1	0.175845718323778	1	0.870594173256916	1	0.209875399287018
ARCH121_13_TAACGGGGTTCT,BestGuess_RO	0.0636442909759433	0.00774403673433433	0.633267540350238	0.780797231679087	1	0.122645808378276	0.525798283492196	1	1
ARCH122_12_ACCYGGTTAG,BestGuess_grh	1	0.895432944122487	1	0.104794123574651	0.777507035425493	0.68835722375334	0.683221830041898	1	1
ARCH123_17_CCGCGAGTTGAG,BestGuess_PB	1	1	1	0.164679633936901	1	1	1	1	1
ARCH124_7_CCGTCTCTCG,BestGuess_SRSF1	1	0.804768048380287	0.104845750036917	1	1	1	0.872657611366898	1	1
ARCH125_11_GCTCCCTCTCTA,BestGuess_Cl	0.91597967253897	1	1	1	1	0.100618212657853	1	1	1
ARCH126_4_GCCTSGGGKMGA,BestGuess_AP	0.00157700229905265	0.544418682310176	1	0.848432770712295	0.984369312606617	1	0.883368306910471	1	1
ARCH127_AP_2alpha_AP_2gamma	4.78531397643851e-07	0.934000593557945	1	0.990216112130597	0.847916872089809	0.949296285753205	1	1	1
ARCH128_EBF1_EBF1	0.238520079295246	1	1	0.353622408250012	1	1	1	1	1
ARCH129_10_CMKYGSGRGCGC,BestGuess_Se	0.722648258545326	1	1	0.395574404749071	0.141789225069824	1	1	1	1
ARCH12_5_CATAATCGTC,BestGuess_ems	1	1	0.777795641466015	1	0.0389084289434083	0.695358629854744	1	1	1
ARCH130_7_CCCGCCGAGAAG,BestGuess_IME	1	1	1	0.942993298341347	1	1	0.0478838916659968	1	1
ARCH131_Zic3	1	1	1	1	1	0.378739979066787	3.17438625443171e-06	1	1
ARCH132_Zic2	1	1	1	0.990216112130597	1	0.491682444156853	0.00284745953220137	1	1
ARCH133_HMGbox_Sox	1	1	1	0.949000045678957	1	0.920874099349651	1	1	1
ARCH134_5_GATCGTATCGCG,BestGuess_RBM	0.00502177559530191	0.875644022534969	1	1	1	0.695358629854744	1	1	1
ARCH135_4_TCTCCGACAT,BestGuess_ARF3	1	0.00219770170922378	0.353103756571551	0.346096421286252	0.980877098987376	0.962029807289831	1	1	1
ARCH136_4_CTCATTTCCT,BestGuess_AT2G3	1.59640279091242e-08	0.109336764308524	0.170466535458135	1	1	1	1	1	1
ARCH137_9_AATCAGAATG,BestGuess_TEC1	1	0.00224282851576554	0.707117032615102	1	0.856703134712084	1	1	1	1
ARCH138_9_AAACGAAATTAG,BestGuess_sd	0.742316859322967	1	1	1	0.762746681936176	0.124518318461916	0.790621971435484	1	1
ARCH139_Fli1_Elk4	0.00326005530629406	0.718213922171853	1	1	0.980877098987376	1	1	1	1
ARCH13_2_TGCCTATTGT,BestGuess_SRS7	0.996619550878509	1	0.890078830860738	0.763834221884619	0.897700156936041	1	1	1	0.0172669326329036
ARCH140_Etv2	0.00129217296106047	0.925821337841223	1	1	0.815256540975926	1	1	1	1
ARCH141_ERG_ETS1	0.00649560884274376	1	1	0.990216112130597	0.488301407084309	1	1	1	1
ARCH142_islike_ERG_FEV	0.0065253271177834	0.742711342183027	1	1	0.978502713203136	1	1	1	1
ARCH143_islike_ERG_FEV	0.00496743018309945	0.126400263507623	1	1	0.762746681936176	1	1	1	1
ARCH144_islike_ERG_FEV	0.0235745805186363	0.968118886251717	1	0.910317862957776	0.539147775040907	1	1	1	1
ARCH145_islike_ERG_FEV	0.140438127528158	0.00413620343772753	1	1	1	1	1	1	1
ARCH146_ETV6	0.00631801038883193	0.0998583949016372	1	0.918539032294409	0.86047592333118	1	1	1	1
ARCH147_Unknown5_PQM_1	0.0594281006129598	1	0.722834735972992	0.683989741077831	0.899456220295525	0.83644586271439	1	1	1
ARCH148_GATA2	6.10805765266742e-11	0.0758138519417427	0.0426198085753405	1	0.649345246285308	0.765296318606803	0.411130243055041	1	1
ARCH149_GATA2	0.062791157128431	0.924980712311383	1	0.832958514057293	0.980877098987376	0.68835722375334	1	1	1
ARCH14_9_CTTAGATCGC,BestGuess_pan	0.0134597399437692	0.513406001200737	1	1	1	1	1	1	1
ARCH150_ETV4_Elk1_Elk1_ETV4	0.00167486367877566	0.717941555148508	1	1	0.86047592333118	1	1	1	1
ARCH151_islike_ERG_FEV	3.11519472722062e-05	0.543038479755926	1	1	1	1	1	1	1
ARCH152_islike_ERG_FEV	0.0141117630764506	0.826341234951517	1	1	0.815256540975926	1	1	1	1
ARCH153_islike_ERG_FEV	0.950638900824807	0.807161578528537	1	0.570209963411651	1	0.821604316212093	1	1	1
ARCH154_Ets	0.00614759671284621	0.343325062585067	1	1	0.580740968652114	0.92025353879874	1	1	1
ARCH156_25_GACTCAGAGCTG,BestGuess_Ap	0.996619550878509	1	0.928252290730952	0.726372608522568	1	1	1	1	1
ARCH157_bHLH18	1	1	1	1	1	1	0.310232678377593	0.244067847024864	1
ARCH158_At5g22890	0.363443100288221	0.439459223215377	0.399279807562436	1	1	0.920874099349651	0.000862797152077087	1	1
ARCH159_FAR1	0.0607855039791929	1	0.817130332570043	0.96893531971987	1	0.68835722375334	0.269147543548009	1	1
ARCH15_10_CGAAATGGTA,BestGuess_AT2G	0.0235745805186363	0.582904672809185	1	0.96893531971987	1	0.715378326889242	1	1	1
ARCH160_ZNF652	1	1	0.707775005823513	1	1	0.657616522082145	0.403955516102212	1	0.664913785682958
ARCH161_TALE_TGIF1	1	1	0.855405888162588	0.755613538018563	0.980877098987376	1	1	1	1
ARCH162_islike_TALE_IRX1_TALE_IRX2	1	0.972840405633855	1	1	0.755667673980468	0.746482082137785	0.789728855408392	1	1
ARCH163_TEA	1	1	0.353385272292101	1	1	1	1	1	1
ARCH164_PU.1	0.000543225759314945	0.901544562603358	1	1	1	0.516612309694828	1	1	1
ARCH165_ETS_RUNX	0.780839394098343	1	1	1	1	0.604029570966542	0.516723307492482	1	1
ARCH166_islike_ERG_FEV	0.00425455189936288	0.149871002561347	1	1	0.86047592333118	1	1	1	1
ARCH167_islike_ERG_FEV	0.197756497012774	0.370129901476104	1	1	1	0.920874099349651	1	1	1
ARCH168_SPDEF	0.990463492997247	0.87266113841703	0.681989758342073	1	1	0.715378326889242	1	1	1
ARCH169_EWS_FLI1_fusion_EWS_ERG_fus	0.00326005530629406	1	1	1	0.763563140910535	1	1	1	1
ARCH16_6_GTCCATTAGHAG,BestGuess_Isl	0.91597967253897	0.0111921397774339	1	0.618088539626509	1	0.599293628960012	1	1	1
ARCH170_20_TCTTGTGAGT,BestGuess_MITF	0.923315456096716	1	1	1	1	1	1	1	1
ARCH171_GATA20	0.0907302985087177	0.439459223215377	1	1	1	1	1	1	1
ARCH172_HNF6	1	0.683171888641961	0.281262848116204	0.480850772529622	0.969174785337074	0.962029807289831	0.87778226139847	1	1
ARCH173_CUX1	0.681662455462671	1	0.658184831760207	0.125282014515553	1	1	1	1	1
ARCH174_At5g58900	0.0774086099968817	1	0.825618289672812	0.90102073563548	0.980877098987376	0.821604316212093	0.41765114125062	1	1
ARCH175_At1g68670	0.201114817167349	1	1	1	1	0.549969218477317	0.0205206299565719	1	1
ARCH176_DMRT1	0.950638900824807	1	1	0.570209963411651	0.539147775040907	0.2573987672561	0.0953889886910184	1	1
ARCH177_islike_FOXL1	1	1	0.289438501251048	1	0.815256540975926	0.568177351708246	0.025530205536256	1	1
ARCH178_ANTP_HOXA2_ANTP_HOXA3	0.950638900824807	1	0.0293478244145933	0.832958514057293	1	0.691953996193651	0.0653671641312283	1	1
ARCH179_zf-C4_Nuclear_receptors	0.100625712630443	0.758982458272378	1	0.353158587587913	1	0.290621848595707	0.0259662162383869	1	1
ARCH17_8_CTTCAAATGA,BestGuess_gl	0.990463492997247	0.87266113841703	6.10548363737828e-06	0.837239108554778	1	0.762233800814149	1	1	1
ARCH180_Nvec_v1g211734	1	1	0.751958149157452	0.910317862957776	0.980877098987376	1	0.527268219407871	1	1
ARCH181_Atoh1	0.520372631377243	0.27882589513125	1	0.77237529409709	1	0.765296318606803	1	1	1
ARCH182_ZEB2	0.71400311212025	0.91129967828357	1	1	1	0.018964396972965	1.25201299616443e-07	1	1
ARCH183_PU.1_IRF8_PU.1_IRF	0.253365854632627	0.960598050320753	0.978777614128447	0.666344104200416	1	1	1	1	1
ARCH184_1_AGAACTACCG,BestGuess_Rbm42	1	0.026345982777295	0.786066820516659	0.896706274088289	1	1	1	1	1
ARCH185_ISRE_IRF1	0.681662455462671	1	0.555468965509285	0.618088539626509	1	1	1	1	1
ARCH186_PRD_DMBX1	0.0549178447277002	0.761095728154897	1	1	1	0.0455895491163052	0.0259662162383869	1	1
ARCH187_GATA	0.00132100993045268	0.599544503088923	0.817458237327779	1	1	0.385324504067777	1	1	1
ARCH188_NFAT_AP1	1	0.933262992162999	0.225728181895864	1	1	0.947835478441887	1	1	1
ARCH189_p53_p53_p73	1	1	1	1	1	1	0.00241916560238724	1	1
ARCH18_1_GCCATTCAARCT,BestGuess_pho	1	0.921431373399498	0.0111521055651313	3.99447708574633e-07	0.580740968652114	1	0.000356213359559994	1	1
ARCH190_NF1	1	1	1	0.0869926326316518	1	0.188288238046552	1.38723653396078e-07	1	1
ARCH191_Tlx?	1	1	0.733368085517987	0.976890369430833	1	1	0.0495345811918242	0.313862934192676	1
ARCH192_GAGA_repeat	1	1	1	0.990216112130597	1	1	1	1	1
ARCH193_FOXP1_FOXP2_FOXP3	0.950638900824807	1	0.612043980561211	1	1	1	0.718907739781826	1	1
ARCH194_RFX5	1	0.921431373399498	0.855405888162588	0.308291962034338	1	1	0.869463596932405	1	1
ARCH195_RFX5	1	0.426692187751493	0.000258053072390376	0.344799949318704	1	1	0.442705325955201	1	1
ARCH196_TBX1	0.0907302985087177	1	1	1	1	1	1	1	1
ARCH197_TBX1	0.473547609967856	1	1	1	1	1	1	1	1
ARCH198_11_ACGTACGTAT,BestGuess_SPL1	0.663149517621687	1	0.117318041240788	1	1	0.691953996193651	0.354942389122454	1	1
ARCH199_Eomes	0.147032355052681	1	0.861409793501794	0.945007401229554	1	0.831135557819867	0.024356388612775	1	1
ARCH19_3_ATCATTTGTG,BestGuess_twi	1	0.901544562603358	1	1	1	0.599293628960012	0.338325945469241	1	0.358224527473291
ARCH1_1_GCGATAAGAC,BestGuess_srp	0.00496743018309945	0.960598050320753	0.955137575217466	1	1	1	1	1	1
ARCH200_8_CATATAACAC,BestGuess_STB5	1	0.162655970930267	0.539712173232088	1	1	0.243927228005495	0.631509772166964	1	1
ARCH201_25_GGTGTTTTAG,BestGuess_Pp_0	0.274667722856593	0.931873862472576	1	0.999461177005678	0.980877098987376	0.141041700836026	0.158511274930622	1	1
ARCH202_zf-C4_Nuclear_receptors	1	1	0.749217847632495	1	1	1	1	1	1
ARCH203_zf-C4_Nuclear_receptors	0.910308136016132	1	1	1	1	1	0.859781589152469	1	1
ARCH204_NR2C1	1	1	1	1	1	1	1	1	1
ARCH205_NR2F1_NR2F2	1	1	0.890078830860738	1	1	1	1	1	1
ARCH206_GATA4	0.0828195066003838	1	1	1	1	0.406920919915765	1	1	1
ARCH207_GATA14	0.0549178447277002	1	1	1	1	0.166015200071044	1	1	1
ARCH208_21_ATGGATCTGA,BestGuess_AGP1	0.722648258545326	0.764689580293289	1	1	1	0.715378326889242	0.0435018268311423	1	1
ARCH209_ZNF519	0.868356765107223	1	1	1	1	0.620731954622954	1	1	1
ARCH20_7_ATAWYCTSTAYA,BestGuess_KAN	0.000227223096604677	1	1	1	1	0.197880467845325	1	1	1
ARCH210_ZIC1_ZIC2_ZIC3_ZIC4	1	1	1	0.990216112130597	1	0.240310412263597	0.00471984776763758	1	1
ARCH211_Nvec_vc1.1_XM_032379347.2	1	0.871071227483445	0.910662335471514	0.672181189662786	0.86047592333118	1	0.549894496164586	1	1
ARCH212_HSF3_HSFA6B_HSF6	0.0141117630764506	0.0649581850502567	1	0.999461177005678	1	0.68835722375334	0.411571162997135	1	1
ARCH213_HSF1_HSF2	0.990463492997247	0.168774596294416	1	1	1	0.858485153730377	1	1	1
ARCH214_islike_SP5	0.172251540452826	1	1	0.848432770712295	1	1	0.423751355316739	1	1
ARCH215_zf-C2H2	0.268975590714832	1	1	0.910317862957776	1	1	1	1	1
ARCH216_KLF6	0.686903639002529	0.663825246281294	1	1	1	1	1	1	1
ARCH217_SP1_SP3	1	0.773170159466603	1	0.480850772529622	1	0.987749897646221	0.476972965771678	1	1
ARCH218_SP1_SP3	0.668919148973184	1	1	0.904767842280573	0.856703134712084	1	1	1	1
ARCH219_islike_EGR1_EGR2	0.079699517924911	0.758982458272378	1	1	1	1	1	1	1
ARCH21_9_CATCYCTACT,BestGuess_Unkno	0.789166731638806	0.442365695951402	1	0.993441663839515	1	1	0.473092891797642	1	1
ARCH220_islike_EGR1_EGR2	0.681223879313531	1	1	1	1	1	1	1	1
ARCH221_E2FA	1	0.141651919444494	1	0.818425417825079	1	0.715378326889242	1	1	1
ARCH222_E2F7	1	0.964238671908186	1	1	1	1	1	1	1
ARCH223_E2F7	1	0.709695067449906	1	1	1	1	1	1	1
ARCH224_E2F7	1	0.435218920543577	1	1	1	1	1	1	1
ARCH225_E2F7	0.599086428086024	0.00650585370586719	1	0.750349639279431	1	1	0.91613244232744	1	1
ARCH226_E2F_TDP_E2F4/E2F5	0.415992128877106	0.294830392798271	1	0.451091500695874	1	1	1	1	1
ARCH227_AT5G05550	0.570601733110238	0.87266113841703	1	1	1	1	1	1	1
ARCH228_CDM1	0.520372631377243	0.900791216502398	1	1	0.815256540975926	0.622911600859661	0.267814893083831	1	1
ARCH229_BORCS8_MEF2A_MEF2B_MEF2C	1	0.91129967828357	0.399279807562436	1	1	0.794913674167553	1	1	1
ARCH22_3_GGAATAGATACC,BestGuess_PH0	0.234875107940604	0.924980712311383	0.474637167186681	1	1	0.379069990931516	0.875831933517534	0.000412171770419395	1
ARCH230_SRF	1	1	1	1	0.287334684780506	0.746482082137785	1	1	1
ARCH231_FEA4	0.275670658585117	0.130799445856251	0.353103756571551	0.658677250666525	0.873872072095492	1	1	1	1
ARCH232_7_TGTGACGCCACA,BestGuess_CRE	1	0.495824976849586	1	1	0.245255087495994	1	1	0.328131445019061	1
ARCH233_XBP1	0.0037127757911036	0.0632139870388753	0.738902265800484	0.0250143156412756	0.539147775040907	1	1	1	1
ARCH234_CREB3_CREB3L3	0.00253512825421322	0.0142017591900459	0.855405888162588	0.201334337975362	0.20051822300114	1	1	1	1
ARCH235_Ap4	0.10500827867962	0.860791920277218	1	0.763834221884619	1	1	1	1	1
ARCH236_3_GGCCGTCGCAGA,BestGuess_Mad	1	0.0744773385591156	1	0.94370191545465	1	1	1	1	1
ARCH237_ANTP_HOXA2_ANTP_HOXA3	0.0907302985087177	1	0.442980014359442	1	1	0.421471699694263	0.205185367322083	1	1
ARCH238_ANTP_HOXA2_ANTP_HOXA3	0.160625267449963	1	0.509823267549073	0.90102073563548	1	0.672295943697095	0.136775124474688	1	1
ARCH239_ANTP_HOXA2_ANTP_HOXA3	0.273438869581231	1	0.635355172234671	1	1	0.778097118398501	0.703933657817497	1	1
ARCH23_8_CAGCAGTGGGCA,BestGuess_BOR	0.141660321232542	1	0.626033836828609	0.945007401229554	1	1	1	1	1
ARCH240_ANTP_HOXA2_ANTP_HOXA3	0.996619550878509	1	0.262525260964842	1	1	0.941687018512357	0.406391101641123	1	1
ARCH241_Atf1	0.0134597399437692	0.0244393612103221	0.186785619553163	0.0179692012732093	0.278526760883798	1	1	1	1
ARCH242_15_YTRTGACGTCAY,BestGuess_PB	0.0606809164419089	2.23587372197705e-06	0.470477100652621	0.843949272798687	0.86047592333118	1	1	1	1
ARCH243_XBP1	0.0287327710244182	0.0139171147229199	0.291370695199432	0.395574404749071	0.552835392718207	1	1	1	1
ARCH244_ATF1_CREB1	0.189853028806948	0.0954381351941769	0.118171928782278	0.358232077009349	0.930462044101794	1	1	1	1
ARCH245_AT3G60490	1	1	1	1	0.762746681936176	1	1	1	1
ARCH246_AT1G01250	0.94606895030981	0.924980712311383	1	1	1	1	1	1	1
ARCH247_CREB3L1	1	0.939741610406372	1	1	1	1	1	1	1
ARCH248_XBP1	1	0.663825246281294	1	1	1	1	1	1	1
ARCH249_CREB3_CREB3L3	1	0.921431373399498	0.242085388735798	0.981474808095449	1	1	1	1	1
ARCH24_23_GTGAGCAGGTGC,BestGuess_Sl	0.615730255951336	0.272249769521247	1	0.615083476502128	1	0.0118792983842055	3.36701783471999e-08	1	1
ARCH250_PCF	1	1	1	1	1	1	1	1	1
ARCH251_PRD_DMBX1	0.0813145521161474	1	1	1	1	1.42950381042754e-06	0.0205487900873242	1	1
ARCH252_PRD_DMBX1	0.00129217296106047	0.972840405633855	1	1	1	0.285926390502866	0.0334402211352825	1	1
ARCH253_7_RWTTTRGCRGAG,BestGuess_CHA	0.10500827867962	0.0900383969332717	0.855405888162588	0.841167686369252	1	0.743758630178743	1	1	1
ARCH254_2_TCCCTACCAAAA,BestGuess_HRB	1	1	1	1	1	1	1	0.0271806880243987	1
ARCH255_5_AGCGACAATG,BestGuess_Sox17	0.681662455462671	0.00173332536253962	0.561708864065881	0.79732531937379	1	1	0.957139040046073	1	1
ARCH256_6_TMKCGCCATW,BestGuess_E2FA	0.383779025483558	0.00026652466276745	0.419559027721382	1	1	0.765296318606803	1	1	1
ARCH257_E2F_TDP_E2F4/E2F5	0.520372631377243	0.27370227699263	1	0.593545603530944	1	1	1	1	1
ARCH258_E2F_TDP_E2F4/E2F5	1	0.126400263507623	1	0.848432770712295	1	0.905166360892944	0.965168233525014	1	1
ARCH259_8_CTAAGGACACCT,BestGuess_SRS	0.918040965586098	0.0087329230488695	0.530143916387356	0.480850772529622	1	1	0.738666021440069	1	1
ARCH25_6_GGCACATGCC,BestGuess_BHLH1	1	1	1	1	1	1	0.000308938819881674	1	1
ARCH260_1_GTCATTGGTCAC,BestGuess_RTG	1	1	1	1	1	0.00809676328208546	0.683221830041898	1	1
ARCH261_13_TAACACCGGC,BestGuess_STB5	0.8194550291692	1	1	1	1	2.59081373113987e-06	0.0151863848585896	1	1
ARCH262_9_WGATTTATTATC,BestGuess_HOX	1	0.221858580243282	0.0163225788868941	0.910317862957776	0.86047592333118	0.800453511062904	1	1	1
ARCH263_Pit1+1bp_Pit1+1bp	0.982756626402265	0.771724014821003	0.878231810749509	0.000267987396852589	0.158908439779402	5.13313020223017e-11	5.11318402487651e-47	1	1
ARCH264_18_TAAATGTTTAAT,BestGuess_Hn	0.910308136016132	1	0.954654781406379	0.949000045678957	0.980877098987376	0.000975585272725263	1.67650491083277e-23	1	1
ARCH265_PRD_PAX2_PRD_PAX5	0.906371289934184	1	0.189413918928789	1	1	0.166015200071044	0.000846043285288823	1	1
ARCH266_PRD_PAX2_PRD_PAX5	0.950638900824807	1	0.277255384360228	0.90666386462468	1	0.122645808378276	0.00209222776383733	1	1
ARCH267_11_TTAATGAGTTTT,BestGuess_PO	1	0.00378295869537489	0.008625404068244	1	1	0.720614234836205	0.475228714962663	1	1
ARCH268_13_CTMATTRRTTAT,BestGuess_PO	1	0.415308993557108	0.0217322680530002	0.750349639279431	0.590336796480734	0.00468996308035111	1.03061879407326e-14	1	1
ARCH269_Nvec_vc1.1_XM_032379347.2	0.513555452648677	0.432672183098567	0.000827943354615129	0.763834221884619	0.539577128042208	0.746038650642922	3.81263242074972e-08	1	1
ARCH26_9_CCCTATAGGGTG,BestGuess_CAr	0.393478627948551	1	0.999384187384181	1	0.980877098987376	0.348182482263993	1	1	1
ARCH270_12_TTCGTGTGCCTT,BestGuess_PB	1	0.019849680667734	0.279635885644375	1	1	1	1	1	1
ARCH271_Unknown1_M1BP	1	1	0.825618289672812	1	1	1	1	1	1
ARCH272_5_ATCGACATGAGC,BestGuess_DDF	1	1	1	1	1	1	1	0.158647414196868	1
ARCH273_7_ATACAMSGCYAT,BestGuess_MAL	0.415992128877106	1	1	1	1	1	1	0.177760519446195	1
ARCH274_14_GTGGCTTGTGRT,BestGuess_NA	0.959036301200248	1	0.588674054234894	0.0869926326316518	0.0384209077640104	1	0.425733301414366	0.512698364739869	1
ARCH275_YY1	1	1	1	1	1	1	1	1	1
ARCH276_ZFP42	1	1	1	1	1	1	1	1	1
ARCH277_FOXA1_FOXA2	0.996619550878509	1	1	0.353158587587913	1	1	1	1	1
ARCH278_Homeodomains	1	1	1	0.597529580559085	1	1	1	1	1
ARCH279_11_CCAATAAGCC,BestGuess_HAP2	1	0.13086285078994	1	1	0.189219617208278	1	0.200625336671053	1	1
ARCH27_17_MACWGRCCMGMC,BestGuess_PB	1	0.0938621841182571	1	1	0.980877098987376	1	0.956802023611147	1	1
ARCH280_NFY_NFY	0.0275067442527633	0.0134850815561413	1	0.395574404749071	0.20051822300114	0.0101083168067639	0.000846043285288823	1	1
ARCH281_2_TAATTGGCTGGA,BestGuess_LHX	0.177009140586861	0.335375128695486	1	0.818425417825079	0.873872072095492	7.37502681967349e-05	0.00186953750218677	1	1
ARCH282_MYB30	1	0.954734097927357	1	0.627457613385607	1	0.973771877732107	0.157498044352261	1	1
ARCH283_13_TGAGTAAAGA,BestGuess_br_Z	1	0.0241176067880285	0.236820248199137	1	1	1	1	1	1
ARCH284_3_GCTTACTCAC,BestGuess_CAD1	0.69928799221653	0.0179816275294	1	0.945007401229554	0.980877098987376	0.977355248817485	1	1	1
ARCH285_20_GTGAATAAGA,BestGuess_vvl	0.946070917467984	1	0.604650246770473	1	1	0.853428799651232	0.401998880095423	1	1
ARCH286_22_TTATTCAGAC,BestGuess_vvl	1	1	0.510705542207753	0.628486854064331	1	0.850184411373579	0.0594266028393035	1	1
ARCH287_4_GATTTACCGA,BestGuess_AT5G4	0.853749036220746	1	0.863943667095612	0.911150613947745	0.0107108659990616	0.235156091107191	0.353197426211757	1	1
ARCH288_14_ACACAAKGAR,BestGuess_HNRN	1	0.192566888508112	0.781216725541919	1	1	1	1	1	1
ARCH289_HMGbox_Sox	0.990463492997247	0.860791920277218	1	0.848432770712295	0.649345246285308	0.691953996193651	1	1	1
ARCH28_10_TCCTAGGAGA,BestGuess_PB01	1	1	6.77500071959127e-05	1	1	1	1	1	1
ARCH290_16_GGMAKTTTTATG,BestGuess_ca	1	0.00848854061955485	0.318264640214821	1	1	0.565421178096244	1	1	1
ARCH291_12_ACAACGAAAAAT,BestGuess_PB	0.242768690142402	1	0.530143916387356	1	1	0.879159130441262	1	1	1
ARCH292_11_ACCMRCAAWTGT,BestGuess_Ae	1	0.305067122316294	1	1	0.245255087495994	0.304756537282294	1.50211976475498e-07	1	1
ARCH293_SRF	1	1	0.828886396838321	0.90102073563548	0.777655935917833	1	1	1	1
ARCH294_SRF	1	1	1	0.841167686369252	0.40919109189824	1	1	1	1
ARCH295_19_GCTCACVCTAAC,BestGuess_HR	1	0.0883408151150209	0.988642358821314	0.493482997497675	1	0.599293628960012	1	1	1
ARCH296_5_AAWGMKCCTGMA,BestGuess_ttk	0.877748206860963	0.00921022890032003	1	1	1	0.973771877732107	0.651086059914868	1	1
ARCH297_18_AACTCATGCTGT,BestGuess_PB	1	0.924980712311383	1	0.71834544393224	1	1	0.0312329306144841	1	1
ARCH298_Nvec_vc1.1_XM_032379347.2	1	1	1	1	0.980877098987376	1	1	1	1
ARCH299_PRD_PAX2_PRD_PAX5	1	1	1	0.722943449204591	1	1	0.000318935783909594	1	0.457977368914371
ARCH29_23_ATCCTAGCCT,BestGuess_G3BP	1	0.432672183098567	0.0435413120767769	0.79732531937379	1	0.950882242632808	0.631509772166964	1	1
ARCH2_TRPS1	1.11632490631681e-06	0.91129967828357	0.608548329420527	0.763834221884619	1	0.348182482263993	1	1	1
ARCH300_PRD_PAX2_PRD_PAX5	0.950638900824807	1	1	1	1	1	1	1	0.358224527473291
ARCH301_2_WGWGCGKCAR,BestGuess_ZFP57	1	0.000451197972286006	1	1	1	1	1	1	1
ARCH302_9_CGGCCGCAAT,BestGuess_At5g0	1	1	1	1	1	0.000349348647496029	1	1	1
ARCH303_HMGbox_Sox	1	0.0925803103558615	0.688706280888253	1	1	1	1	1	1
ARCH304_HMGbox_Sox	1	0.771724014821003	0.962593903549561	1	1	1	1	1	1
ARCH305_HMGbox_Sox	1	0.901544562603358	0.477798420774386	1	1	1	1	1	1
ARCH306_HMGbox_Sox	1	0.0879407132309017	1	0.615083476502128	1	1	1	1	1
ARCH307_TGA3_TGA5	0.109585653262893	0.00224282851576554	0.612043980561211	0.765486577068769	0.550664803172929	1	1	1	1
ARCH308_Atf2	0.21952547071993	0.0408398158464465	0.474637167186681	0.483835193724007	0.706643211080314	1	1	1	1
ARCH309_5_WGATGTCATGAC,BestGuess_RXR	1	0.683171888641961	0.0886131714186657	0.0014760544277071	1	1	1	1	1
ARCH30_16_AMCAGYCTASGC,BestGuess_WR	0.868356765107223	0.999467190202457	0.422836182886981	0.0869926326316518	1	0.80877202413313	1	1	1
ARCH310_ATF2_ATF7	0.663149517621687	0.0651875653528512	0.365860923321304	0.516173255779696	0.556939806907991	1	1	1	1
ARCH311_Homeodomains	0.102901806520914	0.559481239383173	0.0668919389778151	1	1	1	1	1	1
ARCH312_Atf3_Fra2	0.94606895030981	0.275197648136976	0.399279807562436	0.287118696148926	1	0.270023347940653	1	1	1
ARCH313_BATF	0.914210919736903	0.359493717554478	0.0100374239199163	0.0206418423412856	1	0.68835722375334	1	1	1
ARCH314_FOS_FOSB_FOSL1	1	0.828344750344214	0.0154392064575563	0.837239108554778	1	0.847181003452737	0.651086059914868	1	1
ARCH315_FOS_FOSB_FOSL1	1	1	0.157343353338238	0.187609145923209	0.980877098987376	0.421471699694263	0.549894496164586	1	1
ARCH316_WUS1	1	0.0272435207092615	0.148609595637018	0.480850772529622	1	1	0.249313559142357	1	1
ARCH317_18_AGGCTATTGATT,BestGuess_ON	0.275670658585117	0.515687915360852	0.00248200759767094	0.395574404749071	1	0.80877202413313	0.0482154859641574	1	1
ARCH318_4_CAATAAATCA,BestGuess_PBX2	0.950638900824807	0.755748011613452	6.46259416265822e-17	0.0919016525386644	1	0.470222527104048	0.0997699258303756	1	1
ARCH319_Cux2	1	0.932798757102072	0.000196744290403793	0.700432342714887	0.856703134712084	0.765296318606803	0.129998098055396	1	1
ARCH31_10_TTATCGTAAAAG,BestGuess_HO	0.000589246610124353	0.495824976849586	0.150850125988655	1	1	0.603816716309222	0.300643957362762	1	1
ARCH320_1_TTATTGAYCAAT,BestGuess_slb	1	0.4520067967864	0.140755186148388	1	0.0576102424630028	0.166015200071044	0.231021322459414	1	1
ARCH321_6_GCCAATAAAACA,BestGuess_HOX	1	1	0.633267540350238	0.533479539589019	1	0.0102979048416893	1	1	1
ARCH322_TALE_PBX1_TALE_PBX3	1	0.467945999931837	0.00508297633961958	0.0647832525574967	0.980877098987376	0.715378326889242	0.310232678377593	1	1
ARCH323_AtGRF6	1	0.126400263507623	0.344690998517688	0.666344104200416	1	1	0.641719611643526	1	1
ARCH324_GRF9	1	0.126400263507623	0.344690998517688	0.666344104200416	1	1	0.641719611643526	1	1
ARCH325_OCT_OCT_short_OCT_OCT	0.950638900824807	1	1	4.24336264532805e-05	0.141789225069824	2.47396033089202e-08	1.78468780755464e-27	1	1
ARCH326_FUS3	1	1	1	0.910317862957776	1	1	2.29564010759737e-05	1	1
ARCH327_WRKY50	1	1	0.855405888162588	0.628486854064331	1	1	0.878573096212855	1	1
ARCH328_OCT4_SOX2_TCF_NANOG	0.864633099027769	1	1	0.656209023725609	0.218226488822199	0.859671183742367	0.00139980258814017	1	1
ARCH329_Oct4_Sox17	1	1	0.878231810749509	1	0.964515412325278	0.695358629854744	1	1	1
ARCH32_islike_ERG_FEV	0.0365971520107911	0.91129967828357	0.612043980561211	1	1	0.906869343945891	1	1	1
ARCH330_HMGbox_Sox	1	1	1	0.910317862957776	1	1	1	1	1
ARCH331_HMGbox_Sox	0.996619550878509	0.758982458272378	1	0.296164899347402	1	0.698756263574186	0.000224447896991151	1	1
ARCH332_PRDM15	1	0.495824976849586	1	1	1	0.277492756586047	1	1	1
ARCH333_3_CGGAAACCGCGA,BestGuess_RUN	0.615730255951336	0.192566888508112	1	0.837239108554778	0.763563140910535	0.000163291955911152	0.153796827024113	1	1
ARCH334_Forkhead	1	1	1	0.726372608522568	1	1	1	1	1
ARCH335_RUNX1_RUNX2	1	1	1	0.864377350774791	0.806294775479666	0.000185000304842043	1.42831091932869e-05	0.313862934192676	1
ARCH336_RUNX1_RUNX2	1	1	1	1	0.556939806907991	0.000389190580598621	0.00429617121404697	1	1
ARCH337_RUNX1_RUNX2	1	1	1	1	0.245255087495994	1	0.00679243645297423	0.837081514409651	1
ARCH338_RUNX1_RUNX2	1	1	1	1	1	0.000447941348526835	0.00209222776383733	1	1
ARCH339_RUNX1_RUNX2	1	1	1	1	1	0.00455330721740476	0.310232678377593	1	1
ARCH33_ANTP_NKX2_3_ANTP_NKX2_5	0.154908793520656	0.960598050320753	0.855405888162588	0.841167686369252	1	0.568177351708246	1	1	1
ARCH340_dof45	0.409868424551528	0.871727280866801	0.118171928782278	1	1	0.804304449173372	0.682220522016207	1	1
ARCH341_4_SCWMGTAAAATR,BestGuess_HOX	1	0.804768048380287	0.878231810749509	0.157552696983331	1	0.757187936998541	1	1	1
ARCH342_10_ARYAATCTACST,BestGuess_At	1	1	1	1	1	0.0785650904658031	1	1	1
ARCH343_20_ACAAAATAAGCC,BestGuess_Hu	0.778645750941958	1	1	0.90102073563548	0.70360948845224	0.000389190580598621	0.307222317471505	1	1
ARCH344_islike_FOXL1	1	0.758982458272378	1	0.841167686369252	0.592928320901286	1	0.0884593155266932	1	1
ARCH345_1_CCATGGCAAC,BestGuess_RFX3	0.853749036220746	0.00686474233716982	5.39560766933849e-31	4.39870296833825e-07	1	1	0.651086059914868	0.243163004213667	1
ARCH346_11_RSATACGATTGC,BestGuess_RB	0.823754615430305	1	0.177684127370355	0.639119800999603	0.980877098987376	0.386513831957686	1	1	1
ARCH347_3_ACAWSCWWTGTG,BestGuess_Sox	0.926593376858682	1	1	0.96893531971987	0.00316182175313304	0.83644586271439	1	1	1
ARCH348_ABF1	0.996619550878509	0.359493717554478	1	0.555384292255291	1	0.243927228005495	1	1	1
ARCH349_16_ACATAGTCTGTA,BestGuess_Tb	1	1	0.962593903549561	0.949781539059572	1	1	0.0170066246783985	1	1
ARCH34_12_AGTCTACGCA,BestGuess_ZSCA	0.274667722856593	1	1	0.993441663839515	1	1	1	1	1
ARCH350_SPL3	0.950638900824807	1	1	1	1	1	1	1	1
ARCH351_10_TKCATGTKTACC,BestGuess_FO	1	1	1	1	1	1	0.575145546742001	0.313862934192676	1
ARCH352_FOXK1	1	1	0.698124737296412	1	1	1	0.896734533524901	1	1
ARCH353_FOXK1	1	1	1	0.5274513299686	1	1	0.859781589152469	1	1
ARCH354_13_TTCTCCTCCTCC,BestGuess_TF	1	1	0.0444501455851419	1	1	1	1	1	1
ARCH355_17_RRGSAGGGTRTT,BestGuess_TR	0.982756626402265	0.771724014821003	0.0505529603691168	1	1	1	1	1	1
ARCH356_14_MATMTCCTCTMC,BestGuess_TF	1	1	1	0.108901079206051	1	0.715378326889242	1	1	1
ARCH357_9_ATGCTCGAGAAT,BestGuess_XBP	1	1	1	0.902086644408952	0.333122416723508	1	1	1	1
ARCH358_ZNF415	1	1	1	1	1	1	0.858840425076197	1	1
ARCH359_Ets	1	1	1	1	1	0.286004731210979	0.803362363863838	1	1
ARCH35_6_AAGCACACGCTC,BestGuess_Tp	0.0428925555015683	1	1	1	1	0.617133019331786	0.889737360796143	1	1
ARCH360_EHF_ELF3	1	1	1	1	0.980877098987376	0.988816100872049	0.853302007531343	1	1
ARCH361_14_GTCTAGCAAC,BestGuess_RFX1	1	1	0.452336147697141	1	0.20051822300114	1	1	1	1
ARCH362_Rfx5_Rfx5	1	0.335375128695486	4.52911298161019e-26	2.96477791225238e-06	0.856703134712084	1	0.650131177649254	1	1
ARCH363_Rfx6_Rfx6	1	0.87266113841703	4.29174100100425e-20	0.000267866814854064	0.86047592333118	0.990758241013382	0.948459227068041	1	1
ARCH364_13_CTAGAGCAAC,BestGuess_RFX1	0.91597967253897	1	0.0628720828783262	0.108901079206051	0.980877098987376	0.421471699694263	1	1	1
ARCH365_islike_RFX6	1	0.860791920277218	4.52793020411679e-14	0.000502768194434092	1	1	1	1	1
ARCH366_islike_RFX6	1	0.141651919444494	0.0426198085753405	0.750349639279431	0.269315435869413	0.361446864613272	0.670893880667182	1	1
ARCH367_WRKY46_WRKY22_WRKY11	1	1	0.830452908563318	0.508024351274718	1	1	1	1	1
ARCH368_WRKY28	1	1	0.804257708726909	0.990216112130597	1	1	1	1	1
ARCH369_16_GAACCTCTTG,BestGuess_GRHL	1	1	0.171791507664411	1	0.980877098987376	1	0.935648858692314	1	1
ARCH36_4_TATGYGCATATG,BestGuess_PB0	1	0.0111921397774339	1	1	0.980877098987376	1	0.0674138710987615	1	1
ARCH370_3_GGGACTTCTG,BestGuess_dl_B	0.864633099027769	1	1	0.930166953528287	0.400347919902577	1	1	0.0112892530114619	1
ARCH371_2_GTCATTTATC,BestGuess_Hoxb4	0.844542321531175	0.206985465384301	7.54029555623192e-21	0.270201935282589	1	0.715378326889242	0.750617473329479	1	1
ARCH372_LIN_39_Pdx1_Pdx1_LIN_39	1	0.00463854229338736	2.53520388474325e-21	0.00037788797167796	1	0.821604316212093	0.0109185744442125	1	1
ARCH373_Hoxb4	1	0.00774403673433433	1.18637130239719e-25	1.35510303584825e-05	1	0.604029570966542	0.0396451233520556	1	1
ARCH374_2_CTCTGTCATC,BestGuess_ems	0.327125491314598	1	1	0.0108869375734499	0.989712891036353	1	1	1	1
ARCH375_18_ACCAYCACCC,BestGuess_YBX1	1	1	0.0100374239199163	1	0.980877098987376	1	0.631509772166964	1	1
ARCH376_10_ACCGTGACCATG,BestGuess_Tv	1	1	0.4790534571525	0.0869926326316518	0.86047592333118	0.990758241013382	1	1	1
ARCH377_7_KGAYGCCGTT,BestGuess_MYB10	0.571911171341113	1	1	1	1	1	0.0290769613118975	1	1
ARCH378_9_GTCAGCACGC,BestGuess_bZIP9	0.950638900824807	0.73441592842991	1	0.975557723403829	0.856703134712084	1	1	0.109956198681954	1
ARCH379_FOXN1_FOXN4_FOXR1	0.000589246610124353	0.0452134008403712	0.797056352829263	1	1	0.661920623734028	1	1	1
ARCH37_19_TGTGGGCAAACT,BestGuess_ZN	1	1	1	1	1	1	0.406391101641123	1	1
ARCH380_Homeodomains	0.411333493511753	0.931873862472576	0.944152225320643	0.726372608522568	1	1	1	1	1
ARCH381_19_AAGCGGATGA,BestGuess_PH01	0.5951252515515	1	0.855405888162588	0.990216112130597	1	1	1	1	1
ARCH382_8_GGGAAAGAKC,BestGuess_Pcbp2	1	1	1	0.00692426836711047	1	1	1	1	1
ARCH383_1_RAGMSGATTT,BestGuess_Crx	0.681223879313531	1	1	1	0.957661065336435	1.19435867522139e-06	0.361418389013692	1	1
ARCH384_10_GGAGATAGGG,BestGuess_HNRN	0.931023822086115	1	1	1	0.856703134712084	1	1	0.00224351839806986	1
ARCH385_22_CTACCTTATT,BestGuess_dof4	1	1	5.46161758367383e-05	0.618088539626509	1	0.83644586271439	1	1	1
ARCH386_2_GACGTTAACGAT,BestGuess_MYB	1	1	3.76546126069861e-05	0.832958514057293	1	1	0.93605728836307	1	1
ARCH387_GATA2	0.0235745805186363	0.50951591228725	1	1	1	0.756020606890247	1	1	1
ARCH388_21_CSGMGGATGTAT,BestGuess_ni	1	0.294830392798271	0.562233099194737	0.949000045678957	0.86047592333118	0.598060174905004	1	1	1
ARCH389_14_CGGCAGTGGATC,BestGuess_ZN	0.637256268140835	0.758982458272378	1	1	1	1	0.222822978833681	1	1
ARCH38_2_TTGTGCGCAHTG,BestGuess_RCS	0.516561344511741	1	1	0.945007401229554	1	1	1	1	0.254992824337232
ARCH390_19_GGTACAACCT,BestGuess_At5g	1	0.615365258866844	0.997835937312753	1	1	0.950747923340655	0.329231502411703	1	1
ARCH391_ETS_E_box	1	1	1	0.96893531971987	1	1	0.898800975801574	1	1
ARCH392_ZNF341	0.950638900824807	0.807161578528537	1	1	1	0.821893286275155	1	1	1
ARCH393_24_TTTAAAAATG,BestGuess_Unkn	1	0.917457734908604	0.799545466179545	1	1	0.2573987672561	0.258627601638994	1	1
ARCH394_Mef2a	1	0.426692187751493	0.679073236771569	1	0.60024092671072	1	0.010749160250836	0.500031220767978	1
ARCH395_BORCS8_MEF2A_MEF2B_MEF2C	1	0.729563258961077	1	0.832958514057293	0.20051822300114	0.604029570966542	0.00196019815037933	1	1
ARCH396_4_GCACTTTAYAAA,BestGuess_AT1	1	1	0.00227977749442747	1	1	1	1	1	1
ARCH397_MYB40	0.996619550878509	1	1	0.27098403191751	1	1	1	1	1
ARCH398_AT3G10580	1	0.758982458272378	0.668810700781939	0.200698410340963	1	0.68835722375334	1	1	1
ARCH399_islike_EGR1_EGR2	0.0487601130331847	0.58735485266713	1	0.765486577068769	1	1	1	1	1
ARCH39_12_WAGATTCATAWG,BestGuess_TE	0.0137057848584525	1	0.781216725541919	1	1	0.698396765632037	1	1	1
ARCH3_ELT_3	0.00541898777597792	1	1	0.513513227434699	1	0.604029570966542	1	1	1
ARCH400_islike_EGR1_EGR2	0.605514265197851	1	0.855405888162588	1	1	1	1	1	1
ARCH401_islike_EGR1_EGR2	1	0.577822948933723	1	0.672181189662786	0.762746681936176	1	1	1	1
ARCH402_6_RAAATTGGTGAC,BestGuess_PB0	1	1	6.03045571043607e-05	0.191204862475258	0.980877098987376	0.980724507917029	0.783730121937729	1	1
ARCH403_bZIP	1	0.999467872911339	1	0.841167686369252	1	1	0.499688062628873	1	1
ARCH404_bZIP	1	1	0.981819376079215	0.480850772529622	1	1	1	1	1
ARCH405_5_TGCAACCAGA,BestGuess_SIX2	1	1	0.0127195770018177	0.493482997497675	1	1	0.352735112617172	1	1
ARCH406_RUNX1_RUNX_RUNX1_RUNX_AML	0.94606895030981	1	1	1	0.214772763475073	0.120841319088617	3.89000200995551e-09	0.271113264954405	1
ARCH407_RUNX1_RUNX2	1	0.592942834719351	1	0.96893531971987	0.20051822300114	0.000101736641206485	4.13517387363405e-30	0.485316573789393	1
ARCH408_Rfx1_Rfx2_X_box_RFX_X_bo	1	0.00219770170922378	2.25055223969576e-33	1.97501583809381e-10	1	1	0.564551938768516	1	1
ARCH409_islike_RFX6	1	0.00026652466276745	5.39560766933849e-31	6.19082184602594e-07	1	1	0.500346576944303	1	1
ARCH40_16_TATAATAGCATG,BestGuess_GA	0.0753748782263143	1	0.749217847632495	1	1	1	0.0365190973232055	1	1
ARCH410_HOXA1_HOXA2	1	0.0407038449821572	1.09331508731662e-15	0.00606679767022759	1	0.620731954622954	0.349031957487208	1	1
ARCH411_TALE_PBX1_TALE_PBX3	0.996619550878509	0.502305641246235	0.000169033297717907	0.556005501958866	1	0.80877202413313	0.289316981871444	1	1
ARCH412_Hoxc9_CDX4_HOXA9_Hoxc9	0.950638900824807	0.27370227699263	3.76154812607274e-10	0.00328386337651586	0.668824875581776	0.235156091107191	0.00457730586974149	1	1
ARCH413_PBX2	0.608567686718131	0.221858580243282	6.46259416265822e-17	0.107854029575026	1	0.759773090588555	0.631509772166964	1	1
ARCH414_STAT4_Stat3+il21	0.868356765107223	1	0.142744668749774	0.818425417825079	1	1	1	1	1
ARCH415_Bcl6	1	0.938812843832237	0.253972330689255	1	1	0.745006656899161	1	1	1
ARCH416_Nanog	0.130236424896004	0.0111921397774339	7.11884478349497e-09	0.107567312348648	1	0.695358629854744	0.349542708292284	1	1
ARCH417_ANTP_HOXA2_ANTP_HOXA3	1.63319570250105e-05	0.00549943173868714	4.78945707417404e-08	0.280951782014673	0.504680363217493	9.73102403867948e-05	5.35556606705718e-10	1	1
ARCH418_Esrrb	1	0.761095728154897	0.781216725541919	0.880929569428845	1	1	1	1	1
ARCH419_zf-C4_Nuclear_receptors	1	1	0.281262848116204	0.945007401229554	1	1	1	1	1
ARCH41_20_TGGGTATTTT,BestGuess_Unkn	0.0134597399437692	1	1	1	1	1	0.3969125211643	0.352297554995994	1
ARCH420_zf-C4_Nuclear_receptors	1	1	0.934277773303398	1	1	1	1	1	1
ARCH421_Meis1	0.861840346020762	1	0.0628720828783262	0.145479164878667	0.972477442396815	0.728834138741411	0.411130243055041	1	1
ARCH422_2_TCGCTGTGWG,BestGuess_RBP1	1	1	0.399279807562436	0.837239108554778	1	0.38440309867873	1	1	1
ARCH423_Zic	1	1	1	1	1	0.530150515158289	0.000425311030152495	1	1
ARCH424_PBX1	1	0.999467190202457	1	0.896706274088289	1	1	0.680956157721583	0.818866888969822	1
ARCH425_ANTP_MNX1	1	0.769817879124119	0.263177443340656	0.750349639279431	0.821972152759395	1	0.0823193371246528	1	1
ARCH426_ANTP_NKX2_3_ANTP_NKX2_5	1	1	0.00581906639854281	0.0421675514723664	1	1	0.0859216882664249	1	1
ARCH427_HOXB13	0.971947007391367	0.860791920277218	0.177559670244096	0.666344104200416	1	0.0825073568597988	0.707436536880925	1	1
ARCH428_Hoxd13_HOXD13_HOXD13	1	1	0.910662335471514	1	1	0.491682444156853	0.190347864723569	1	1
ARCH429_ANTP_HOXA2_ANTP_HOXA3	0.1801580816343	0.0192435449077852	0.00102993004291753	0.101234910597823	0.840397619008331	0.245048248000077	6.10391665640244e-06	1	1
ARCH42_1_AAGTGTATTTTG,BestGuess_MAL	1	0.00026652466276745	1	0.694988037614517	1	1	0.300696041230848	1	1
ARCH430_Nvec_vc1.1_XM_032377135.2	0.046620190290245	0.254620258745717	0.0016339205269023	1	1	0.0785650904658031	0.0641410245363759	1	1
ARCH431_islike_ANTP_EN1	0.615730255951336	1	0.000252313976692992	0.480850772529622	0.0384209077640104	0.604029570966542	1.20961964731552e-18	1	1
ARCH432_Unknown	0.91597967253897	0.87266113841703	0.038776618778652	0.409932246615284	1	1	0.354942389122454	1	1
ARCH433_zf-C4_Nuclear_receptors_NR2E1	1	1	1	1	1	1	1	1	1
ARCH434_zf-C4_Nuclear_receptors_NR2E1	1	1	1	1	1	1	1	1	1
ARCH435_zf-C4_Nuclear_receptors	1	1	0.944152225320643	1	1	1	1	1	1
ARCH436_zf-C4_Nuclear_receptors	1	1	1	1	1	1	1	1	1
ARCH437_zf-C4_Nuclear_receptors	1	1	1	1	1	1	1	1	1
ARCH438_NR2E1	1	0.0954381351941769	0.279635885644375	0.480850772529622	0.980877098987376	0.838438830231081	1	1	1
ARCH439_TGA2	0.0218744615142369	0.0142017591900459	0.0327443380870579	0.0647832525574967	1	1	1	1	1
ARCH43_14_GATGAATATA,BestGuess_Pit1	0.201114817167349	0.58735485266713	0.855405888162588	1	1	0.0938959877996024	0.178132698533121	1	1
ARCH440_19_AACGTCATAA,BestGuess_bZIP	0.516561344511741	0.924980712311383	0.416177758561402	0.194663735352964	0.763563140910535	0.648040945753139	0.527268219407871	1	1
ARCH441_FOS_FOSB_FOSL1	0.102901806520914	0.0197918132786267	0.000619291309409562	0.073684337311642	1	0.855553320250124	0.731115611479978	1	1
ARCH442_ATF1_CREB1	0.0164959025004137	0.0403957690794466	0.161564151800096	0.027010987541931	0.626250556453554	1	1	1	1
ARCH443_ARID2	0.996191708914407	0.00173332536253962	7.54255668759229e-10	0.067559290363637	0.245255087495994	0.00276577944825448	2.01502004500971e-17	1	1
ARCH444_ANTP_HOXA2_ANTP_HOXA3	0.615730255951336	1	0.000252313976692992	0.480850772529622	0.0384209077640104	0.604029570966542	1.20961964731552e-18	1	1
ARCH445_islike_ANTP_BARX1	1	0.11131780695075	0.00196621313827371	0.949000045678957	0.980877098987376	0.621448161312393	1.49549133081152e-05	1	1
ARCH446_At5g62940	0.996191708914407	1	0.4790534571525	1	1	1	0.0162761617969841	1	1
ARCH447_5_TTTATATTTT,BestGuess_TSO1	1	1	1	1	1	1	0.000214213110740005	1	1
ARCH448_Nvec_v1g211734	1	1	0.175482891456137	0.832958514057293	1	0.657616522082145	0.0034489711855926	1	1
ARCH449_RRTF1_ERF4_RAP212_RAP26	0.605514265197851	1	0.855405888162588	1	0.580740968652114	0.530150515158289	1	1	1
ARCH44_8_RAATACTCATCT,BestGuess_Brn	0.769608102809323	1	1	1	1	0.691953996193651	0.441153677800447	0.243163004213667	1
ARCH450_ZFP42	1	0.604847124252386	1	1	1	1	1	0.244934578965517	1
ARCH451_BORIS	0.864633099027769	1	0.703619716391935	0.990216112130597	0.984369312606617	0.0938959877996024	0.231021322459414	1	1
ARCH452_KLF10	1	1	1	1	0.972477442396815	1	1	1	1
ARCH453_AT1G20910	0.538124984171359	0.758982458272378	0.0579875877756974	0.873541680857716	0.763563140910535	0.243927228005495	0.0261082891121853	1	1
ARCH454_ANTP_HOXA2_ANTP_HOXA3	0.166143489437042	1	0.0277844452784406	1	1	0.549969218477317	0.0963989892529366	1	1
ARCH455_DMRT1	1	1	0.0066552264484697	0.916290424164414	0.86047592333118	0.648040945753139	1	1	1
ARCH456_Pax7	1	0.954734097927357	0.627898726990591	1	0.980877098987376	1	7.26658313274991e-05	1	1
ARCH457_FOXA1_FOXA2	1	1	0.878231810749509	1	1	0.604029570966542	0.172470144000661	1	1
ARCH458_FOXA1_FOXA2	1	1	1	1	1	0.762233800814149	0.0963142539864877	1	1
ARCH459_Homeodomains	1	0.924980712311383	0.00227776708747006	0.750349639279431	0.980877098987376	0.68835722375334	0.555564356513192	1	1
ARCH45_ARID5A	0.630970487355413	1	0.999384187384181	0.837239108554778	1	0.973771877732107	3.39793382473173e-05	1	1
ARCH460_Homeodomains	1	1	0.608548329420527	0.570209963411651	0.790732652506794	0.459341101919542	0.00314592758322281	1	1
ARCH461_1_CTACCGAACA,BestGuess_SOX12	1	1	1	0.00692426836711047	1	1	1	1	1
ARCH462_HMGbox_Sox	0.987603515000077	0.771724014821003	1	0.780797231679087	0.86047592333118	1	1	1	1
ARCH463_HMGbox_Sox	0.323319980790227	1	1	0.656209023725609	0.20051822300114	1	1	1	1
ARCH464_HMGbox_Sox	0.681662455462671	1	1	0.280951782014673	0.253609222599244	0.941687018512357	1	1	1
ARCH465_7_ACCGAGGCTACC,BestGuess_PB0	1	0.599544503088923	1	0.0250143156412756	1	0.695358629854744	1	1	1
ARCH466_20_TGGCCACAGG,BestGuess_Bcl1	1	1	1	1	0.980877098987376	0.0115757398125639	0.102103688922662	1	1
ARCH467_24_TCGWTCCCAGGG,BestGuess_EB	0.877748206860963	1	1	0.96893531971987	0.980877098987376	1	1	0.406932975990376	1
ARCH468_6_TCGTTAATTT,BestGuess_tll	0.97903153914524	0.771724014821003	1	0.0136567399572409	1	0.855553320250124	0.125743686187578	1	1
ARCH469_ANTP_HOXA2_ANTP_HOXA3	0.615730255951336	1	0.000252313976692992	0.480850772529622	0.0384209077640104	0.604029570966542	1.20961964731552e-18	1	1
ARCH46_islike_FOXL1	0.137650108821767	0.563514863969754	0.142744668749774	1	0.980877098987376	0.549969218477317	1	1	1
ARCH470_ANTP_HOXA2_ANTP_HOXA3	0.615730255951336	1	0.000252313976692992	0.480850772529622	0.0384209077640104	0.604029570966542	1.20961964731552e-18	1	1
ARCH471_9_CGTCCTTAGG,BestGuess_ZmHOX	1	0.771724014821003	1	0.0575291002109735	0.980877098987376	1	1	1	1
ARCH472_Forkhead	1	1	1	1	1	1	0.778146339520036	1	1
ARCH473_12_GACGTAAGCATA,BestGuess_PH	1	1	0.30728245861352	0.00307363821445512	1	0.661920623734028	0.538831310757216	1	1
ARCH474_bZIP	1	1	1	0.96893531971987	1	1	1	1	1
ARCH475_bZIP	1	1	0.797056352829263	1	1	1	0.997589058973898	1	1
ARCH476_13_TTTGCTGAAAMA,BestGuess_AT	0.971947007391367	1	1	0.12323499119493	1	0.865276936959	1	1	1
ARCH477_5_GTTTKCKYACAA,BestGuess_AT5	1	1	0.830452908563318	1	1	1	0.496805251402648	1	0.495387193899615
ARCH478_18_ATGAATGACCGT,BestGuess_NR	1	0.0889240460777912	0.0124663718812106	0.308291962034338	1	0.756067086371571	0.301516776492676	1	1
ARCH479_6_TAAGGGCAATCC,BestGuess_AT2	1	1	1	1	1	1	1	1	0.209875399287018
ARCH47_13_GGATTAGCTT,BestGuess_DPRX	3.13953734158332e-06	0.972840405633855	1	1	1	0.261822960944934	0.119362030860948	1	1
ARCH480_MYB_MYBL1	0.134682586857825	1	0.220802689431526	0.666344104200416	1	1	0.898800975801574	1	1
ARCH481_18_AATTACGTAA,BestGuess_gt	0.5951252515515	1	0.547295495731862	0.353622408250012	0.980877098987376	0.56572281604444	0.0678482333459242	1	1
ARCH482_ANTP_HOXA2_ANTP_HOXA3	1	1	0.454527592794648	0.067559290363637	0.488301407084309	0.239234180822698	7.07052987257133e-07	1	1
ARCH483_ANTP_MNX1	1	0.21840752466559	2.30227843926296e-05	0.395574404749071	0.0384209077640104	0.720614234836205	1.98419198503436e-07	1	1
ARCH484_19_GCGCKCGCTT,BestGuess_PB00	0.0235745805186363	1	0.353103756571551	0.127498541221677	0.86047592333118	0.695358629854744	1	1	1
ARCH485_E2F7	0.299321624325675	1	0.279635885644375	0.474915126122852	0.693041452673096	1	1	1	1
ARCH486_Nvec_v1g200125	0.00376403012449389	0.559481239383173	0.863943667095612	1	0.972477442396815	0.695358629854744	1	1	1
ARCH487_21_GAGTTGTGTG,BestGuess_PB02	1	1	1	0.942993298341347	1	1	0.635680188299513	1	1
ARCH488_2_CTCGGCCTTC,BestGuess_REF2	1	1	1	1	0.027554818107809	1	1	1	1
ARCH489_18_TGGCCCTGGC,BestGuess_SKN7	1	1	1	1	1	0.695358629854744	0.125743686187578	1	1
ARCH48_22_TKGATTAGCGCT,BestGuess_pr	0.160407021255307	0.515687915360852	0.55219641838777	0.848432770712295	1	0.0142685010962805	0.679118427379355	1	1
ARCH490_2_SGAAAGTGMTTT,BestGuess_TEA	1	0.619794641023616	1	0.0250143156412756	1	1	0.516056197191186	1	1
ARCH491_18_GCAGGGATTTTA,BestGuess_Gf	0.440332931033585	1	1	1	0.86047592333118	0.0406145851312699	0.118646553898724	1	1
ARCH492_NFkB_p65	0.5951252515515	0.773170159466603	1	1	1	0.348182482263993	0.0365476937405585	1	1
ARCH493_NFkB_p65_Rel	0.959036301200248	0.938080670104869	1	1	0.980877098987376	0.695358629854744	0.50806712223138	1	1
ARCH494_3_CTATACTKTTGC,BestGuess_Tb	1	0.683171888641961	1	0.000682190633261252	1	1	0.670893880667182	1	1
ARCH495_IDD5	1	0.921431373399498	1	1	1	0.599293628960012	0.411130243055041	1	1
ARCH496_Ets	0.507693129415063	1	1	0.843949272798687	1	1	1	1	1
ARCH497_FOXK1	1	1	1	1	1	0.821604316212093	0.778146339520036	1	1
ARCH498_Forkhead_FOXC1/FOXC2	1	1	1	0.981474808095449	1	1	0.91613244232744	1	1
ARCH499_HMGbox_Sox	0.5951252515515	1	1	1	1	1	0.782789687907885	1	1
ARCH49_Homeodomains	0.0606809164419089	1	1	1	1	0.198674579935009	0.0159789618159248	1	1
ARCH4_GATA3	0.00197339088832104	0.871071227483445	0.855405888162588	1	1	0.68835722375334	1	1	1
ARCH500_HMGbox_Sox	0.274667722856593	0.124652801377445	1	1	1	0.235156091107191	0.525206105077224	1	1
ARCH501_HMGbox_Sox	1	1	1	1	1	1	0.289316981871444	1	1
ARCH502_4_CTCCCTTGGG,BestGuess_Ebf2	1	1	0.602463045528904	0.00182683242362385	0.980877098987376	1	1	1	1
ARCH503_bHLH157	1	1	1	0.0814487850041791	1	0.920874099349651	0.638820992824079	1	1
ARCH504_ARNTL	1	1	0.635355172234671	1	1	1	1	1	1
ARCH505_ATF1_CREB1	0.428240790504614	1	0.863943667095612	0.656209023725609	1	1	1	1	1
ARCH506_ATF1_CREB1	0.280935978511163	0.515687915360852	0.0985889427408408	0.280951782014673	1	1	1	1	1
ARCH507_ARF2	1	0.466397704191759	0.883742479339889	1	0.0462226440601408	1	1	1	1
ARCH508_16_GTCGGAATAC,BestGuess_PF10	1	1	1	0.90102073563548	1	0.708693060490117	0.0312329306144841	1	1
ARCH509_24_TTGTCCAGAC,BestGuess_SMAD	1	1	1	0.521897871551804	0.762746681936176	1	1	1	1
ARCH50_PRD_DMBX1	0.215357511626467	1	1	1	1	0.0498818592908163	0.0436390213411445	1	1
ARCH510_SMAD2	0.653669764203625	0.127233327846143	0.890078830860738	1	0.70360948845224	1	0.963874079138614	1	1
ARCH511_SMAD2	0.799005725993747	0.935143312538238	0.633267540350238	0.975538580721547	1	1	1	1	1
ARCH512_ANL2	1	0.568314363990648	0.000463602171443988	0.012903337517424	0.400347919902577	0.230079953442446	0.002781215031364	1	1
ARCH513_HAT5_HAT5_ATHB40	1	0.875644022534969	1	1	0.0129642669840167	0.145036627620853	3.20487729360473e-08	1	1
ARCH514_islike_PRD_ARX	1	0.42214172159014	1.09004856947318e-08	0.480850772529622	0.539147775040907	0.243927228005495	3.96426678808425e-12	1	1
ARCH515_6_CTGTTTATCA,BestGuess_FOXL1	1	1	1	0.164679633936901	0.000446838666398597	0.68835722375334	0.0140003727699761	1	1
ARCH516_21_GTTAATCTGTTY,BestGuess_Kr	0.315051571930832	0.960598050320753	0.00277490891828021	1	1	0.261822960944934	0.41765114125062	1	1
ARCH517_1_GAATAAACGG,BestGuess_zen	1	1	0.890078830860738	1	1	1	1	0.0261828414228611	1
ARCH518_7_ACCCTGTGCG,BestGuess_PB019	1	1	1	1	0.20051822300114	1	1	1	1
ARCH519_4_GTCCCGCTGA,BestGuess_Rever	1	0.818483177016286	1	1	1	0.962029807289831	0.182969526593517	1	1
ARCH51_PRD_DMBX1	0.00877751646561945	0.895432944122487	1	1	1	0.100618212657853	0.782789687907885	1	1
ARCH520_19_ACCAGAGGGT,BestGuess_TAL1	1	1	1	1	0.668824875581776	0.715378326889242	1	0.158647414196868	1
ARCH521_Mouse_Recombination_Hotspot	0.307311979951043	1	0.547295495731862	0.860106795111342	0.580740968652114	1	1	1	1
ARCH522_ZNF136	1	1	1	1	1	0.701993243386803	0.683016989219328	1	1
ARCH523_ZFP42	1	1	1	1	1	1	1	1	1
ARCH524_GFI1	1	0.742792446304563	0.863943667095612	0.330689863323626	0.856703134712084	0.420671103796567	0.938029870049905	1	1
ARCH525_ETV6	0.274667722856593	0.0925803103558615	0.251107158750317	1	1	0.962029807289831	1	1	1
ARCH526_ETV6	0.197100450151111	0.0675291289790757	0.458834235428995	1	1	1	0.683221830041898	1	1
ARCH527_GATA2	0.681223879313531	1	0.855405888162588	0.899748957349407	0.898685533973647	0.928258115435274	0.244141428854833	1	1
ARCH528_GATA2	0.140438127528158	1	0.147645211891594	1	1	0.990758241013382	0.0313164260147672	1	1
ARCH529_ANTP_HOXA2_ANTP_HOXA3	0.538124984171359	1	0.349322683571919	0.837239108554778	1	1	1	1	1
ARCH52_PRD_DMBX1	0.0011471559462389	0.742711342183027	1	1	0.980877098987376	0.0489224309874485	0.000428290065633241	1	1
ARCH530_ANTP_HOXA2_ANTP_HOXA3	0.5951252515515	0.888238894795664	0.134255115886258	0.307563190042231	1	0.530150515158289	0.0005522740554596	1	1
ARCH531_Homeodomains	0.9790169945766	1	0.23908549309755	0.763834221884619	1	0.973771877732107	0.102330936547806	1	1
ARCH532_Homeodomains	1	0.0813702587504123	0.910662335471514	1	1	0.762233800814149	0.0264417282456725	1	1
ARCH533_HMGbox_Sox	1	1	0.876996821455561	1	0.847916872089809	0.620731954622954	1	1	1
ARCH534_HMGbox_Sox	1	1	0.738902265800484	1	1	1	0.811335515546423	1	1
ARCH535_14_MATWGACCACMA,BestGuess_PB	1	1	1	1	1	0.00330208127051987	0.482613789742255	1	1
ARCH536_17_TGACCCATTTCC,BestGuess_Hr	1	0.999467872911339	0.562233099194737	0.990216112130597	1	1	1	0.500031220767978	1
ARCH537_21_ATTTGAGGGTCA,BestGuess_Hr	1	1	0.638822265905136	0.911150613947745	1	0.604029570966542	0.621393477051886	1	1
ARCH538_zf-C4_Nuclear_receptors	1	1	1	0.818425417825079	1	1	1	1	1
ARCH539_zf-C4_Nuclear_receptors	1	1	1	1	0.818921300774064	1	1	1	1
ARCH53_PRD_DMBX1	0.00107000228948921	0.718213922171853	1	0.943182154223979	1	0.348182482263993	0.223325230458782	1	1
ARCH540_NR2E1	0.909018299995202	0.999467190202457	1	1	1	1	1	1	1
ARCH541_5_TATTCCACGG,BestGuess_nit_4	1	0.964238671908186	1	1	1	0.261822960944934	0.575145546742001	1	1
ARCH542_TEAD3_TEAD2_TEAD4	1	1	1	1	1	1	1	1	1
ARCH543_TEA	1	1	1	1	1	1	0.670893880667182	1	1
ARCH544_17_TTATTAATAATA,BestGuess_PB	0.990463492997247	1	0.365653394001169	1	0.767311520112352	0.00946416768915545	0.00139980258814017	1	1
ARCH545_4_TGTTAATAATTA,BestGuess_HNF	1	1	1	0.493482997497675	1	0.290621848595707	1.83969888254952e-21	1	1
ARCH546_DMRT1	0.71400311212025	0.758982458272378	0.642331791967027	0.96893531971987	0.539147775040907	1	0.160867512172834	1	1
ARCH547_ANTP_MNX1	0.961210318908599	1	0.0347675386469611	1	0.6595730048458	0.228665541450469	2.04062556328377e-05	1	1
ARCH548_PRD_DMBX1	0.280935978511163	1	0.612043980561211	0.975538580721547	0.245255087495994	0.467589178857035	3.6226290379541e-11	1	1
ARCH549_islike_HMG20A	0.37347518668468	0.888238894795664	0.327714821531752	0.96893531971987	0.978502713203136	0.284186333005633	0.0436390213411445	1	1
ARCH54_1_ACAGAAATCTCT,BestGuess_LCL	0.00011807192028151	0.931873862472576	0.804257708726909	0.975557723403829	1	0.941687018512357	1	1	1
ARCH550_Nvec_vc1.1_XM_032368623.2	0.319511184103104	1	0.394533854794599	0.999461177005678	0.580740968652114	0.160580754514064	3.69047871878807e-09	1	1
ARCH551_16_TTACTGATTT,BestGuess_ONEC	1	0.78747867187312	0.876649363890627	0.560767377700754	1	0.000349348647496029	0.0436390213411445	1	1
ARCH552_Hnf1_HNF1b	1	1	0.862267154413648	0.818425417825079	1	0.00187617285042079	2.13188474879182e-39	1	1
ARCH553_ANTP_HOXA2_ANTP_HOXA3	1	1	0.878231810749509	1	1	1	0.316955948113292	1	1
ARCH554_ANTP_HOXA2_ANTP_HOXA3	1	0.565647859680341	0.30728245861352	0.96893531971987	0.0384209077640104	0.756020606890247	0.00221894758221029	1	1
ARCH555_19_TTRTACCATTCT,BestGuess_So	1	1	0.279635885644375	1	1	0.15839470674378	0.342818881533904	1	1
ARCH556_4_GATATCATACTT,BestGuess_PH0	0.700989454652901	1	1	0.763834221884619	1	1	1	0.117318082625031	1
ARCH557_SINE_SIX1	0.961210318908599	0.990568473237884	0.782230793839559	0.816018072198471	0.959838121884364	1	1	1	1
ARCH558_SINE_SIX3	0.232703776232536	0.775876261032896	0.825618289672812	1	1	1	0.0746913951440443	1	1
ARCH559_7_CACACCGCACGG,BestGuess_PHO	1	0.790737376295732	1	1	0.980877098987376	0.267901310081499	0.666952790834022	1	1
ARCH55_2_GAATGTCTTTCT,BestGuess_Tb	1	0.00173332536253962	0.609454657357234	1	1	0.92025353879874	0.868033877065403	1	1
ARCH560_islike_TWIST1	1	1	0.962593903549561	0.320166357385649	1	1	0.800222023984544	1	1
ARCH561_TBX2	1	1	1	1	1	1	0.833601200953162	1	1
ARCH562_ZEB1	0.0813145521161474	0.495824976849586	1	0.187609145923209	0.0019443948541589	2.47396033089202e-08	7.93793430403095e-50	1	1
ARCH563_Zelda	1	1	1	1	1	0.463044583357202	0.000361432437591763	1	1
ARCH564_SCRT1	1	1	1	1	0.490447040662624	0.442433620656473	1.26304244453941e-07	1	1
ARCH565_NeuroD1	0.274667722856593	0.758982458272378	1	0.480850772529622	0.668824875581776	1	1.60652638535275e-05	1	1
ARCH566_6_ACCRCARCASKT,BestGuess_RUN	1	1	1	1	1	0.0549619683728427	0.00580848513916883	0.313862934192676	1
ARCH567_zf-C2H2	1	1	1	0.763834221884619	0.710581712137603	1	2.76354254415599e-05	1	1
ARCH568_10_ATACGGGTTT,BestGuess_PB00	1	1	1	1	0.818921300774064	1	2.5088247616593e-05	1	1
ARCH569_13_ACCGGATTGT,BestGuess_TFCP	1	1	1	1	1	0.565421178096244	0.00035223279950336	1	1
ARCH56_8_CGAAAATTTTCC,BestGuess_SFP	1	1	1	0.485624209992399	0.856703134712084	0.80877202413313	0.422238262297421	1	1
ARCH570_AT1G76870	0.722648258545326	1	1	0.832958514057293	0.762746681936176	0.000965542692551211	2.50036046182627e-07	1	1
ARCH571_12_TCGTAACCCC,BestGuess_usp	0.415992128877106	1	1	0.942993298341347	0.763563140910535	0.988816100872049	2.29564010759737e-05	1	1
ARCH572_14_GTGACCCCCC,BestGuess_usp	1	1	1	1	1	1	0.342818881533904	1	1
ARCH573_zf-C4_Nuclear_receptors	1	1	0.436500911837951	1	1	1	1	1	1
ARCH574_15_ATGACCCGTC,BestGuess_Hr46	1	0.807645175700818	1	0.672181189662786	1	1	0.000356213359559994	1	1
ARCH575_3_CGCCTCATGG,BestGuess_Tv_02	1	0.828344750344214	1	1	1	1	0.352735112617172	1	1
ARCH576_5_CGCGCATTGC,BestGuess_PB019	1	0.636505084083302	1	1	1	0.973771877732107	1	1	1
ARCH577_E2F7	1	0.828344750344214	1	0.832958514057293	0.20051822300114	1	0.649031743132393	1	1
ARCH578_E2F4	0.000979326353491727	0.415308993557108	0.562233099194737	0.96893531971987	0.856703134712084	1	0.941005621522604	1	1
ARCH579_SeqBias	1	1	1	1	1	1	0.638820992824079	1	1
ARCH57_11_ATATTTCTTTCA,BestGuess_AT	1	1	1	0.0287773232881926	1	0.261822960944934	0.293736577297998	1	1
ARCH580_15_TGTGGATGGY,BestGuess_ZNF3	0.968587965046247	1	1	0.911150613947745	1	1	0.411640785617812	0.0286180181657729	1
ARCH581_12_TMYAMACCATMC,BestGuess_BR	0.823829448323795	1	0.883742479339889	1	1	0.549969218477317	1	1	1
ARCH582_EKLF	0.996619550878509	1	1	1	1	1	1	1	1
ARCH583_islike_SP5	0.873114340948714	0.370129901476104	1	0.942993298341347	1	0.695358629854744	1	1	1
ARCH584_zf-C2H2	0.681662455462671	1	0.814142526919174	1	1	1	1	1	1
ARCH585_SP1_SP3	0.524033558962358	1	1	1	1	1	1	1	1
ARCH586_KLF10	1	0.718213922171853	0.279635885644375	0.763834221884619	0.214772763475073	1	0.93605728836307	1	1
ARCH587_dHNF4	1	0.939741610406372	1	0.974964038736083	1	1	0.445554146130829	1	1
ARCH588_zf-C4_Nuclear_receptors	1	1	1	1	1	1	1	1	1
ARCH589_zf-C4_Nuclear_receptors	1	1	1	1	1	1	1	1	1
ARCH58_At3g24120	1	0.938080670104869	0.715476139262268	0.991432229914838	1	1	0.403955516102212	1	1
ARCH590_zf-C4_Nuclear_receptors	1	1	1	1	1	1	1	1	1
ARCH591_zf-C4_Nuclear_receptors	1	1	0.81418920283221	1	1	1	1	1	1
ARCH592_NR2E1	0.597580208149179	1	1	0.911150613947745	1	1	0.796437949401145	1	1
ARCH593_NR2E1	1	1	1	0.990216112130597	1	1	1	1	1
ARCH594_NR2E1	1	1	1	1	1	1	1	1	1
ARCH595_NR2E1	1	1	1	1	1	1	1	1	1
ARCH596_NR2E1	1	1	1	0.587726183434532	1	1	1	1	1
ARCH597_NR2E1	1	1	1	0.859626236424697	1	1	1	1	1
ARCH598_NR2E1	1	1	1	1	1	1	1	1	1
ARCH599_FoxL2_Foxa2	1	1	1	1	1	0.571384200606791	0.176493399817253	1	1
ARCH59_AT2G38300	1	1	1	1	1	1	0.231021322459414	1	1
ARCH5_22_CTTATCATTATA,BestGuess_PB	0.888200693821013	1	0.638822265905136	0.540868935143041	0.668824875581776	0.865276936959	0.524771906000155	0.809948867585278	1
ARCH600_FOXK1	1	1	1	1	1	0.122645808378276	0.0365190973232055	1	1
ARCH601_FOXK2	0.864633099027769	1	1	0.96893531971987	1	0.516612309694828	0.325467619940119	1	1
ARCH602_FOXP1	1	1	1	1	1	0.122645808378276	0.0365190973232055	1	1
ARCH603_Foxf1	1	1	1	1	1	0.385324504067777	0.0112313430433136	1	1
ARCH604_FOXK1	1	1	1	0.873541680857716	0.86047592333118	0.620731954622954	0.00187605477113571	1	1
ARCH605_FOXK1	1	1	1	1	1	0.243927228005495	0.0594266028393035	1	1
ARCH606_islike_FOXL1	1	1	1	1	1	0.92025353879874	0.00284745953220137	1	1
ARCH607_islike_FOXL1	1	1	0.999384187384181	0.96893531971987	1	0.604029570966542	0.0305966927840094	1	1
ARCH608_islike_FOXL1	1	1	1	1	1	0.479110831732051	0.371664063709362	1	1
ARCH609_islike_FOXL1	1	1	1	0.474915126122852	1	0.906869343945891	0.631509772166964	1	1
ARCH60_14_AAGATAACGT,BestGuess_GATA	0.000145421879726442	0.636505084083302	1	1	0.980877098987376	0.821604316212093	1	1	1
ARCH610_islike_FOXL1	1	1	1	1	1	0.692741501359929	0.0746316913555114	1	1
ARCH611_FOXA1_FOXA2	1	1	1	1	1	0.604029570966542	0.688728778613266	1	1
ARCH612_FOXC1	0.700989454652901	1	0.738902265800484	1	0.918966023829588	0.175732864589347	0.118646553898724	1	1
ARCH613_FOXC1	1	1	1	1	1	0.213405614660568	4.05639778849728e-05	1	1
ARCH614_FOXD3	1	1	1	1	1	0.341381694895391	0.0963142539864877	1	1
ARCH615_FOXK1	1	1	1	1	1	0.122645808378276	0.0365190973232055	1	1
ARCH616_islike_FOXL1	1	1	0.245762994883448	0.974964038736083	1	0.100618212657853	1.8764876687325e-06	1	1
ARCH617_islike_FOXL1	1	1	1	1	1	0.391097410089542	0.0181818279890021	1	1
ARCH618_islike_FOXL1	0.996619550878509	1	1	1	1	0.152869987046204	0.0305966927840094	1	1
ARCH619_islike_FOXL1	1	1	1	1	1	0.100618212657853	0.00167750591390901	1	1
ARCH61_15_ACCGTTAGAC,BestGuess_OVOL	0.37347518668468	0.921431373399498	1	1	0.980877098987376	0.996046066598268	0.651086059914868	1	1
ARCH620_islike_FOXL1	1	1	1	1	1	1	0.0108163174434426	1	1
ARCH621_Pax8_PAX5	1	1	1	1	1	1	1	1	1
ARCH622_PRD_PAX2/PRD_PAX5/PRD_PAX8	1	1	1	1	1	1	1	1	0.457977368914371
ARCH623_Nvec_vc1.1_XM_032379347.2	1	1	1	1	1	1	1	1	0.358224527473291
ARCH624_Homeodomains	1	1	1	1	1	1	1	1	1
ARCH625_Homeodomains	1	1	1	1	1	1	1	1	1
ARCH626_Homeodomains	1	1	1	1	1	1	1	1	1
ARCH627_Homeodomains	1	1	1	0.841167686369252	1	1	1	1	0.209875399287018
ARCH628_PAX3_FKHR_fusion	1	1	1	1	0.539147775040907	1	0.289316981871444	1	1
ARCH629_PRD_PAX2_PRD_PAX5	1	1	1	0.348256440737694	1	0.947744456917519	1	1	1
ARCH62_STAT6	0.919855218852111	0.895432944122487	0.186785619553163	1	1	1	1	1	1
ARCH630_PRD_PAX2_PRD_PAX5	1	0.999467190202457	1	1	0.980877098987376	1	1	1	1
ARCH631_AMYB	1	0.0879407132309017	0.638822265905136	0.574342001971835	1	1	0.0471212701602054	1	1
ARCH632_CEBP_AP1	1	1	1	0.837239108554778	1	0.759773090588555	0.077743029062902	1	1
ARCH633_11_CTTGCCTTAT,BestGuess_SD00	0.910308136016132	0.91129967828357	1	0.949000045678957	1	1	0.600341722287303	1	1
ARCH634_islike_TALE_IRX1_TALE_IRX2	1	1	0.962593903549561	1	0.980877098987376	1	0.821455608218436	1	1
ARCH635_ATHB18	1	0.589265266742637	0.768466477590654	0.990216112130597	0.86047592333118	0.491682444156853	0.00288316609639595	1	1
ARCH636_WRKY18	1	0.758982458272378	0.955137575217466	0.88629612370315	1	1	1	1	1
ARCH637_zf-C4_Nuclear_receptors	1	1	0.300918870988058	0.911150613947745	0.978502713203136	1	1	1	1
ARCH638_NR2E1	1	1	0.719401019518257	1	1	0.946262858457545	1	1	1
ARCH639_O2	1	1	1	1	1	1	1	1	1
ARCH63_14_GCTCCAATCACH,BestGuess_NF	0.079699517924911	0.683171888641961	1	1	0.821972152759395	0.549969218477317	0.984136631843909	1	1
ARCH640_XBP1	0.132066858665126	0.960598050320753	0.633267540350238	1	1	1	1	1	1
ARCH641_XBP1	0.5951252515515	0.577822948933723	0.0661241336618014	0.859882999670631	1	0.956407661129119	1	1	1
ARCH642_XBP1	1	1	0.562233099194737	1	1	1	1	1	1
ARCH643_islike_CREB3L1	0.681223879313531	1	0.509823267549073	1	1	0.967624892624313	1	1	1
ARCH644_1_TGGGCCCAAGCC,BestGuess_OJ1	1	1	1	1	0.649345246285308	1	1	0.00993405452633972	1
ARCH645_TCP1	1	1	1	1	1	0.746482082137785	1	0.313862934192676	1
ARCH646_Unknown4	1	0.91129967828357	0.910662335471514	0.96893531971987	1	1	1	1	1
ARCH647_6_MGTCRGCCAK,BestGuess_pho	1	1	1	1	1	1	1	0.00224351839806986	1
ARCH648_7_TTTGTCKCCY,BestGuess_ID1	1	1	0.704440200222827	0.628486854064331	1	1	0.590238587379855	0.610227211715604	1
ARCH649_1_GTACTTAGGC,BestGuess_SPL9	0.996619550878509	1	1	1	0.980877098987376	1	0.494708334362905	1	0.0077478899791788
ARCH64_23_GGTGGATTGGTG,BestGuess_Fo	0.0636442909759433	1	0.117318041240788	1	1	0.530150515158289	0.357361620159757	1	1
ARCH650_Homeodomains	1	1	1	1	1	1	1	1	1
ARCH651_HMGbox_Sox	1	1	1	1	1	1	1	1	1
ARCH652_PTF1A	0.688133788730351	0.342958524687185	0.612043980561211	0.90102073563548	0.44941397221723	0.171929308253196	0.025530205536256	1	1
ARCH653_PTF1A	0.431319091688651	1	0.865467537113515	0.911150613947745	0.668824875581776	0.988816100872049	1	1	1
ARCH654_TALE_TGIF1	0.706850398888427	1	0.452336147697141	0.859882999670631	1	0.361446864613272	0.0594266028393035	1	1
ARCH655_TALE_TGIF1	0.910308136016132	1	0.778834472649077	0.597328946523591	1	0.68835722375334	0.293736577297998	1	1
ARCH656_islike_CEBPA_CEBPB_CEBPD	1	0.938080670104869	0.279635885644375	0.521897871551804	1	0.962029807289831	0.730390349379041	1	1
ARCH657_islike_CEBPA_CEBPB_CEBPD	1	1	1	0.96893531971987	1	0.879159130441262	0.984136631843909	1	1
ARCH658_HBP1	1	1	1	1	1	1	0.329231502411703	1	1
ARCH659_bZIP	1	0.300478602808313	0.633267540350238	1	1	1	1	1	1
ARCH65_9_GTGATTGGTTAG,BestGuess_NFY	1	1	0.353385272292101	0.698325003266749	0.946180513594087	0.553736567753058	1	1	1
ARCH660_bZIP	0.609441337368973	0.274846619714343	0.4790534571525	1	1	1	1	1	1
ARCH661_bZIP	0.982756626402265	0.343325062585067	0.738902265800484	1	1	1	1	1	1
ARCH662_bZIP	1	1	0.782610683727546	0.841167686369252	1	1	0.890436542605157	1	1
ARCH663_bZIP	1	1	0.830452908563318	0.90102073563548	1	1	1	1	1
ARCH664_XBP1	0.00946048288604799	0.683171888641961	0.580116962898254	0.855782385053245	1	0.783968527880307	1	1	1
ARCH665_ATF1_CREB1	0.239729646453636	0.0951731752255089	0.142744668749774	0.353158587587913	0.980877098987376	1	1	1	1
ARCH666_FOS_FOSB_FOSL1	0.723859603880442	0.435218920543577	0.530143916387356	0.0152165759953764	0.31196181738173	1	1	1	1
ARCH667_FOXN1_FOXN4_FOXR1	0.0307432675172696	0.0746393947060619	0.830917933004834	1	1	0.720614234836205	1	1	1
ARCH668_DMRT1	1	0.683171888641961	0.344690998517688	1	0.821972152759395	0.648040945753139	0.289316981871444	1	1
ARCH669_DMRT1	1	1	0.576168021537804	0.330689863323626	0.722079324156349	0.748263252877458	0.346753667684395	1	1
ARCH66_16_GTCCTTTTTT,BestGuess_Nab2	0.0164959025004137	1	0.865467537113515	1	1	0.638355008245226	1	1	1
ARCH670_DMRT1	1	1	1	0.587726183434532	1	1	0.411130243055041	1	1
ARCH671_E2F4	0.00541898777597792	0.502305641246235	0.804384894844034	0.694988037614517	0.980877098987376	1	1	1	1
ARCH672_E2F4	0.910308136016132	0.204234729004391	1	0.765486577068769	1	1	1	1	1
ARCH673_islike_ERG_FEV	0.00376403012449389	0.931873862472576	1	0.96893531971987	1	0.386611276851991	1	1	1
ARCH674_ETV6	0.720674985077285	0.475189384422874	0.703619716391935	1	1	1	1	1	1
ARCH675_EHF_ELF3	0.234875107940604	0.568314363990648	0.749217847632495	1	1	0.746482082137785	0.231021322459414	1	1
ARCH676_islike_ERG_FEV	1	0.970521743164035	1	0.974964038736083	0.980877098987376	0.348182482263993	1	1	1
ARCH677_islike_ERG_FEV	0.415992128877106	1	1	1	1	1	1	1	1
ARCH678_islike_ERG_FEV	0.971947007391367	1	1	1	1	1	1	1	1
ARCH679_islike_ERG_FEV	0.393439702870427	1	1	1	1	0.715378326889242	0.811335515546423	1	1
ARCH67_20_GATCAGAAGATA,BestGuess_Sf	0.605514265197851	0.970521743164035	1	0.108901079206051	0.980877098987376	1	0.476972965771678	1	1
ARCH680_islike_ERG_FEV	1	1	1	0.847154471681158	1	0.565421178096244	0.564551938768516	1	1
ARCH681_islike_ERG_FEV	1	1	1	0.837239108554778	1	0.631185757916884	0.651086059914868	1	1
ARCH682_islike_ERG_FEV	1	1	1	1	1	0.920874099349651	1	1	1
ARCH683_Ets	1	0.394130990977903	1	1	1	1	1	1	1
ARCH684_ETV6	1	0.91129967828357	1	0.929432204468722	1	1	1	1	1
ARCH685_ETV6	0.959036301200248	0.559481239383173	0.604650246770473	1	1	1	1	1	1
ARCH686_Ets	0.844542321531175	0.668153337659043	0.855405888162588	1	1	0.40013404423464	1	1	1
ARCH687_Ets	0.700989454652901	1	0.6400203000995	0.848432770712295	1	0.720614234836205	1	1	1
ARCH688_SPDEF	0.0235745805186363	1	1	0.508712954148543	0.86047592333118	0.94741111157389	1	1	1
ARCH689_ETV6	0.910308136016132	1	1	1	1	1	1	1	1
ARCH68_15_ACAGAAGAAGAA,BestGuess_TR	1	1	0.399279807562436	1	1	1	1	1	1
ARCH690_ETV6	0.110328358263158	0.0272435207092615	0.670456844009598	1	1	1	1	1	1
ARCH691_ETV6	1	1	1	1	1	1	1	1	1
ARCH692_EHF_ELF3	1	1	1	0.88629612370315	1	0.695358629854744	0.859781589152469	1	1
ARCH693_FOXK1	0.280935978511163	1	1	1	1	1	9.61040272888573e-05	1	1
ARCH694_islike_FOXL1	1	1	1	1	1	0.290621848595707	0.119960470047804	1	1
ARCH695_FOXM1	1	1	1	1	1	0.122645808378276	0.0365190973232055	1	1
ARCH696_FOXP1_FOXP2_FOXP3	0.804886384793306	1	1	1	1	0.351401848341829	4.76960436041085e-05	1	1
ARCH697_FOXK1	1	1	1	1	1	1	0.396782739368475	1	1
ARCH698_islike_FOXL1	1	1	1	1	0.840397619008331	1	0.0153237142799573	1	1
ARCH699_islike_FOXL1	1	1	1	1	1	1	0.406391101641123	1	1
ARCH69_REF6	1	1	1	0.0883063313440005	1	1	0.840293090761432	1	1
ARCH6_GATA2	0.0409889297773526	1	1	1	1	0.549969218477317	1	1	1
ARCH700_FOXA1_FOXA2	0.950638900824807	0.972840405633855	1	1	1	0.68835722375334	1	1	1
ARCH701_islike_FOXL1	1	1	0.562233099194737	1	1	0.691953996193651	0.0545790616363324	1	1
ARCH702_HMGbox_Sox	0.990463492997247	1	1	1	1	0.276550584268473	0.627803904114571	1	1
ARCH703_HMGbox_Sox	1	1	1	1	1	0.491682444156853	1	1	1
ARCH704_HMGbox_Sox	1	0.991781491410604	1	1	1	0.715378326889242	0.41183309287405	1	1
ARCH705_HMGbox_Sox	0.145740980521352	0.683171888641961	1	1	1	0.698756263574186	1	1	1
ARCH706_islike_FOXL1	0.910308136016132	1	1	0.90102073563548	1	0.695358629854744	0.725797567090353	1	1
ARCH707_Forkhead	1	1	1	0.837239108554778	1	1	0.213942885423308	1	0.358224527473291
ARCH708_GATA2	0.0164959025004137	0.875644022534969	0.156982841591072	1	1	0.92025353879874	0.0332844402057228	1	1
ARCH709_islike_PRD_ARX	0.117238556376776	0.442365695951402	4.05229206974134e-05	0.999461177005678	1	0.301833145417058	0.00325595940957666	1	1
ARCH70_2_AGAAAAAATC,BestGuess_HNRNP	1	1	1	1	1	0.988816100872049	1	0.000571603137580818	1
ARCH710_ANTP_HOXA2_ANTP_HOXA3	0.608567686718131	1	0.113069436223646	0.126598829058893	0.980877098987376	0.211452022794096	0.000244282535734937	1	1
ARCH711_ANTP_HOXA2_ANTP_HOXA3	1	1	0.452336147697141	0.307563190042231	0.772315612979675	0.0445397197369365	9.60476748903869e-06	1	0.486191689489882
ARCH712_ANTP_HOXA2_ANTP_HOXA3	0.615730255951336	1	0.000252313976692992	0.480850772529622	0.0384209077640104	0.604029570966542	1.20961964731552e-18	1	1
ARCH713_ANTP_HOXA2_ANTP_HOXA3	1	0.860791920277218	0.00162500529092045	0.308291962034338	0.0397983830087388	0.348182482263993	3.4423089083393e-17	1	1
ARCH714_ANTP_HOXA2_ANTP_HOXA3	0.615730255951336	1	0.000252313976692992	0.480850772529622	0.0384209077640104	0.604029570966542	1.20961964731552e-18	1	1
ARCH715_ANTP_HOXA2_ANTP_HOXA3	0.473547609967856	0.875644022534969	9.10710965859821e-09	0.125282014515553	0.20051822300114	0.604029570966542	6.48258515624357e-11	1	1
ARCH716_ANTP_HOXA2_ANTP_HOXA3	0.65175298032221	1	0.000252313976692992	0.839806436956906	0.027554818107809	0.243927228005495	5.5699401962103e-14	1	1
ARCH717_ANTP_MNX1	0.94606895030981	0.895432944122487	0.245762994883448	0.847154471681158	1	0.79739947003827	0.147302343551683	1	1
ARCH718_ANTP_HOXA2_ANTP_HOXA3	0.769608102809323	1	0.0327443380870579	0.96893531971987	0.11090596115778	0.210884006808394	2.56575086154941e-07	1	1
ARCH719_Homeodomains	0.0365971520107911	0.149871002561347	0.000463602171443988	0.395574404749071	0.141789225069824	0.00279488079087178	0.00140083178479893	1	1
ARCH71_RLR1?	1	1	0.784098613385061	1	0.980877098987376	0.695358629854744	0.222822978833681	1	1
ARCH720_BORCS8_MEF2A_MEF2B_MEF2C	1	0.718213922171853	0.78007903888	0.164679633936901	0.637908402863513	0.715378326889242	1	1	1
ARCH721_SRF	0.910308136016132	0.771724014821003	1	1	0.980877098987376	0.549969218477317	1	1	1
ARCH722_ANTP_HOXA2_ANTP_HOXA3	0.0325909642614907	1	0.236820248199137	1	1	0.746482082137785	0.0948175247067566	1	1
ARCH723_ANTP_HOXA2_ANTP_HOXA3	0.722648258545326	0.972840405633855	0.176031336693225	1	0.668824875581776	0.657616522082145	2.82425720818196e-09	1	1
ARCH724_ANTP_HOXA2_ANTP_HOXA3	0.079699517924911	1	0.633267540350238	1	1	0.490175048037171	0.0188958646566547	1	1
ARCH725_ANTP_HOXA2_ANTP_HOXA3	1	1	0.608548329420527	1	0.762746681936176	0.463044583357202	7.26635983980168e-05	1	1
ARCH726_ANTP_HOXA2_ANTP_HOXA3	0.711270347114026	1	0.120324965833619	1	0.580740968652114	0.516612309694828	0.0137075575899785	1	1
ARCH727_ANTP_HOXA2_ANTP_HOXA3	1	0.596073805351734	0.414534311590256	0.763834221884619	0.980877098987376	0.0743374512989282	1.54549994004768e-06	1	1
ARCH728_ANTP_HOXA2_ANTP_HOXA3	0.0218176157407305	1	0.00124502764711907	1	0.980877098987376	0.604096886913925	0.000342734094352466	1	1
ARCH729_ANTP_HOXA2_ANTP_HOXA3	0.950638900824807	0.900791216502398	0.0862430191045112	1	0.856703134712084	0.753224013433864	0.000180979433955492	1	1
ARCH72_1_AGAAAACAAAAG,BestGuess_fkh	1	1	1	1	0.980877098987376	0.973771877732107	0.564551938768516	1	0.00983887759372601
ARCH730_LIM_LHX1	0.307311979951043	0.871071227483445	0.0130454564101845	0.825759750406804	0.762746681936176	0.141041700836026	8.24126976003517e-06	1	1
ARCH731_LIM_LHX1	1	1	0.00606426338178984	0.108901079206051	1	0.459341101919542	0.000959142258697752	1	1
ARCH732_islike_ANTP_BARX1	1	0.755748011613452	0.0508740778245783	0.750349639279431	0.856703134712084	1	0.0567819290325236	1	1
ARCH733_ANTP_HOXA2_ANTP_HOXA3	1	0.313255797696647	6.06449393483589e-06	0.480850772529622	1	0.850184411373579	0.0458586374381338	1	1
ARCH734_ANTP_HOXA2_ANTP_HOXA3	0.721675689039818	0.415308993557108	0.0219784152448929	0.750349639279431	1	0.426054997973504	0.00177390287333713	1	1
ARCH735_ANTP_HOXA2_ANTP_HOXA3	1	0.495824976849586	0.00547676741835371	0.495872033740818	1	0.463044583357202	0.0312329306144841	1	1
ARCH736_ANTP_HOXA2_ANTP_HOXA3	1	0.684864316958414	0.000619291309409562	0.353158587587913	1	0.746482082137785	0.0594266028393035	1	1
ARCH737_islike_PRD_ARX	1	0.397679696470857	0.00953404445494099	1	1	0.906869343945891	0.316955948113292	1	1
ARCH738_ANTP_HOXA2_ANTP_HOXA3	0.990463492997247	0.924980712311383	0.0612396649187872	0.766051439893902	1	0.137196368387287	0.614743161500306	1	1
ARCH739_ANTP_MNX1	0.608567686718131	1	0.353103756571551	1	1	0.0832746807264992	0.328342045574829	1	1
ARCH73_18_TCTTCCGGCG,BestGuess_Eip7	0.00631801038883193	1	1	0.75568516621765	1	1	1	1	1
ARCH740_ANTP_HOXA2_ANTP_HOXA3	0.327125491314598	0.324065268261849	0.000190716872039229	0.656209023725609	1	0.120841319088617	0.0312329306144841	1	1
ARCH741_ANTP_HOXA2_ANTP_HOXA3	0.000589246610124353	0.127233327846143	0.0109233749517625	0.395730244155071	0.918966023829588	0.0197064622521375	1	1	1
ARCH742_islike_ANTP_NKX3_2	1	1	0.0249999844523343	0.33043316234645	0.245255087495994	0.0184841982400434	0.0028803509772702	1	1
ARCH743_ANTP_HOXA2_ANTP_HOXA3	0.0428925555015683	0.931963184509564	0.633267540350238	1	1	0.343927876784647	0.423716584626621	1	1
ARCH744_ANTP_HOXA2_ANTP_HOXA3	0.307311979951043	0.75310555641528	0.289438501251048	1	1	0.622150970344965	0.0163466915868111	1	1
ARCH745_PRD_DMBX1	0.400931721353074	1	1	1	1	6.12677764719776e-05	0.065252600312418	1	1
ARCH746_Homeodomains	0.577736974039466	0.718213922171853	0.0661241336618014	1	0.980877098987376	0.950882242632808	0.821868731053028	1	1
ARCH747_ANTP_MNX1	1	0.129030597578895	0.633267540350238	0.395574404749071	0.818921300774064	1	0.119362030860948	1	1
ARCH748_islike_PRD_ARX	0.605514265197851	0.758982458272378	0.300918870988058	0.96893531971987	0.856703134712084	0.442278421982483	0.102330936547806	1	1
ARCH749_ANTP_MNX1	0.833297696693456	0.286173762157168	0.171791507664411	0.0914750196381518	1	0.68835722375334	1	1	1
ARCH74_21_GGCATCCCCA,BestGuess_ESRP	0.0210555859148971	0.935143312538238	1	1	1	1	1	1	1
ARCH750_ANTP_NKX2_3_ANTP_NKX2_5	0.400040942044053	0.295166542035837	0.445381913811486	0.480850772529622	0.980877098987376	0.715378326889242	0.651086059914868	1	1
ARCH751_islike_PRD_ARX	1	0.495824976849586	0.855405888162588	0.628486854064331	1	1	1	1	1
ARCH752_islike_PRD_ARX	0.215357511626467	0.807161578528537	0.474637167186681	0.999461177005678	1	1	0.781895933007363	1	1
ARCH753_SINE_SIX1	1	1	0.024201666158081	1	1	1	0.316955948113292	1	1
ARCH754_SINE_SIX1	1	1	0.596971922716067	1	0.980877098987376	1	0.887285523489423	1	1
ARCH755_PRD_DUXA	0.00365176987722728	0.4520067967864	1	0.202528496701818	1	0.747372563269008	0.301891786795488	1	1
ARCH756_PRD_PAX2/PRD_PAX5/PRD_PAX8	1	0.968118886251717	0.0120270246140605	0.521897871551804	1	0.0785650904658031	7.84076618157031e-05	1	1
ARCH757_PRD_PAX2_PRD_PAX5	1	1	0.00196621313827371	0.916290424164414	1	0.0743374512989282	0.000706125987530979	1	1
ARCH758_PRD_PAX2_PRD_PAX5	0.686903639002529	1	0.0100374239199163	0.536533438936667	1	0.197511363447581	1.44207816822516e-05	1	1
ARCH759_zf-C4_Nuclear_receptors	1	1	0.749217847632495	1	0.980877098987376	1	1	1	1
ARCH75_6_MRCASSMKYCCC,BestGuess_ANT	1	1	1	1	0.0020935166335386	1	1	1	1
ARCH760_zf-C4_Nuclear_receptors	1	1	0.749217847632495	1	0.980877098987376	1	1	1	1
ARCH761_zf-C4_Nuclear_receptors	1	1	0.633267540350238	0.911150613947745	1	1	1	1	1
ARCH762_zf-C4_Nuclear_receptors	1	1	0.749217847632495	1	0.980877098987376	1	1	1	1
ARCH763_zf-C4_Nuclear_receptors	1	1	0.999384187384181	0.990216112130597	1	1	1	1	1
ARCH764_zf-C4_Nuclear_receptors	1	1	0.749217847632495	1	0.980877098987376	1	1	1	1
ARCH765_zf-C4_Nuclear_receptors	1	0.921431373399498	1	1	1	1	1	1	1
ARCH766_zf-C4_Nuclear_receptors	1	0.773170159466603	0.879622383218023	0.839806436956906	1	1	1	1	1
ARCH767_zf-C4_Nuclear_receptors	1	1	1	1	1	1	0.33487684037453	1	1
ARCH768_Homeodomains	1	1	1	0.628486854064331	0.980877098987376	1	1	1	1
ARCH769_Homeodomains	0.996619550878509	1	1	1	1	1	0.984136631843909	1	1
ARCH76_7_CGCGGTCCGC,BestGuess_HINFP	0.370960234639758	0.342958524687185	1	1	1	0.0118792983842055	1	1	1
ARCH770_zf-C4_Nuclear_receptors	1	1	1	1	1	1	1	1	1
ARCH771_zf-C4_Nuclear_receptors	0.990463492997247	1	1	1	0.592928320901286	0.467589178857035	1	1	1
ARCH772_zf-C4_Nuclear_receptors	1	1	1	0.911150613947745	1	1	1	1	1
ARCH773_zf-C4_Nuclear_receptors	0.769608102809323	1	1	1	1	1	1	1	1
ARCH774_zf-C4_Nuclear_receptors	1	0.972840405633855	1	1	1	1	0.489544201422294	1	1
ARCH775_zf-C4_Nuclear_receptors	1	0.921431373399498	0.539548853269005	1	1	1	1	1	1
ARCH776_zf-C4_Nuclear_receptors	1	1	1	1	1	0.941687018512357	1	1	1
ARCH777_zf-C4_Nuclear_receptors	1	1	1	1	0.980877098987376	1	1	1	1
ARCH778_zf-C4_Nuclear_receptors	1	1	1	0.763834221884619	1	1	1	1	0.457977368914371
ARCH779_zf-C4_Nuclear_receptors	0.91597967253897	1	0.0327443380870579	1	1	1	1	1	1
ARCH77_zf-C2H2	0.996619550878509	0.98918374611356	0.670456844009598	0.841167686369252	0.86047592333118	1	0.154599190422945	0.117318082625031	1
ARCH780_zf-C4_Nuclear_receptors	1	1	1	0.841167686369252	1	1	1	1	1
ARCH781_zf-C4_Nuclear_receptors	1	0.556941763107404	0.612043980561211	1	1	1	1	1	1
ARCH782_zf-C4_Nuclear_receptors	1	1	1	1	1	1	1	1	1
ARCH783_zf-C4_Nuclear_receptors	0.959588036309645	1	1	1	1	1	1	1	1
ARCH784_zf-C4_Nuclear_receptors	0.959036301200248	1	1	0.999461177005678	1	1	1	1	1
ARCH785_zf-C4_Nuclear_receptors	1	1	1	0.838015253916103	0.980877098987376	1	0.858960572981779	1	1
ARCH786_zf-C4_Nuclear_receptors	0.975793971627553	1	1	0.832958514057293	1	1	0.92809162576868	1	1
ARCH787_zf-C4_Nuclear_receptors	0.910308136016132	1	1	1	1	1	1	1	1
ARCH788_zf-C4_Nuclear_receptors	1	0.972840405633855	1	0.990216112130597	1	1	1	1	1
ARCH789_zf-C4_Nuclear_receptors	0.327125491314598	1	0.6400203000995	1	1	1	0.942803382964414	1	1
ARCH78_zf-C2H2	0.37347518668468	1	1	1	1	0.765296318606803	0.198467588150779	1	1
ARCH790_zf-C4_Nuclear_receptors	1	0.498486713701343	0.978777614128447	1	1	1	1	1	1
ARCH791_NR2E1	0.834138834146396	0.00173332536253962	0.00161119374753556	0.0647832525574967	0.86047592333118	1	1	1	1
ARCH792_NR2E1	1	0.0951731752255089	0.000562705826068266	0.0414985350477684	0.86047592333118	1	1	1	1
ARCH793_Nvec_vc1.1_XM_032380374.2	0.888200693821013	1	1	0.925594488193009	1	0.695358629854744	0.703933657817497	0.871757937080358	1
ARCH794_HMGbox_Sox	1	1	0.81418920283221	0.848432770712295	1	0.838438830231081	0.882143679664217	1	1
ARCH795_HMGbox_Sox	1	1	0.113069436223646	1	1	1	1	1	1
ARCH796_HMGbox_Sox	1	1	0.708058924200499	1	1	0.821604316212093	0.651086059914868	1	1
ARCH797_HMGbox_Sox	1	1	1	0.656209023725609	0.668824875581776	1	1	1	1
ARCH798_HMGbox_Sox	1	0.921431373399498	0.532866674057846	0.942993298341347	1	1	1	1	1
ARCH799_HMGbox_Sox	1	0.192566888508112	0.781216725541919	0.88629612370315	1	0.235156091107191	1	1	1
ARCH79_Nvec_vc1.1_XM_032379347.2	1	1	1	0.480850772529622	0.668824875581776	1	1	1	1
ARCH7_GATA2	0.00326005530629406	0.680888461219666	1	0.643814867395384	1	1	1	1	1
ARCH800_HMGbox_Sox	1	0.683171888641961	1	1	1	1	1	1	1
ARCH801_HMGbox_Sox	1	1	1	1	1	0.896931727270625	1	1	1
ARCH802_HMGbox_Sox	0.950638900824807	0.568314363990648	1	1	1	0.708693060490117	0.13343561396115	1	1
ARCH803_HMGbox_Sox	1	1	1	0.49633808219315	1	0.988816100872049	0.639188239696345	1	1
ARCH804_HMGbox_Sox	1	0.880859249617794	1	1	1	0.26140236741213	0.119960470047804	1	1
ARCH805_HMGbox_Sox	1	1	0.799545466179545	1	1	0.711575459114975	0.551574332894444	1	1
ARCH806_HMGbox_Sox	1	1	1	1	1	0.406920919915765	0.467711975007489	1	1
ARCH807_HMGbox_Sox	0.959036301200248	0.862601752185114	1	1	1	0.421471699694263	0.6593374857119	1	1
ARCH808_TBX2	1	1	1	1	1	0.523978190316999	0.125743686187578	1	1
ARCH809_TBX20	0.844542321531175	1	1	0.726372608522568	1	0.286004731210979	1	1	1
ARCH80_2_GCACTCCKTA,BestGuess_SPL3	8.45446039528217e-05	1	1	0.910317862957776	1	1	1	1	1
ARCH810_TBX20	1	1	1	1	1	1	1	1	1
ARCH811_TBX20	1	1	1	1	1	0.565421178096244	1	1	1
ARCH812_TBX20	1	1	0.738902265800484	1	0.980877098987376	1	1	1	1
ARCH813_TBX1	1	1	1	0.871615813895485	1	1	0.349031957487208	1	1
ARCH814_TBX2	0.950638900824807	1	0.781216725541919	0.910317862957776	1	0.765296318606803	0.000706125987530979	1	1
ARCH815_TBX20	0.739913447490414	1	0.599362641787929	0.88416699381568	1	0.973771877732107	0.00868136512253749	1	1
ARCH816_TBX1	1	1	0.586116204431756	0.990216112130597	1	0.80877202413313	0.0854040178878958	1	1
ARCH817_TBX1	1	0.907031847415183	1	0.763834221884619	1	0.759773090588555	0.21867370124043	1	1
ARCH818_Nvec_v1g211734	1	0.758982458272378	0.579747912503456	0.761334335038835	1	1	0.651086059914868	1	1
ARCH819_Nvec_v1g211734	1	0.818483177016286	0.195601477163559	0.910317862957776	1	0.83644586271439	0.0026575505338397	1	1
ARCH81_21_GGCACTATTC,BestGuess_YOX1	1	0.683171888641961	0.792192520755919	1	1	1	1	1	1
ARCH82_10_TCACTACTBC,BestGuess_At5g	0.571911171341113	0.718213922171853	0.981819376079215	0.00606679767022759	1	1	1	1	1
ARCH83_1_AGACTAGTTC,BestGuess_br_Z3	1	1	1	1	0.0462226440601408	1	1	1	1
ARCH84_5_TAACCAGTGC,BestGuess_PH004	1	0.964238671908186	0.907895804382376	1	1	0.765296318606803	1	0.114003630412802	1
ARCH85_19_TAAATHSTRTTT,BestGuess_CE	0.700989454652901	1	0.195601477163559	1	1	0.80877202413313	0.0267703581427949	1	1
ARCH86_ANAC062	0.461712078064175	1	1	1	1	0.756067086371571	0.318896256221952	1	1
ARCH87_ANTP_HOXA2_ANTP_HOXA3	1	0.282872469159029	0.00102993004291753	0.90102073563548	0.20051822300114	1	1.00074474543887e-07	1	1
ARCH88_15_TGGCGCACGG,BestGuess_PB00	0.861840346020762	0.00026652466276745	1	1	1	1	0.964568529928263	1	1
ARCH89_18_VTCGGGCACACA,BestGuess_PB	1	0.192566888508112	1	1	1	0.717834403219186	1	1	1
ARCH8_8_CTBAGTGATC,BestGuess_GATA1	3.04638531606167e-05	0.790737376295732	1	1	1	1	1	1	1
ARCH90_17_TGCGCACACG,BestGuess_NRF1	1	1	0.0066552264484697	0.832958514057293	0.552835392718207	0.977355248817485	1	1	1
ARCH91_Arnt_Ahr	1	1	0.704440200222827	1	1	0.691953996193651	1	1	1
ARCH92_21_TTGAAAGCCATA,BestGuess_Do	0.000227223096604677	0.254620258745717	0.997835937312753	1	1	0.514375867424591	1	1	1
ARCH93_10_GTTTGAGACACT,BestGuess_DI	1	0.0432146153983721	0.910662335471514	1	1	0.771537203105212	1	1	1
ARCH94_11_ATGYTTKRAW,BestGuess_YAP5	1	1	1	0.353622408250012	1	1	0.0271055320275624	1	1
ARCH95_4_TGTTTTACAGCG,BestGuess_Rho	1	1	0.681989758342073	1	0.0384209077640104	1	1	1	1
ARCH96_17_ATATCTTACA,BestGuess_CCA	0.246619300065648	0.3876095795696	0.0154392064575563	0.942993298341347	1	0.604029570966542	0.0594266028393035	1	1
ARCH97_5_TMTAAGGTTTCA,BestGuess_SIX	1	1	0.607933670677892	0.445552911925109	1	0.117522827730286	0.249146168681547	1	1
ARCH98_24_GAAATGTTTTGA,BestGuess_Pp	1	1	1	1	0.86047592333118	1	0.0137075575899785	1	1
ARCH99_PRDM10	1	0.875644022534969	1	1	1	0.68835722375334	0.0532237578574667	1	1
ARCH9_7_TCATAGACCA,BestGuess_NFYB	1	0.0160033903787824	1	1	0.0384209077640104	0.491682444156853	1	1	1
