gene	clusters	group
Nvec_vc1.1_XM_032373176.2	9	1
Nvec_vc1.1_XM_032371791.2	9	1
Nvec_vc1.1_XM_032362171.2	9	1
Nvec_vc1.1_XM_001630797.3	9	1
Nvec_vc1.1_XM_001627745.3	9	1
Nvec_NVE7175	9	1
Nvec_vc1.1_XM_032386716.2	9	1
Nvec_vc1.1_XM_001635133.3	9	1
Nvec_vc1.1_XM_032375430.2	9	1
Nvec_vc1.1_XM_032377758.1	9	1
Nvec_vc1.1_XM_032374991.2	9	1
Nvec_vc1.1_XM_048722808.1	9	1
Nvec_vc1.1_XM_048721184.1	9	1
Nvec_NVE11329	9	1
Nvec_vc1.1_XM_032372316.2	9	1
Nvec_vc1.1_XM_032363027.2	9	1
Nvec_vc1.1_XM_048734665.1	9	1
Nvec_vc1.1_XM_001637467.3	9	1
Nvec_vc1.1_XM_001641521.3	9	1
Nvec_v1g244717	9	1
Nvec_vc1.1_XM_032361866.2	9	1
Nvec_vc1.1_XM_048723820.1	9	1
Nvec_vc1.1_XM_001631945.2	9	1
Nvec_vc1.1_XM_001638511.3	9	1
Nvec_NVE10634	9	1
Nvec_NVE22133	9	1
Nvec_NVE24305	9	1
Nvec_vc1.1_XM_001639076.3	9	1
Nvec_v1g219629	9	1
Nvec_v1g241276	9	1
Nvec_NVE3857	9	1
Nvec_vc1.1_XM_001632977.3	9	1
Nvec_NVE10740	9	1
Nvec_v1g240024	9	1
Nvec_NVE9956	9	1
Nvec_vc1.1_XM_032381866.2	9	1
Nvec_NVE10739	9	1
Nvec_vc1.1_XM_048721145.1	9	1
Nvec_vc1.1_XM_001634372.3	9	1
Nvec_vc1.1_XM_032383641.2	9	1
Nvec_vc1.1_XM_001627155.3	9	1
Nvec_vc1.1_XM_032370884.2	9	1
Nvec_vc1.1_XM_032385679.2	9	1
Nvec_vc1.1_XM_001634346.3	9	1
Nvec_vc1.1_XM_032372197.2	9	1
Nvec_vc1.1_XM_032386335.2	9	1
Nvec_NVE17328	9	1
Nvec_vc1.1_XM_048726803.1	9	1
Nvec_NVE8023	9	1
Nvec_vc1.1_XM_032379457.2	9	1
Nvec_vc1.1_XM_032384559.2	9	1
Nvec_vc1.1_XM_032372717.2	9	1
Nvec_NVE10633	9	1
Nvec_vc1.1_XM_032367382.2	9	1
Nvec_NVE6406	9	1
Nvec_vc1.1_XM_001637641.3	9	1
Nvec_vc1.1_XM_032376390.2	9	1
Nvec_vc1.1_XM_048728088.1	9	1
Nvec_vc1.1_XM_032384971.2	9	1
Nvec_vc1.1_XM_032373451.2	9	1
Nvec_vc1.1_XM_032383357.2	9	1
Nvec_vc1.1_XM_048729154.1	9	1
Nvec_vc1.1_XM_032379729.2	9	1
Nvec_vc1.1_XM_032377318.2	9	1
Nvec_vc1.1_XM_032381369.2	9	1
Nvec_vc1.1_XM_032385321.2	9	1
Nvec_vc1.1_XM_032364214.2	9	1
Nvec_vc1.1_XM_048727855.1	9	1
Nvec_vc1.1_XM_032365458.2	9	1
Nvec_vc1.1_XM_048720368.1	9	1
Nvec_vc1.1_XM_032382375.2	9	1
Nvec_vc1.1_XM_032369987.2	14	1
Nvec_vc1.1_XM_001622614.3	14	1
Nvec_vc1.1_XM_048730892.1	14	1
Nvec_vc1.1_XM_048722320.1	14	1
Nvec_vc1.1_XM_048725587.1	14	1
Nvec_v1g93841	14	1
Nvec_vc1.1_XM_032365166.2	14	1
Nvec_vc1.1_XM_048727253.1	14	1
Nvec_vc1.1_XM_032378893.2	14	1
Nvec_vc1.1_XM_032383835.2	14	1
Nvec_vc1.1_XM_032382196.2	14	1
Nvec_vc1.1_XM_048725163.1	14	1
Nvec_vc1.1_XM_032362974.2	14	1
Nvec_vc1.1_XM_032364770.2	14	1
Nvec_vc1.1_XM_032370984.2	14	1
Nvec_v1g91303	14	1
Nvec_vc1.1_XM_001630845.3	14	1
Nvec_vc1.1_XM_048725804.1	14	1
Nvec_vc1.1_XM_001629561.3	14	1
Nvec_vc1.1_XM_032375984.2	14	1
Nvec_vc1.1_XM_032366708.2	14	1
Nvec_vc1.1_XM_048721937.1	14	1
Nvec_vc1.1_XM_032377274.2	14	1
Nvec_vc1.1_XM_032384853.2	14	1
Nvec_vc1.1_XM_032377304.2	14	1
Nvec_vc1.1_XM_032376563.2	14	1
Nvec_vc1.1_XM_048728093.1	14	1
Nvec_vc1.1_XM_048721621.1	14	1
Nvec_vc1.1_XM_001629162.3	14	1
Nvec_vc1.1_XM_032369287.2	14	1
Nvec_NVE4373	14	1
Nvec_vc1.1_XM_032380140.2	14	1
Nvec_vc1.1_XM_001632491.3	14	1
Nvec_vc1.1_XM_032387174.2	14	1
Nvec_vc1.1_XM_032374746.2	14	1
Nvec_vc1.1_XM_048725200.1	14	1
Nvec_vc1.1_XM_032365912.2	14	1
Nvec_vc1.1_XM_001624115.3	14	1
Nvec_vc1.1_XM_001631238.3	14	1
Nvec_vc1.1_XM_001632595.3	14	1
Nvec_vc1.1_XM_032382038.2	14	1
Nvec_vc1.1_XM_032364722.2	14	1
Nvec_vc1.1_XM_048732129.1	14	1
Nvec_vc1.1_XM_048734047.1	14	1
Nvec_vc1.1_XM_048721253.1	14	1
Nvec_vc1.1_XM_048720834.1	14	1
Nvec_vc1.1_XM_001634427.3	14	1
Nvec_vc1.1_XM_032367681.2	14	1
Nvec_vc1.1_XM_001641928.3	14	1
Nvec_vc1.1_XM_001635260.3	14	1
Nvec_vc1.1_XM_032365143.2	14	1
Nvec_vc1.1_XM_032374052.2	14	1
Nvec_vc1.1_XM_032366123.2	14	1
Nvec_vc1.1_XM_032375131.2	14	1
Nvec_vc1.1_XM_001624218.3	14	1
Nvec_vc1.1_XM_048728616.1	14	1
Nvec_vc1.1_XM_032365721.2	14	1
Nvec_vc1.1_XM_032371520.2	14	1
Nvec_vc1.1_XM_001635141.2	14	1
Nvec_vc1.1_XM_032362656.2	14	1
Nvec_vc1.1_XM_048731898.1	14	1
Nvec_vc1.1_XM_032365933.2	14	1
Nvec_vc1.1_XM_001630355.3	14	1
Nvec_vc1.1_XM_048730583.1	14	1
Nvec_vc1.1_XM_001627490.3	14	1
Nvec_vc1.1_XM_048734533.1	14	1
Nvec_vc1.1_XM_001631195.3	14	1
Nvec_vc1.1_XM_032383778.2	14	1
Nvec_vc1.1_XM_032364569.2	14	1
Nvec_vc1.1_XM_001634785.3	14	1
Nvec_vc1.1_XM_001632824.3	14	1
Nvec_vc1.1_XM_048723115.1	14	1
Nvec_vc1.1_XM_048725167.1	14	1
Nvec_vc1.1_XM_032380790.2	14	1
Nvec_vc1.1_XM_048726555.1	14	1
Nvec_vc1.1_XM_001631274.3	14	1
Nvec_vc1.1_XM_032374987.2	14	1
Nvec_vc1.1_XM_032367006.2	14	1
Nvec_vc1.1_XM_048726550.1	14	1
Nvec_vc1.1_XM_048723828.1	14	1
Nvec_vc1.1_XM_032383779.2	14	1
Nvec_vc1.1_XM_032374975.2	14	1
Nvec_vc1.1_XM_032365063.2	14	1
Nvec_vc1.1_XM_032370457.2	14	1
Nvec_vc1.1_XM_001637307.3	14	1
Nvec_vc1.1_XM_032362558.2	14	1
Nvec_vc1.1_XM_032372475.2	14	1
Nvec_vc1.1_XM_048721357.1	14	1
Nvec_vc1.1_XM_032377867.2	14	1
Nvec_vc1.1_XM_001624387.3	14	1
Nvec_vc1.1_XM_032367284.2	14	1
Nvec_vc1.1_XM_032385443.2	14	1
Nvec_vc1.1_XM_032375432.2	14	1
Nvec_vc1.1_XM_032379871.2	14	1
Nvec_vc1.1_XM_032380819.2	14	1
Nvec_vc1.1_XM_032381543.2	14	1
Nvec_v1g206959	14	1
Nvec_vc1.1_XM_032383113.2	14	1
Nvec_vc1.1_XM_048729169.1	14	1
Nvec_vc1.1_XM_032373180.1	14	1
Nvec_vc1.1_XM_032363169.2	14	1
Nvec_vc1.1_XM_048721829.1	14	1
Nvec_vc1.1_XM_048728386.1	14	1
Nvec_vc1.1_XM_032369277.2	14	1
Nvec_vc1.1_XM_032377235.2	14	1
Nvec_vc1.1_XM_048730754.1	14	1
Nvec_vc1.1_XM_001632634.3	14	1
Nvec_v1g199239	14	1
Nvec_vc1.1_XM_032376684.2	14	1
Nvec_vc1.1_XM_032385859.2	14	1
Nvec_vc1.1_XM_001621588.3	14	1
Nvec_vc1.1_XM_048724975.1	14	1
Nvec_vc1.1_XM_048725506.1	14	1
Nvec_vc1.1_XM_001634114.3	14	1
Nvec_vc1.1_XM_032365696.2	14	1
Nvec_NVE12202	14	1
Nvec_vc1.1_XM_048725931.1	14	1
Nvec_NVE1107	14	1
Nvec_vc1.1_XM_048722643.1	14	1
Nvec_vc1.1_XM_001625217.3	14	1
Nvec_vc1.1_XM_032373521.2	14	1
Nvec_vc1.1_XM_048723622.1	14	1
Nvec_vc1.1_XM_001627342.3	14	1
Nvec_vc1.1_XM_001637761.3	15	1
Nvec_vc1.1_XM_048727860.1	15	1
Nvec_v1g241724	15	1
Nvec_vc1.1_XM_032369490.2	15	1
Nvec_vc1.1_XM_032371581.2	15	1
Nvec_NVE13164	15	1
Nvec_vc1.1_XM_001637269.3	15	1
Nvec_vc1.1_XM_001636588.3	15	1
Nvec_vc1.1_XM_001627100.3	15	1
Nvec_vc1.1_XM_001631564.3	15	1
Nvec_vc1.1_XM_032366242.2	15	1
Nvec_vc1.1_XM_032369905.2	15	1
Nvec_vc1.1_XM_048727921.1	15	1
Nvec_vc1.1_XM_001631173.3	15	1
Nvec_v1g106420	15	1
Nvec_v1g81508	15	1
Nvec_vc1.1_XM_048719858.1	15	1
Nvec_vc1.1_XM_001632603.3	15	1
Nvec_vc1.1_XM_048726324.1	15	1
Nvec_vc1.1_XM_032380826.2	15	1
Nvec_vc1.1_XM_032365331.2	15	1
Nvec_vc1.1_XM_001625215.3	15	1
Nvec_vc1.1_XM_048730275.1	15	1
Nvec_vc1.1_XM_032383635.2	15	1
Nvec_vc1.1_XM_032386352.2	15	1
Nvec_vc1.1_XM_001627842.3	15	1
Nvec_vc1.1_XM_048732899.1	15	1
Nvec_vc1.1_XM_048724149.1	15	1
Nvec_vc1.1_XM_032384450.2	15	1
Nvec_vc1.1_XM_032381935.2	15	1
Nvec_vc1.1_XM_032380835.2	15	1
Nvec_vc1.1_XM_032365329.2	15	1
Nvec_vc1.1_XM_048724156.1	15	1
Nvec_vc1.1_XM_032365328.2	15	1
Nvec_NVE10443	15	1
Nvec_vc1.1_XM_032367307.2	15	1
Nvec_vc1.1_XM_048732796.1	15	1
Nvec_vc1.1_XM_001629110.3	15	1
Nvec_vc1.1_XM_032364472.2	15	1
Nvec_vc1.1_XM_032371737.2	15	1
Nvec_vc1.1_XM_048720765.1	15	1
Nvec_vc1.1_XM_048725626.1	15	1
Nvec_NVE4530	15	1
Nvec_vc1.1_XM_032382111.2	15	1
Nvec_vc1.1_XM_001624950.3	15	1
Nvec_vc1.1_XM_032379665.2	15	1
Nvec_vc1.1_XM_032379651.2	15	1
Nvec_vc1.1_XM_001629650.3	15	1
Nvec_vc1.1_XM_032374437.2	15	1
Nvec_v1g237880	15	1
Nvec_vc1.1_XM_032370459.2	15	1
Nvec_vc1.1_XM_032367394.2	15	1
Nvec_vc1.1_XM_048724112.1	15	1
Nvec_vc1.1_XM_032386709.2	15	1
Nvec_vc1.1_XM_032365898.2	15	1
Nvec_vc1.1_XM_001627458.3	15	1
Nvec_vc1.1_XM_032384225.2	15	1
Nvec_vc1.1_XM_032365155.2	15	1
Nvec_vc1.1_XM_032386339.2	15	1
Nvec_vc1.1_XM_048728181.1	15	1
Nvec_vc1.1_XM_032381826.2	15	1
Nvec_vc1.1_XM_032376504.2	15	1
Nvec_vc1.1_XM_001628801.3	15	1
Nvec_vc1.1_XM_048728737.1	15	1
Nvec_vc1.1_XM_048731557.1	15	1
Nvec_vc1.1_XM_032378060.2	15	1
Nvec_vc1.1_XM_032373519.2	15	1
Nvec_vc1.1_XM_001632626.3	15	1
Nvec_vc1.1_XM_001641212.3	15	1
Nvec_vc1.1_XM_032365607.2	15	1
Nvec_vc1.1_XM_048732875.1	15	1
Nvec_vc1.1_XM_032375259.2	15	1
Nvec_vc1.1_XM_032378066.2	15	1
Nvec_vc1.1_XM_048731732.1	15	1
Nvec_vc1.1_XM_032369167.2	15	1
Nvec_vc1.1_XM_032383198.2	15	1
Nvec_vc1.1_XM_001636587.3	15	1
Nvec_v1g127328	15	1
Nvec_vc1.1_XM_032362614.2	15	1
Nvec_vc1.1_XM_048724061.1	15	1
Nvec_vc1.1_XM_001623759.3	15	1
Nvec_vc1.1_XM_032383521.2	15	1
Nvec_vc1.1_XM_032364344.2	15	1
Nvec_vc1.1_XM_001635753.3	15	1
Nvec_vc1.1_XM_001641496.3	15	1
Nvec_vc1.1_XM_048723215.1	15	1
Nvec_vc1.1_XM_001641842.3	15	1
Nvec_vc1.1_XM_001624477.3	15	1
Nvec_vc1.1_XM_032387281.2	15	1
Nvec_vc1.1_XM_032378906.2	15	1
Nvec_vc1.1_XM_032374222.2	15	1
Nvec_vc1.1_XM_001636328.3	15	1
Nvec_vc1.1_XM_001639164.3	15	1
Nvec_NVE23893	15	1
Nvec_vc1.1_XM_001640985.3	15	1
Nvec_vc1.1_XM_032382710.2	15	1
Nvec_vc1.1_XM_032374352.2	15	1
Nvec_vc1.1_XM_032367422.2	15	1
Nvec_vc1.1_XM_032369360.2	15	1
Nvec_vc1.1_XM_001629131.3	15	1
Nvec_vc1.1_XM_048733689.1	15	1
Nvec_v1g197214	15	1
Nvec_vc1.1_XM_001630634.3	15	1
Nvec_vc1.1_XM_032380296.2	15	1
Nvec_vc1.1_XM_048726099.1	15	1
Nvec_vc1.1_XM_032365159.2	15	1
Nvec_NVE12961	15	1
Nvec_vc1.1_XM_032362143.2	15	1
Nvec_vc1.1_XM_001633640.3	15	1
Nvec_vc1.1_XM_032387072.2	15	1
Nvec_vc1.1_XM_001641334.3	15	1
Nvec_vc1.1_XM_001634707.3	15	1
Nvec_vc1.1_XM_032361966.2	15	1
Nvec_vc1.1_XM_032372725.2	15	1
Nvec_vc1.1_XM_032365583.2	15	1
Nvec_vc1.1_XM_032381852.2	15	1
Nvec_vc1.1_XM_048728426.1	15	1
Nvec_vc1.1_XM_032387169.2	15	1
Nvec_v1g216474	15	1
Nvec_vc1.1_XM_032382973.2	15	1
Nvec_vc1.1_XM_032370893.2	15	1
Nvec_vc1.1_XM_048731609.1	15	1
Nvec_vc1.1_XM_001626591.3	15	1
Nvec_vc1.1_XM_032375115.2	15	1
Nvec_vc1.1_XM_032380089.2	15	1
Nvec_vc1.1_XM_032385737.2	15	1
Nvec_vc1.1_XM_032372182.2	15	1
Nvec_vc1.1_XM_032386262.2	15	1
Nvec_vc1.1_XM_032378320.2	15	1
Nvec_vc1.1_XM_001630319.3	15	1
Nvec_vc1.1_XM_032374876.2	15	1
Nvec_vc1.1_XM_032364209.2	15	1
Nvec_NVE21642	15	1
Nvec_vc1.1_XM_032380016.2	15	1
Nvec_vc1.1_XM_048724864.1	15	1
Nvec_vc1.1_XM_001629537.3	15	1
Nvec_vc1.1_XM_048721131.1	7	1
Nvec_vc1.1_XM_032382761.2	7	1
Nvec_vc1.1_XM_032378741.2	7	1
Nvec_vc1.1_XM_032376012.2	7	1
Nvec_vc1.1_XM_032376004.2	7	1
Nvec_vc1.1_XM_001639469.3	7	1
Nvec_vc1.1_XM_032362658.2	7	1
Nvec_vc1.1_XM_048726269.1	7	1
Nvec_vc1.1_XM_048730203.1	7	1
Nvec_vc1.1_XM_032362667.1	7	1
Nvec_vc1.1_XM_032365239.2	7	1
Nvec_vc1.1_XM_048734485.1	7	1
Nvec_vc1.1_XM_032362536.2	7	1
Nvec_vc1.1_XM_048725852.1	7	1
Nvec_vc1.1_XM_032371877.2	7	1
Nvec_vc1.1_XM_032385491.2	7	1
Nvec_vc1.1_XM_048730870.1	7	1
Nvec_vc1.1_XM_048729951.1	7	1
Nvec_vc1.1_XM_048730869.1	7	1
Nvec_vc1.1_XM_001630418.3	7	1
Nvec_vc1.1_XM_032364632.2	7	1
Nvec_vc1.1_XM_048733539.1	7	1
Nvec_NVE18692	7	1
Nvec_NVE9811	7	1
Nvec_NVE12939	7	1
Nvec_NVE2716	7	1
Nvec_vc1.1_XM_032370334.2	7	1
Nvec_vc1.1_XM_048733740.1	7	1
Nvec_vc1.1_XM_032382422.2	7	1
Nvec_vc1.1_XM_001635410.3	7	1
Nvec_vc1.1_XM_048723075.1	7	1
Nvec_vc1.1_XM_001627046.3	7	1
Nvec_vc1.1_XM_032373619.2	7	1
Nvec_vc1.1_XM_001641704.3	7	1
Nvec_NVE1258	7	1
Nvec_vc1.1_XM_048721059.1	7	1
Nvec_vc1.1_XM_032381356.2	7	1
Nvec_vc1.1_XM_032368495.2	7	1
Nvec_vc1.1_XM_048733688.1	7	1
Nvec_vc1.1_XM_001640236.3	7	1
Nvec_vc1.1_XM_001647471.3	7	1
Nvec_vc1.1_XM_032378446.2	7	1
Nvec_vc1.1_XM_001639778.3	7	1
Nvec_vc1.1_XM_048725453.1	7	1
Nvec_vc1.1_XM_048724319.1	7	1
Nvec_vc1.1_XM_032365475.2	7	1
Nvec_vc1.1_XM_001634219.3	7	1
Nvec_vc1.1_XM_032384628.2	7	1
Nvec_vc1.1_XM_001635532.3	7	1
Nvec_vc1.1_XM_048731238.1	7	1
Nvec_vc1.1_XM_001631029.3	7	1
Nvec_vc1.1_XM_048723362.1	7	1
Nvec_vc1.1_XM_048726292.1	7	1
Nvec_vc1.1_XM_001635853.3	7	1
Nvec_vc1.1_XM_001629098.3	7	1
Nvec_vc1.1_XM_048722064.1	7	1
Nvec_vc1.1_XM_048732589.1	7	1
Nvec_NVE11881	7	1
Nvec_vc1.1_XM_032386320.2	7	1
Nvec_vc1.1_XM_048720214.1	7	1
Nvec_vc1.1_XM_048725637.1	7	1
Nvec_vc1.1_XM_001635715.3	7	1
Nvec_vc1.1_XM_032386947.2	7	1
Nvec_vc1.1_XM_001627097.3	7	1
Nvec_vc1.1_XM_048733879.1	7	1
Nvec_vc1.1_XM_032374965.2	7	1
Nvec_vc1.1_XM_001626271.3	7	1
Nvec_vc1.1_XM_048724554.1	7	1
Nvec_vc1.1_XM_048720080.1	7	1
Nvec_vc1.1_XM_001637572.3	7	1
Nvec_vc1.1_XM_032363584.2	7	1
Nvec_vc1.1_XM_032383021.2	7	1
Nvec_vc1.1_XM_048723036.1	7	1
Nvec_vc1.1_XM_001627484.3	7	1
Nvec_vc1.1_XM_048728387.1	7	1
Nvec_v1g232030	7	1
Nvec_vc1.1_XM_032381353.2	7	1
Nvec_vc1.1_XM_001637187.3	7	1
Nvec_vc1.1_XM_048725363.1	7	1
Nvec_vc1.1_XM_001641989.3	7	1
Nvec_vc1.1_XM_048724396.1	7	1
Nvec_vc1.1_XM_048721944.1	7	1
Nvec_vc1.1_XM_001623507.3	7	1
Nvec_vc1.1_XM_048721182.1	7	1
Nvec_vc1.1_XM_032379158.2	7	1
Nvec_v1g103920	7	1
Nvec_vc1.1_XM_032379947.2	7	1
Nvec_vc1.1_XM_001629564.3	7	1
Nvec_v1g214208	7	1
Nvec_vc1.1_XM_032369992.2	7	1
Nvec_vc1.1_XM_032380947.2	7	1
Nvec_vc1.1_XM_032370267.2	7	1
Nvec_vc1.1_XM_032386376.2	7	1
Nvec_vc1.1_XM_048725519.1	7	1
Nvec_NVE10246	7	1
Nvec_vc1.1_XM_032362149.2	7	1
Nvec_vc1.1_XM_032379260.2	7	1
Nvec_vc1.1_XM_048734634.1	7	1
Nvec_vc1.1_XM_001637188.3	7	1
Nvec_vc1.1_XM_048721709.1	7	1
Nvec_vc1.1_XM_048730652.1	7	1
Nvec_vc1.1_XM_032386921.2	7	1
Nvec_vc1.1_XM_048721101.1	7	1
Nvec_vc1.1_XM_048729848.1	7	1
Nvec_v1g25900	7	1
Nvec_NVE8063	7	1
Nvec_vc1.1_XM_048720200.1	7	1
Nvec_vc1.1_XM_032378296.2	7	1
Nvec_vc1.1_XM_001635600.3	7	1
Nvec_vc1.1_XM_032364227.2	7	1
Nvec_vc1.1_XM_032366327.2	7	1
Nvec_NVE7367	7	1
Nvec_vc1.1_XM_048720251.1	7	1
Nvec_vc1.1_XM_032367288.2	7	1
Nvec_vc1.1_XM_032373578.2	7	1
Nvec_vc1.1_XM_032386057.2	7	1
Nvec_vc1.1_XM_032382989.2	7	1
Nvec_vc1.1_XM_048725633.1	7	1
Nvec_vc1.1_XM_001634048.3	7	1
Nvec_vc1.1_XM_032385978.2	7	1
Nvec_vc1.1_XM_032380866.2	7	1
Nvec_vc1.1_XM_001629589.3	7	1
Nvec_vc1.1_XM_048732655.1	7	1
Nvec_vc1.1_XM_001626366.3	7	1
Nvec_vc1.1_XM_048730808.1	7	1
Nvec_vc1.1_XM_001641131.3	7	1
Nvec_vc1.1_XM_032386263.2	7	1
Nvec_NVE24513	7	1
Nvec_vc1.1_XM_048723815.1	7	1
Nvec_vc1.1_XM_032381777.2	7	1
Nvec_vc1.1_XM_032371832.2	7	1
Nvec_vc1.1_XM_032376282.2	7	1
Nvec_vc1.1_XM_001625306.3	7	1
Nvec_v1g116478	7	1
Nvec_vc1.1_XM_032377390.2	7	1
Nvec_vc1.1_XM_048720592.1	7	1
Nvec_vc1.1_XM_001628621.3	7	1
Nvec_vc1.1_XM_032362345.2	7	1
Nvec_vc1.1_XM_032367120.2	7	1
Nvec_vc1.1_XM_048725197.1	7	1
Nvec_vc1.1_XM_032384924.2	7	1
Nvec_vc1.1_XM_048727193.1	7	1
Nvec_vc1.1_XM_001637246.3	7	1
Nvec_NVE12040	7	1
Nvec_vc1.1_XM_048732799.1	7	1
Nvec_vc1.1_XM_048721031.1	7	1
Nvec_vc1.1_XM_032378310.2	7	1
Nvec_vc1.1_XM_032373497.2	7	1
Nvec_vc1.1_XM_032369522.2	7	1
Nvec_vc1.1_XM_032363607.2	7	1
Nvec_v1g221316	7	1
Nvec_vc1.1_XM_032377728.2	7	1
Nvec_vc1.1_XM_032373174.2	7	1
Nvec_v1g210540	7	1
Nvec_vc1.1_XM_032362436.2	7	1
Nvec_vc1.1_XM_001630909.3	7	1
Nvec_vc1.1_XM_048724045.1	7	1
Nvec_vc1.1_XM_048726302.1	7	1
Nvec_vc1.1_XM_032366848.2	7	1
Nvec_vc1.1_XM_032367543.2	7	1
Nvec_vc1.1_XM_032383213.2	7	1
Nvec_vc1.1_XM_048723198.1	7	1
Nvec_vc1.1_XM_032364180.2	7	1
Nvec_vc1.1_XM_048724566.1	7	1
Nvec_vc1.1_XM_032378100.2	7	1
Nvec_vc1.1_XM_032386302.2	7	1
Nvec_vc1.1_XM_032379225.2	7	1
Nvec_vc1.1_XM_032362377.2	7	1
Nvec_vc1.1_XM_032366927.2	7	1
Nvec_vc1.1_XM_001636748.3	7	1
Nvec_vc1.1_XM_032371233.2	7	1
Nvec_NVE10609	7	1
Nvec_vc1.1_XM_048730497.1	7	1
Nvec_vc1.1_XM_032375456.2	7	1
Nvec_vc1.1_XM_032376554.2	7	1
Nvec_vc1.1_XM_032366100.2	7	1
Nvec_vc1.1_XM_032379711.2	7	1
Nvec_vc1.1_XM_048729256.1	7	1
Nvec_vc1.1_XM_032381936.2	7	1
Nvec_NVE16530	7	1
Nvec_vc1.1_XM_032380333.2	7	1
Nvec_vc1.1_XM_032362713.2	7	1
Nvec_vc1.1_XM_032373618.2	7	1
Nvec_vc1.1_XM_001633894.3	7	1
Nvec_vc1.1_XM_001639077.3	7	1
Nvec_vc1.1_XM_001628641.3	7	1
Nvec_vc1.1_XM_001632026.3	7	1
Nvec_vc1.1_XM_048727524.1	7	1
Nvec_vc1.1_XM_001633784.3	7	1
Nvec_vc1.1_XM_001639629.3	7	1
Nvec_vc1.1_XM_048729700.1	7	1
Nvec_NVE18732	7	1
Nvec_vc1.1_XM_032367336.2	7	1
Nvec_vc1.1_XM_032379603.2	7	1
Nvec_vc1.1_XM_032371448.2	7	1
Nvec_vc1.1_XM_048724280.1	7	1
Nvec_vc1.1_XM_032382686.2	7	1
Nvec_vc1.1_XM_001628445.3	7	1
Nvec_NVE4782	20	1
Nvec_vc1.1_XM_001630336.3	20	1
Nvec_vc1.1_XM_032364250.2	20	1
Nvec_NVE24308	20	1
Nvec_NVE24307	20	1
Nvec_vc1.1_XM_032366830.2	20	1
Nvec_vc1.1_XM_032369367.2	20	1
Nvec_vc1.1_XM_032364259.2	20	1
Nvec_vc1.1_XM_001625977.1	20	1
Nvec_vc1.1_XM_048733654.1	20	1
Nvec_vc1.1_XM_048724673.1	20	1
Nvec_vc1.1_XM_032373514.2	20	1
Nvec_vc1.1_XM_032366609.2	20	1
Nvec_NVE82	20	1
Nvec_vc1.1_XM_032381931.2	20	1
Nvec_vc1.1_XM_001640135.3	20	1
Nvec_vc1.1_XM_032372780.2	20	1
Nvec_vc1.1_XM_032363337.2	20	1
Nvec_vc1.1_XM_032366085.2	20	1
Nvec_NVE6208	20	1
Nvec_vc1.1_XM_032374864.2	20	1
Nvec_vc1.1_XM_048727402.1	20	1
Nvec_vc1.1_XM_048733641.1	20	1
Nvec_vc1.1_XM_032376715.2	20	1
Nvec_vc1.1_XM_032369284.2	20	1
Nvec_vc1.1_XM_001623752.3	20	1
Nvec_NVE18512	20	1
Nvec_vc1.1_XM_032386102.2	20	1
Nvec_vc1.1_XM_032367072.2	20	1
Nvec_vc1.1_XM_001622456.3	20	1
Nvec_vc1.1_XM_001635929.3	20	1
Nvec_vc1.1_XM_048733133.1	20	1
Nvec_vc1.1_XM_032367151.2	20	1
Nvec_NVE8198	20	1
Nvec_vc1.1_XM_032377282.2	20	1
Nvec_vc1.1_XM_048723044.1	20	1
Nvec_vc1.1_XM_032375016.2	20	1
Nvec_vc1.1_XM_001628087.3	20	1
Nvec_vc1.1_XM_032364076.2	20	1
Nvec_vc1.1_XM_001636466.3	20	1
Nvec_NVE10948	20	1
Nvec_NVE7990	20	1
Nvec_vc1.1_XM_032374799.2	20	1
Nvec_vc1.1_XM_032383353.2	20	1
Nvec_vc1.1_XM_001639796.3	20	1
Nvec_vc1.1_XM_032378271.2	20	1
Nvec_vc1.1_XM_048722045.1	20	1
Nvec_vc1.1_XM_048728991.1	20	1
Nvec_vc1.1_XM_048723850.1	20	1
Nvec_NVE24173	20	1
Nvec_vc1.1_XM_048734651.1	20	1
Nvec_v1g244904	20	1
Nvec_vc1.1_XM_032383560.2	20	1
Nvec_NVE23859	20	1
Nvec_vc1.1_XM_032363628.2	20	1
Nvec_v1g233523	20	1
Nvec_vc1.1_XM_001638751.3	20	1
Nvec_vc1.1_XM_048724902.1	20	1
Nvec_vc1.1_XM_001626716.3	20	1
Nvec_NVE9245	20	1
Nvec_vc1.1_XM_001625612.3	20	1
Nvec_vc1.1_XM_032384164.2	20	1
Nvec_vc1.1_XM_001634305.3	20	1
Nvec_vc1.1_XM_032377398.2	20	1
Nvec_NVE19538	20	1
Nvec_vc1.1_XM_032365010.2	20	1
Nvec_vc1.1_XM_048730604.1	20	1
Nvec_vc1.1_XM_032364509.2	20	1
Nvec_vc1.1_XM_001628040.3	20	1
Nvec_vc1.1_XM_048724461.1	20	1
Nvec_vc1.1_XM_032367285.2	20	1
Nvec_vc1.1_XM_032378587.2	20	1
Nvec_NVE1249	20	1
Nvec_vc1.1_XM_032381136.2	20	1
Nvec_vc1.1_XM_032367566.2	17	2
Nvec_vc1.1_XM_032373447.2	17	2
Nvec_vc1.1_XM_001627936.3	17	2
Nvec_vc1.1_XM_048719761.1	17	2
Nvec_vc1.1_XM_032363201.2	17	2
Nvec_vc1.1_XM_048733526.1	17	2
Nvec_vc1.1_XM_032382879.2	17	2
Nvec_vc1.1_XM_048728391.1	17	2
Nvec_vc1.1_XM_032377897.2	17	2
Nvec_vc1.1_XM_001631504.3	17	2
Nvec_vc1.1_XM_032374963.2	17	2
Nvec_vc1.1_XM_048734251.1	17	2
Nvec_vc1.1_XM_032383563.2	17	2
Nvec_vc1.1_XM_048729375.1	17	2
Nvec_vc1.1_XM_048722613.1	17	2
Nvec_vc1.1_XM_032366836.2	17	2
Nvec_vc1.1_XM_001639888.3	17	2
Nvec_vc1.1_XM_032383681.2	17	2
Nvec_vc1.1_XM_048732599.1	17	2
Nvec_vc1.1_XM_001628089.3	17	2
Nvec_vc1.1_XM_001634990.3	17	2
Nvec_vc1.1_XM_001635262.3	17	2
Nvec_vc1.1_XM_032379652.2	17	2
Nvec_vc1.1_XM_001629939.3	17	2
Nvec_vc1.1_XM_032386611.2	17	2
Nvec_vc1.1_XM_032382256.2	17	2
Nvec_NVE8100	17	2
Nvec_vc1.1_XM_001638981.3	17	2
Nvec_vc1.1_XM_032361816.2	17	2
Nvec_vc1.1_XM_032366232.2	17	2
Nvec_NVE11975	17	2
Nvec_vc1.1_XM_032375225.2	17	2
Nvec_vc1.1_XM_048729682.1	17	2
Nvec_vc1.1_XM_032365060.2	17	2
Nvec_vc1.1_XM_032379813.2	17	2
Nvec_vc1.1_XM_032377900.2	17	2
Nvec_vc1.1_XM_001637483.3	17	2
Nvec_vc1.1_XM_048734612.1	17	2
Nvec_v1g239539	17	2
Nvec_NVE22301	17	2
Nvec_vc1.1_XM_032376396.2	17	2
Nvec_vc1.1_XM_001633818.3	17	2
Nvec_vc1.1_XM_001639838.3	17	2
Nvec_NVE13149	17	2
Nvec_vc1.1_XM_032367360.2	17	2
Nvec_vc1.1_XM_048734031.1	17	2
Nvec_vc1.1_XM_032363887.2	17	2
Nvec_vc1.1_XM_001619925.3	17	2
Nvec_vc1.1_XM_001629684.3	17	2
Nvec_vc1.1_XM_032375539.2	17	2
Nvec_v1g239768	17	2
Nvec_vc1.1_XM_032366574.2	17	2
Nvec_vc1.1_XM_032375234.2	17	2
Nvec_vc1.1_XM_032377423.2	17	2
Nvec_vc1.1_XM_001629239.3	17	2
Nvec_vc1.1_XM_032363877.2	17	2
Nvec_vc1.1_XM_032367445.2	17	2
Nvec_vc1.1_XM_032378799.2	17	2
Nvec_NVE3865	17	2
Nvec_vc1.1_XM_048732267.1	17	2
Nvec_vc1.1_XM_048732269.1	17	2
Nvec_vc1.1_XM_032369283.2	17	2
Nvec_v1g246108	17	2
Nvec_vc1.1_XM_001637643.3	17	2
Nvec_vc1.1_XM_001624592.3	17	2
Nvec_vc1.1_XM_048723186.1	17	2
Nvec_vc1.1_XM_048721422.1	17	2
Nvec_vc1.1_XM_001636753.3	17	2
Nvec_vc1.1_XM_032377532.2	17	2
Nvec_vc1.1_XM_001634171.3	17	2
Nvec_vc1.1_XM_048728674.1	17	2
Nvec_v1g246107	17	2
Nvec_vc1.1_XM_048726961.1	17	2
Nvec_vc1.1_XM_001628279.3	17	2
Nvec_NVE7958	17	2
Nvec_vc1.1_XM_001637751.3	17	2
Nvec_NVE17617	17	2
Nvec_vc1.1_XM_001639681.3	17	2
Nvec_vc1.1_XM_001640722.3	17	2
Nvec_vc1.1_XM_001633244.3	17	2
Nvec_vc1.1_XM_032379333.2	17	2
Nvec_vc1.1_XM_001641547.3	17	2
Nvec_vc1.1_XM_001637125.3	17	2
Nvec_vc1.1_XM_032365366.2	17	2
Nvec_vc1.1_XM_032363793.2	17	2
Nvec_NVE515	17	2
Nvec_vc1.1_XM_032386711.2	17	2
Nvec_vc1.1_XM_032378806.2	17	2
Nvec_vc1.1_XM_032378372.2	17	2
Nvec_vc1.1_XM_001628466.3	17	2
Nvec_vc1.1_XM_001631052.3	17	2
Nvec_vc1.1_XM_032379840.2	17	2
Nvec_vc1.1_XM_032377662.2	17	2
Nvec_vc1.1_XM_032382619.2	17	2
Nvec_vc1.1_XM_001639712.3	17	2
Nvec_vc1.1_XM_048728946.1	17	2
Nvec_vc1.1_XM_032377026.2	17	2
Nvec_vc1.1_XM_032372647.2	17	2
Nvec_vc1.1_XM_032363397.2	17	2
Nvec_vc1.1_XM_032378457.2	17	2
Nvec_vc1.1_XM_032378458.2	17	2
Nvec_vc1.1_XM_032383953.2	17	2
Nvec_vc1.1_XM_032381371.2	17	2
Nvec_vc1.1_XM_032385013.2	4	2
Nvec_vc1.1_XM_032375140.2	4	2
Nvec_vc1.1_XM_032361988.2	4	2
Nvec_vc1.1_XM_001634737.3	4	2
Nvec_vc1.1_XM_048723155.1	4	2
Nvec_vc1.1_XM_032376357.2	4	2
Nvec_vc1.1_XM_032379151.2	4	2
Nvec_NVE5020	4	2
Nvec_vc1.1_XM_032384308.2	4	2
Nvec_vc1.1_XM_048728110.1	4	2
Nvec_vc1.1_XM_048721230.1	4	2
Nvec_vc1.1_XM_032375342.2	4	2
Nvec_vc1.1_XM_048724833.1	4	2
Nvec_vc1.1_XM_032367345.2	4	2
Nvec_vc1.1_XM_032384383.2	4	2
Nvec_vc1.1_XM_048720837.1	4	2
Nvec_vc1.1_XM_048729037.1	4	2
Nvec_vc1.1_XM_032379543.2	4	2
Nvec_vc1.1_XM_032380113.2	4	2
Nvec_vc1.1_XM_001634758.3	4	2
Nvec_vc1.1_XM_048727574.1	4	2
Nvec_vc1.1_XM_048720662.1	4	2
Nvec_vc1.1_XM_048721810.1	4	2
Nvec_vc1.1_XM_032386178.2	4	2
Nvec_vc1.1_XM_032366411.2	4	2
Nvec_vc1.1_XM_048731798.1	4	2
Nvec_v1g238875	4	2
Nvec_vc1.1_XM_001639192.3	4	2
Nvec_vc1.1_XM_048727185.1	4	2
Nvec_vc1.1_XM_048721262.1	4	2
Nvec_vc1.1_XM_001640716.3	4	2
Nvec_vc1.1_XM_032365463.2	4	2
Nvec_vc1.1_XM_001638123.3	4	2
Nvec_vc1.1_XM_048727546.1	4	2
Nvec_vc1.1_XM_048722542.1	4	2
Nvec_vc1.1_XM_001631817.3	4	2
Nvec_vc1.1_XM_032383039.2	4	2
Nvec_vc1.1_XM_032365468.2	4	2
Nvec_vc1.1_XM_032384065.2	4	2
Nvec_vc1.1_XM_032381933.2	4	2
Nvec_vc1.1_XM_048720985.1	4	2
Nvec_vc1.1_XM_001639496.3	4	2
Nvec_vc1.1_XM_048731129.1	4	2
Nvec_v1g209782	4	2
Nvec_vc1.1_XM_032383589.2	4	2
Nvec_vc1.1_XM_048722989.1	4	2
Nvec_vc1.1_XM_032383658.2	4	2
Nvec_vc1.1_XM_032379553.2	4	2
Nvec_vc1.1_XM_001633854.3	4	2
Nvec_vc1.1_XM_048723150.1	4	2
Nvec_v1g241566	4	2
Nvec_vc1.1_XM_032381270.2	4	2
Nvec_vc1.1_XM_032385556.2	4	2
Nvec_vc1.1_XM_032367257.2	4	2
Nvec_vc1.1_XM_001626003.3	4	2
Nvec_vc1.1_XM_032367549.2	4	2
Nvec_vc1.1_XM_032378511.2	4	2
Nvec_vc1.1_XM_032374552.2	4	2
Nvec_vc1.1_XM_032385272.2	4	2
Nvec_vc1.1_XM_032380723.2	4	2
Nvec_NVE23082	4	2
Nvec_vc1.1_XM_032362505.2	4	2
Nvec_vc1.1_XM_048734731.1	4	2
Nvec_vc1.1_XM_032384349.2	4	2
Nvec_vc1.1_XM_001638679.3	4	2
Nvec_vc1.1_XM_032362255.2	4	2
Nvec_vc1.1_XM_048733202.1	4	2
Nvec_vc1.1_XM_032363512.2	4	2
Nvec_vc1.1_XM_032378993.2	4	2
Nvec_vc1.1_XM_032382475.2	4	2
Nvec_vc1.1_XM_001639209.3	4	2
Nvec_vc1.1_XM_048725686.1	4	2
Nvec_vc1.1_XM_032364466.2	4	2
Nvec_vc1.1_XM_032375185.2	4	2
Nvec_vc1.1_XM_048720685.1	4	2
Nvec_vc1.1_XM_001627822.3	4	2
Nvec_NVE3196	4	2
Nvec_vc1.1_XM_001641234.3	4	2
Nvec_vc1.1_XM_032386153.2	4	2
Nvec_vc1.1_XM_048720812.1	4	2
Nvec_vc1.1_XM_001635393.3	4	2
Nvec_vc1.1_XM_048733074.1	4	2
Nvec_NVE24623	4	2
Nvec_vc1.1_XM_032362603.2	4	2
Nvec_vc1.1_XM_032366449.2	4	2
Nvec_vc1.1_XM_032372500.2	4	2
Nvec_vc1.1_XM_001642034.3	4	2
Nvec_vc1.1_XM_001628302.3	4	2
Nvec_vc1.1_XM_001626749.3	4	2
Nvec_vc1.1_XM_048721600.1	4	2
Nvec_vc1.1_XM_001633237.3	4	2
Nvec_vc1.1_XM_001626142.3	4	2
Nvec_vc1.1_XM_001628699.3	4	2
Nvec_vc1.1_XM_048724498.1	4	2
Nvec_vc1.1_XM_001625377.3	4	2
Nvec_vc1.1_XM_032374564.2	4	2
Nvec_vc1.1_XM_048726048.1	4	2
Nvec_vc1.1_XM_048730108.1	4	2
Nvec_vc1.1_XM_032380603.1	4	2
Nvec_vc1.1_XM_001622889.3	4	2
Nvec_vc1.1_XM_001641583.3	4	2
Nvec_vc1.1_XM_001636610.3	4	2
Nvec_vc1.1_XM_048732922.1	4	2
Nvec_v1g246032	4	2
Nvec_vc1.1_XM_001637426.3	4	2
Nvec_vc1.1_XM_032370592.2	4	2
Nvec_vc1.1_XM_048721083.1	4	2
Nvec_vc1.1_XM_001633502.3	4	2
Nvec_vc1.1_XM_048723444.1	4	2
Nvec_vc1.1_XM_001626738.3	4	2
Nvec_vc1.1_XM_001624006.3	4	2
Nvec_vc1.1_XM_048730050.1	4	2
Nvec_vc1.1_XM_048731538.1	4	2
Nvec_vc1.1_XM_001629787.3	4	2
Nvec_vc1.1_XM_001631160.3	4	2
Nvec_vc1.1_XM_048728437.1	4	2
Nvec_vc1.1_XM_032376044.2	4	2
Nvec_vc1.1_XM_032371341.2	4	2
Nvec_vc1.1_XM_032375337.2	4	2
Nvec_vc1.1_XM_048734543.1	4	2
Nvec_vc1.1_XM_048734669.1	4	2
Nvec_vc1.1_XM_048734542.1	4	2
Nvec_NVE164	4	2
Nvec_vc1.1_XM_048730102.1	4	2
Nvec_vc1.1_XM_048724470.1	4	2
Nvec_vc1.1_XM_032386189.2	4	2
Nvec_vc1.1_XM_001629685.3	4	2
Nvec_vc1.1_XM_048728987.1	4	2
Nvec_v1g225176	4	2
Nvec_vc1.1_XM_048732948.1	4	2
Nvec_vc1.1_XM_032366627.2	4	2
Nvec_vc1.1_XM_001632534.3	4	2
Nvec_vc1.1_XM_032386105.2	4	2
Nvec_vc1.1_XM_032372264.2	4	2
Nvec_vc1.1_XM_032377764.2	4	2
Nvec_vc1.1_XM_048733683.1	4	2
Nvec_vc1.1_XM_001627986.3	4	2
Nvec_vc1.1_XM_048720931.1	4	2
Nvec_vc1.1_XM_032386408.2	4	2
Nvec_vc1.1_XM_048724342.1	4	2
Nvec_NVE13928	4	2
Nvec_vc1.1_XM_001626465.3	4	2
Nvec_vc1.1_XM_001635061.3	4	2
Nvec_vc1.1_XM_032363593.2	4	2
Nvec_vc1.1_XM_032383763.2	4	2
Nvec_vc1.1_XM_001625964.3	4	2
Nvec_vc1.1_XM_001639584.3	4	2
Nvec_vc1.1_XM_001632657.3	4	2
Nvec_vc1.1_XM_048722446.1	4	2
Nvec_vc1.1_XM_001629535.3	4	2
Nvec_vc1.1_XM_032377703.2	4	2
Nvec_vc1.1_XM_001629750.3	4	2
Nvec_vc1.1_XM_032377055.2	4	2
Nvec_vc1.1_XM_048721112.1	4	2
Nvec_vc1.1_XM_001623829.3	4	2
Nvec_vc1.1_XM_001639326.3	4	2
Nvec_vc1.1_XM_032364122.1	4	2
Nvec_vc1.1_XM_032365481.2	4	2
Nvec_vc1.1_XM_001635943.3	4	2
Nvec_vc1.1_XM_048727536.1	4	2
Nvec_vc1.1_XM_048733625.1	4	2
Nvec_vc1.1_XM_001625595.3	4	2
Nvec_vc1.1_XM_001637068.3	4	2
Nvec_vc1.1_XM_001637948.3	4	2
Nvec_vc1.1_XM_048726142.1	4	2
Nvec_vc1.1_XM_032374928.2	4	2
Nvec_vc1.1_XM_048729121.1	4	2
Nvec_vc1.1_XM_001635247.3	4	2
Nvec_vc1.1_XM_032382953.2	4	2
Nvec_vc1.1_XM_001629427.3	4	2
Nvec_vc1.1_XM_032364815.2	4	2
Nvec_vc1.1_XM_048731890.1	13	2
Nvec_vc1.1_XM_032367667.2	13	2
Nvec_vc1.1_XM_048731875.1	13	2
Nvec_vc1.1_XM_032363581.2	13	2
Nvec_vc1.1_XM_048722463.1	13	2
Nvec_vc1.1_XM_048724790.1	13	2
Nvec_vc1.1_XM_048726005.1	13	2
Nvec_vc1.1_XM_001630250.3	13	2
Nvec_vc1.1_XM_032381571.2	13	2
Nvec_vc1.1_XM_032370981.2	13	2
Nvec_vc1.1_XM_032371388.2	13	2
Nvec_vc1.1_XM_032367633.2	13	2
Nvec_vc1.1_XM_048732006.1	13	2
Nvec_vc1.1_XM_001626222.3	13	2
Nvec_vc1.1_XM_032371493.2	13	2
Nvec_vc1.1_XM_048727166.1	13	2
Nvec_vc1.1_XM_032386323.2	13	2
Nvec_vc1.1_XM_048724875.1	13	2
Nvec_vc1.1_XM_048721204.1	13	2
Nvec_vc1.1_XM_001628569.3	13	2
Nvec_vc1.1_XM_001628571.3	13	2
Nvec_vc1.1_XM_032372156.2	13	2
Nvec_vc1.1_XM_032387219.2	13	2
Nvec_vc1.1_XM_001633142.2	13	2
Nvec_v1g246608	13	2
Nvec_vc1.1_XM_048724583.1	13	2
Nvec_vc1.1_XM_032379913.2	13	2
Nvec_vc1.1_XM_032381984.2	13	2
Nvec_vc1.1_XM_001627964.3	13	2
Nvec_vc1.1_XM_032371889.2	13	2
Nvec_vc1.1_XM_048729284.1	13	2
Nvec_vc1.1_XM_048734599.1	13	2
Nvec_vc1.1_XM_001627228.3	13	2
Nvec_vc1.1_XM_048723204.1	13	2
Nvec_NVE24893	13	2
Nvec_vc1.1_XM_032377540.2	13	2
Nvec_vc1.1_XM_032372050.2	13	2
Nvec_vc1.1_XM_032382954.2	13	2
Nvec_vc1.1_XM_001639372.3	13	2
Nvec_vc1.1_XM_001638168.3	13	2
Nvec_vc1.1_XM_032376738.2	13	2
Nvec_vc1.1_XM_032367153.2	13	2
Nvec_vc1.1_XM_048727098.1	13	2
Nvec_vc1.1_XM_001627295.3	13	2
Nvec_vc1.1_XM_001638273.3	13	2
Nvec_vc1.1_XM_001635477.3	13	2
Nvec_v1g128929	13	2
Nvec_vc1.1_XM_032382033.2	13	2
Nvec_vc1.1_XM_032385496.2	13	2
Nvec_vc1.1_XM_032364537.2	13	2
Nvec_vc1.1_XM_001625109.3	13	2
Nvec_vc1.1_XM_032387209.2	13	2
Nvec_vc1.1_XM_048724064.1	13	2
Nvec_vc1.1_XM_001638629.3	13	2
Nvec_vc1.1_XM_001632877.3	13	2
Nvec_vc1.1_XM_032367592.2	13	2
Nvec_vc1.1_XM_048731255.1	13	2
Nvec_vc1.1_XM_032386322.2	13	2
Nvec_vc1.1_XM_032362893.2	13	2
Nvec_vc1.1_XM_032377217.2	13	2
Nvec_vc1.1_XM_032375461.2	13	2
Nvec_vc1.1_XM_001626470.3	13	2
Nvec_vc1.1_XM_048728223.1	13	2
Nvec_vc1.1_XM_032364593.2	13	2
Nvec_vc1.1_XM_001637628.3	13	2
Nvec_vc1.1_XM_001640356.3	13	2
Nvec_vc1.1_XM_001625353.3	13	2
Nvec_vc1.1_XM_048722869.1	13	2
Nvec_vc1.1_XM_048723863.1	13	2
Nvec_vc1.1_XM_032374273.2	13	2
Nvec_vc1.1_XM_001633218.3	13	2
Nvec_vc1.1_XM_032375533.2	13	2
Nvec_vc1.1_XM_001631366.3	13	2
Nvec_vc1.1_XM_032372557.2	13	2
Nvec_vc1.1_XM_048728882.1	13	2
Nvec_vc1.1_XM_032364600.2	13	2
Nvec_vc1.1_XM_032364544.2	13	2
Nvec_vc1.1_XM_001632102.3	13	2
Nvec_vc1.1_XM_048722979.1	13	2
Nvec_vc1.1_XM_032386896.2	13	2
Nvec_vc1.1_XM_048726715.1	13	2
Nvec_vc1.1_XM_048724265.1	13	2
Nvec_vc1.1_XM_001628209.3	13	2
Nvec_vc1.1_XM_032382047.2	13	2
Nvec_vc1.1_XM_032385455.2	13	2
Nvec_vc1.1_XM_001634160.3	13	2
Nvec_vc1.1_XM_032372106.2	13	2
Nvec_vc1.1_XM_032381433.2	13	2
Nvec_NVE6132	13	2
Nvec_vc1.1_XM_048732580.1	13	2
Nvec_vc1.1_XM_001634306.3	13	2
Nvec_NVE6134	13	2
Nvec_vc1.1_XM_032365115.2	13	2
Nvec_vc1.1_XM_032382215.2	13	2
Nvec_vc1.1_XM_048729500.1	13	2
Nvec_vc1.1_XM_001639406.3	13	2
Nvec_vc1.1_XM_032381525.2	13	2
Nvec_vc1.1_XM_048729187.1	13	2
Nvec_vc1.1_XM_032370228.2	13	2
Nvec_vc1.1_XM_001623332.3	13	2
Nvec_vc1.1_XM_032386907.2	13	2
Nvec_vc1.1_XM_048720473.1	13	2
Nvec_vc1.1_XM_001628335.3	13	2
Nvec_vc1.1_XM_001634043.3	13	2
Nvec_vc1.1_XM_048730267.1	1	3
Nvec_vc1.1_XM_048732374.1	1	3
Nvec_vc1.1_XM_048734335.1	1	3
Nvec_vc1.1_XM_032383025.2	1	3
Nvec_vc1.1_XM_048732983.1	1	3
Nvec_vc1.1_XM_001630751.3	1	3
Nvec_vc1.1_XM_032382739.2	1	3
Nvec_vc1.1_XM_032380114.2	1	3
Nvec_vc1.1_XM_032365689.2	1	3
Nvec_vc1.1_XM_048729660.1	1	3
Nvec_vc1.1_XM_048724733.1	1	3
Nvec_vc1.1_XM_048730570.1	1	3
Nvec_vc1.1_XM_032381190.2	1	3
Nvec_vc1.1_XM_048729642.1	1	3
Nvec_vc1.1_XM_032366493.2	1	3
Nvec_vc1.1_XM_032366733.2	1	3
Nvec_vc1.1_XM_032374974.2	1	3
Nvec_vc1.1_XM_048733601.1	1	3
Nvec_vc1.1_XM_032374380.2	1	3
Nvec_NVE12530	1	3
Nvec_vc1.1_XM_001624941.3	1	3
Nvec_vc1.1_XM_032382026.2	1	3
Nvec_vc1.1_XM_001624046.3	1	3
Nvec_vc1.1_XM_048725367.1	1	3
Nvec_vc1.1_XM_048732299.1	1	3
Nvec_vc1.1_XM_048734581.1	1	3
Nvec_vc1.1_XM_032381578.2	1	3
Nvec_vc1.1_XM_032387234.2	1	3
Nvec_vc1.1_XM_048730697.1	1	3
Nvec_vc1.1_XM_048734501.1	1	3
Nvec_vc1.1_XM_032380813.2	1	3
Nvec_vc1.1_XM_048721643.1	1	3
Nvec_vc1.1_XM_001631718.3	1	3
Nvec_vc1.1_XM_048721548.1	1	3
Nvec_vc1.1_XM_048731617.1	1	3
Nvec_vc1.1_XM_001628740.3	1	3
Nvec_vc1.1_XM_032373951.2	1	3
Nvec_vc1.1_XM_001639320.3	1	3
Nvec_v1g220144	1	3
Nvec_vc1.1_XM_032364189.2	1	3
Nvec_vc1.1_XM_001639659.3	1	3
Nvec_vc1.1_XM_001636911.3	1	3
Nvec_vc1.1_XM_048722504.1	1	3
Nvec_vc1.1_XM_032361847.2	1	3
Nvec_vc1.1_XM_032375423.2	1	3
Nvec_v1g201852	1	3
Nvec_vc1.1_XM_032382931.2	1	3
Nvec_vc1.1_XM_001639027.3	1	3
Nvec_vc1.1_XM_001632720.3	1	3
Nvec_vc1.1_XM_032378595.2	1	3
Nvec_vc1.1_XM_032367719.2	1	3
Nvec_vc1.1_XM_048734130.1	1	3
Nvec_vc1.1_XM_001622321.3	1	3
Nvec_vc1.1_XM_001633192.3	1	3
Nvec_vc1.1_XM_032375602.2	1	3
Nvec_vc1.1_XM_001636910.3	1	3
Nvec_vc1.1_XM_032376774.2	1	3
Nvec_vc1.1_XM_048719367.1	1	3
Nvec_vc1.1_XM_032378335.2	1	3
Nvec_vc1.1_XM_048722944.1	1	3
Nvec_vc1.1_XM_048729747.1	1	3
Nvec_vc1.1_XM_048720488.1	1	3
Nvec_vc1.1_XM_048730289.1	1	3
Nvec_vc1.1_XM_048733576.1	1	3
Nvec_vc1.1_XM_032378460.2	1	3
Nvec_vc1.1_XM_032382639.2	1	3
Nvec_vc1.1_XM_032362941.2	1	3
Nvec_vc1.1_XM_048729971.1	1	3
Nvec_vc1.1_XM_032379774.2	1	3
Nvec_vc1.1_XM_048734224.1	1	3
Nvec_vc1.1_XM_001630553.3	1	3
Nvec_vc1.1_XM_048727459.1	1	3
Nvec_vc1.1_XM_032374885.2	1	3
Nvec_v1g215441	1	3
Nvec_vc1.1_XM_048725553.1	1	3
Nvec_vc1.1_XM_048732918.1	1	3
Nvec_vc1.1_XM_048721138.1	1	3
Nvec_vc1.1_XM_048723386.1	1	3
Nvec_vc1.1_XM_048726202.1	1	3
Nvec_vc1.1_XM_032373339.2	1	3
Nvec_vc1.1_XM_032365883.2	1	3
Nvec_vc1.1_XM_032365932.2	1	3
Nvec_vc1.1_XM_001641518.3	1	3
Nvec_vc1.1_XM_048728974.1	1	3
Nvec_vc1.1_XM_048723925.1	1	3
Nvec_vc1.1_XM_032378522.2	1	3
Nvec_vc1.1_XM_032367099.2	1	3
Nvec_vc1.1_XM_032387042.2	1	3
Nvec_vc1.1_XM_032372945.2	1	3
Nvec_vc1.1_XM_048726448.1	1	3
Nvec_vc1.1_XM_048720464.1	1	3
Nvec_vc1.1_XM_048734709.1	1	3
Nvec_vc1.1_XM_048731600.1	1	3
Nvec_vc1.1_XM_001628985.3	1	3
Nvec_vc1.1_XM_048722988.1	1	3
Nvec_vc1.1_XM_032366795.2	1	3
Nvec_vc1.1_XM_001624217.3	1	3
Nvec_vc1.1_XM_048731539.1	1	3
Nvec_vc1.1_XM_048722984.1	1	3
Nvec_vc1.1_XM_001631969.3	1	3
Nvec_vc1.1_XM_032377056.2	1	3
Nvec_vc1.1_XM_032367399.2	1	3
Nvec_vc1.1_XM_032375303.2	1	3
Nvec_vc1.1_XM_001641262.3	1	3
Nvec_NVE16919	1	3
Nvec_v1g199617	1	3
Nvec_vc1.1_XM_001632576.3	1	3
Nvec_vc1.1_XM_048722048.1	1	3
Nvec_vc1.1_XM_001635717.3	1	3
Nvec_vc1.1_XM_048732590.1	1	3
Nvec_vc1.1_XM_001630825.3	1	3
Nvec_vc1.1_XM_048722411.1	1	3
Nvec_vc1.1_XM_032377288.2	1	3
Nvec_vc1.1_XM_032361837.2	1	3
Nvec_vc1.1_XM_032373614.2	1	3
Nvec_vc1.1_XM_032385632.2	1	3
Nvec_vc1.1_XM_048722758.1	1	3
Nvec_vc1.1_XM_001640832.3	1	3
Nvec_v1g240682	1	3
Nvec_vc1.1_XM_001631578.3	1	3
Nvec_vc1.1_XM_048721757.1	1	3
Nvec_vc1.1_XM_048732370.1	1	3
Nvec_vc1.1_XM_048733837.1	1	3
Nvec_vc1.1_XM_001631876.3	1	3
Nvec_vc1.1_XM_032369299.2	1	3
Nvec_NVE8358	1	3
Nvec_vc1.1_XM_032362133.2	1	3
Nvec_v1g87960	1	3
Nvec_vc1.1_XM_032383743.2	1	3
Nvec_vc1.1_XM_001626165.3	1	3
Nvec_vc1.1_XM_032373577.2	1	3
Nvec_vc1.1_XM_032367191.2	1	3
Nvec_vc1.1_XM_032365655.2	1	3
Nvec_vc1.1_XM_048733838.1	1	3
Nvec_vc1.1_XM_048726708.1	1	3
Nvec_vc1.1_XM_032374592.2	1	3
Nvec_vc1.1_XM_048729827.1	1	3
Nvec_vc1.1_XM_048732352.1	1	3
Nvec_vc1.1_XM_001626026.3	1	3
Nvec_v1g240389	1	3
Nvec_vc1.1_XM_048722863.1	1	3
Nvec_vc1.1_XM_032367685.2	1	3
Nvec_vc1.1_XM_001632574.3	1	3
Nvec_v1g237864	1	3
Nvec_vc1.1_XM_032362262.2	1	3
Nvec_vc1.1_XM_032380648.2	1	3
Nvec_vc1.1_XM_001636352.3	1	3
Nvec_vc1.1_XM_032371675.2	1	3
Nvec_NVE20592	1	3
Nvec_NVE23569	1	3
Nvec_vc1.1_XM_032366492.2	1	3
Nvec_vc1.1_XM_001632083.3	1	3
Nvec_vc1.1_XM_048726592.1	1	3
Nvec_vc1.1_XM_048722719.1	1	3
Nvec_vc1.1_XM_048722849.1	1	3
Nvec_NVE5783	1	3
Nvec_vc1.1_XM_032381026.2	1	3
Nvec_vc1.1_XM_001637804.3	1	3
Nvec_vc1.1_XM_048724737.1	1	3
Nvec_v1g200716	1	3
Nvec_vc1.1_XM_048724989.1	1	3
Nvec_vc1.1_XM_032375046.2	11	3
Nvec_vc1.1_XM_032365499.2	11	3
Nvec_vc1.1_XM_001638552.3	11	3
Nvec_NVE4602	11	3
Nvec_vc1.1_XM_001628634.3	11	3
Nvec_vc1.1_XM_048729202.1	11	3
Nvec_vc1.1_XM_048722079.1	11	3
Nvec_vc1.1_XM_048728011.1	11	3
Nvec_vc1.1_XM_032361839.2	11	3
Nvec_vc1.1_XM_032370453.2	11	3
Nvec_vc1.1_XM_032379347.2	11	3
Nvec_vc1.1_XM_048733590.1	11	3
Nvec_NVE16374	11	3
Nvec_vc1.1_XM_032375228.2	11	3
Nvec_vc1.1_XM_048733596.1	11	3
Nvec_vc1.1_XM_048725965.1	11	3
Nvec_NVE5387	11	3
Nvec_vc1.1_XM_032364543.2	11	3
Nvec_vc1.1_XM_048726077.1	11	3
Nvec_vc1.1_XM_032381683.2	11	3
Nvec_vc1.1_XM_032375762.2	11	3
Nvec_vc1.1_XM_032362801.2	11	3
Nvec_vc1.1_XM_032364016.2	11	3
Nvec_vc1.1_XM_048727107.1	11	3
Nvec_vc1.1_XM_032367207.2	11	3
Nvec_vc1.1_XM_032386608.2	11	3
Nvec_vc1.1_XM_001640691.3	11	3
Nvec_vc1.1_XM_032376853.2	11	3
Nvec_vc1.1_XM_032380789.2	11	3
Nvec_vc1.1_XM_032378623.2	11	3
Nvec_vc1.1_XM_001632605.3	11	3
Nvec_vc1.1_XM_032370316.2	11	3
Nvec_vc1.1_XM_048732421.1	11	3
Nvec_v1g212407	11	3
Nvec_vc1.1_XM_032377770.2	11	3
Nvec_vc1.1_XM_001638628.3	11	3
Nvec_vc1.1_XM_032374382.2	11	3
Nvec_vc1.1_XM_048727783.1	11	3
Nvec_vc1.1_XM_001639596.3	11	3
Nvec_vc1.1_XM_048733574.1	11	3
Nvec_vc1.1_XM_032387334.2	11	3
Nvec_vc1.1_XM_032382006.2	11	3
Nvec_vc1.1_XM_048726078.1	11	3
Nvec_v1g204906	11	3
Nvec_vc1.1_XM_048733777.1	11	3
Nvec_vc1.1_XM_032380522.2	11	3
Nvec_vc1.1_XM_048732786.1	11	3
Nvec_vc1.1_XM_048720650.1	11	3
Nvec_vc1.1_XM_032364895.2	11	3
Nvec_vc1.1_XM_032384269.2	11	3
Nvec_vc1.1_XM_001625397.3	11	3
Nvec_v1g243618	11	3
Nvec_vc1.1_XM_001640512.3	11	3
Nvec_vc1.1_XM_048724042.1	11	3
Nvec_vc1.1_XM_048725470.1	11	3
Nvec_vc1.1_XM_032367119.2	11	3
Nvec_NVE4452	11	3
Nvec_vc1.1_XM_032362977.2	11	3
Nvec_vc1.1_XM_048732851.1	11	3
Nvec_v1g184439	11	3
Nvec_vc1.1_XM_048722928.1	11	3
Nvec_vc1.1_XM_001631151.3	11	3
Nvec_vc1.1_XM_048726528.1	11	3
Nvec_vc1.1_XM_032376542.2	11	3
Nvec_vc1.1_XM_032380334.2	11	3
Nvec_vc1.1_XM_001633462.3	11	3
Nvec_vc1.1_XM_032374467.2	11	3
Nvec_vc1.1_XM_001640683.3	11	3
Nvec_vc1.1_XM_032372048.2	11	3
Nvec_vc1.1_XM_001625888.3	11	3
Nvec_vc1.1_XM_032385706.2	11	3
Nvec_vc1.1_XM_048729070.1	11	3
Nvec_vc1.1_XM_032363181.2	11	3
Nvec_vc1.1_XM_048729132.1	11	3
Nvec_NVE12877	11	3
Nvec_vc1.1_XM_032386556.2	11	3
Nvec_vc1.1_XM_032381846.2	11	3
Nvec_vc1.1_XM_048729073.1	11	3
Nvec_vc1.1_XM_001634075.3	11	3
Nvec_vc1.1_XM_048721034.1	11	3
Nvec_NVE7516	11	3
Nvec_vc1.1_XM_001629104.1	11	3
Nvec_vc1.1_XM_001641356.3	11	3
Nvec_vc1.1_XM_048731182.1	11	3
Nvec_vc1.1_XM_048722926.1	11	3
Nvec_vc1.1_XM_032364672.2	11	3
Nvec_vc1.1_XM_048732710.1	11	3
Nvec_vc1.1_XM_001633774.3	11	3
Nvec_vc1.1_XM_032380764.2	11	3
Nvec_vc1.1_XM_048734466.1	11	3
Nvec_v1g238315	11	3
Nvec_vc1.1_XM_048725689.1	11	3
Nvec_vc1.1_XM_032384126.2	19	4
Nvec_vc1.1_XM_048726438.1	19	4
Nvec_vc1.1_XM_001633798.3	19	4
Nvec_vc1.1_XM_048727550.1	19	4
Nvec_vc1.1_XM_048720817.1	19	4
Nvec_vc1.1_XM_048734763.1	19	4
Nvec_vc1.1_XM_048722756.1	19	4
Nvec_vc1.1_XM_032377385.2	19	4
Nvec_vc1.1_XM_048731601.1	19	4
Nvec_vc1.1_XM_001627305.3	19	4
Nvec_vc1.1_XM_048733763.1	19	4
Nvec_vc1.1_XM_048723889.1	19	4
Nvec_vc1.1_XM_032381829.2	19	4
Nvec_vc1.1_XM_001638182.3	19	4
Nvec_vc1.1_XM_032363372.2	19	4
Nvec_vc1.1_XM_048731640.1	19	4
Nvec_vc1.1_XM_001626638.3	19	4
Nvec_vc1.1_XM_001636034.3	19	4
Nvec_vc1.1_XM_032364762.2	19	4
Nvec_vc1.1_XM_001627064.3	19	4
Nvec_vc1.1_XM_032386883.2	19	4
Nvec_vc1.1_XM_032378459.2	19	4
Nvec_vc1.1_XM_048729410.1	19	4
Nvec_vc1.1_XM_048734330.1	19	4
Nvec_vc1.1_XM_048725349.1	19	4
Nvec_vc1.1_XM_048731535.1	19	4
Nvec_vc1.1_XM_032379062.2	19	4
Nvec_vc1.1_XM_001641484.3	19	4
Nvec_vc1.1_XM_032367033.2	19	4
Nvec_vc1.1_XM_032367447.2	19	4
Nvec_vc1.1_XM_048724291.1	19	4
Nvec_vc1.1_XM_032363386.2	19	4
Nvec_vc1.1_XM_048731469.1	19	4
Nvec_vc1.1_XM_048724395.1	19	4
Nvec_vc1.1_XM_048729537.1	19	4
Nvec_vc1.1_XM_048729531.1	19	4
Nvec_vc1.1_XM_001637653.3	19	4
Nvec_vc1.1_XM_048730312.1	19	4
Nvec_NVE2986	19	4
Nvec_vc1.1_XM_032386956.2	19	4
Nvec_vc1.1_XM_032377937.2	19	4
Nvec_vc1.1_XM_001638049.3	19	4
Nvec_vc1.1_XM_048731120.1	19	4
Nvec_vc1.1_XM_032363714.2	19	4
Nvec_vc1.1_XM_032385140.2	19	4
Nvec_NVE20821	19	4
Nvec_vc1.1_XM_032372943.2	19	4
Nvec_vc1.1_XM_032380317.2	19	4
Nvec_vc1.1_XM_032375760.2	19	4
Nvec_vc1.1_XM_048734576.1	19	4
Nvec_vc1.1_XM_032367653.2	19	4
Nvec_vc1.1_XM_032362965.2	19	4
Nvec_vc1.1_XM_032382923.2	19	4
Nvec_v1g239271	19	4
Nvec_vc1.1_XM_032376986.2	19	4
Nvec_vc1.1_XM_001641286.3	19	4
Nvec_vc1.1_XM_048734186.1	19	4
Nvec_vc1.1_XM_032382924.2	19	4
Nvec_vc1.1_XM_048730463.1	19	4
Nvec_vc1.1_XM_048721444.1	19	4
Nvec_vc1.1_XM_001635904.3	19	4
Nvec_vc1.1_XM_048729412.1	19	4
Nvec_vc1.1_XM_048724949.1	19	4
Nvec_NVE1680	19	4
Nvec_vc1.1_XM_001637201.3	19	4
Nvec_vc1.1_XM_001639954.3	19	4
Nvec_v1g210131	19	4
Nvec_vc1.1_XM_048726925.1	19	4
Nvec_vc1.1_XM_048725326.1	19	4
Nvec_vc1.1_XM_001634856.3	19	4
Nvec_vc1.1_XM_048721449.1	19	4
Nvec_vc1.1_XM_032365082.2	19	4
Nvec_vc1.1_XM_048720074.1	19	4
Nvec_vc1.1_XM_048730853.1	19	4
Nvec_v1g207342	19	4
Nvec_vc1.1_XM_032387443.2	19	4
Nvec_vc1.1_XM_001639761.3	19	4
Nvec_vc1.1_XM_032364394.2	19	4
Nvec_vc1.1_XM_048726205.1	19	4
Nvec_vc1.1_XM_032384295.2	19	4
Nvec_vc1.1_XM_001638603.3	19	4
Nvec_vc1.1_XM_048720925.1	19	4
Nvec_vc1.1_XM_001623762.3	19	4
Nvec_vc1.1_XM_032380476.2	19	4
Nvec_vc1.1_XM_001631917.3	19	4
Nvec_vc1.1_XM_001637205.3	19	4
Nvec_vc1.1_XM_048730214.1	19	4
Nvec_vc1.1_XM_001628059.3	19	4
Nvec_vc1.1_XM_032385246.1	19	4
Nvec_vc1.1_XM_048725016.1	19	4
Nvec_vc1.1_XM_032363127.2	19	4
Nvec_vc1.1_XM_001629293.3	19	4
Nvec_vc1.1_XM_032364309.2	19	4
Nvec_vc1.1_XM_001626102.3	19	4
Nvec_vc1.1_XM_032373753.2	19	4
Nvec_vc1.1_XM_001639322.3	19	4
Nvec_vc1.1_XM_032373743.2	19	4
Nvec_vc1.1_XM_048725840.1	19	4
Nvec_vc1.1_XM_001636543.3	19	4
Nvec_vc1.1_XM_032371334.2	19	4
Nvec_vc1.1_XM_032375130.2	19	4
Nvec_vc1.1_XM_032384587.2	19	4
Nvec_vc1.1_XM_048725316.1	19	4
Nvec_vc1.1_XM_032366037.2	19	4
Nvec_vc1.1_XM_048733637.1	19	4
Nvec_vc1.1_XM_048730063.1	19	4
Nvec_vc1.1_XM_032367467.2	19	4
Nvec_vc1.1_XM_032379987.2	19	4
Nvec_vc1.1_XM_048730332.1	19	4
Nvec_vc1.1_XM_032381980.2	19	4
Nvec_vc1.1_XM_032369325.2	19	4
Nvec_vc1.1_XM_001637365.3	19	4
Nvec_vc1.1_XM_048722570.1	19	4
Nvec_vc1.1_XM_032382614.2	19	4
Nvec_vc1.1_XM_001623818.3	19	4
Nvec_vc1.1_XM_032383016.2	19	4
Nvec_vc1.1_XM_032366687.2	19	4
Nvec_NVE8182	19	4
Nvec_vc1.1_XM_048732708.1	19	4
Nvec_vc1.1_XM_048720228.1	19	4
Nvec_vc1.1_XM_048724883.1	19	4
Nvec_vc1.1_XM_048733827.1	19	4
Nvec_vc1.1_XM_001635485.3	19	4
Nvec_vc1.1_XM_048730636.1	19	4
Nvec_vc1.1_XM_001633334.3	19	4
Nvec_vc1.1_XM_001629013.3	19	4
Nvec_vc1.1_XM_001635153.3	19	4
Nvec_vc1.1_XM_032372869.2	19	4
Nvec_vc1.1_XM_048731049.1	19	4
Nvec_NVE15383	19	4
Nvec_vc1.1_XM_048724029.1	19	4
Nvec_vc1.1_XM_001624384.3	19	4
Nvec_vc1.1_XM_001633579.3	19	4
Nvec_vc1.1_XM_001632635.3	19	4
Nvec_vc1.1_XM_048734034.1	19	4
Nvec_vc1.1_XM_032382763.2	19	4
Nvec_vc1.1_XM_001639669.3	19	4
Nvec_vc1.1_XM_048730105.1	19	4
Nvec_vc1.1_XM_001630942.3	19	4
Nvec_vc1.1_XM_048730383.1	19	4
Nvec_vc1.1_XM_048730631.1	19	4
Nvec_vc1.1_XM_048733399.1	19	4
Nvec_vc1.1_XM_048721290.1	19	4
Nvec_vc1.1_XM_048725449.1	19	4
Nvec_vc1.1_XM_048726027.1	19	4
Nvec_vc1.1_XM_032365563.2	10	5
Nvec_vc1.1_XM_001634021.3	10	5
Nvec_vc1.1_XM_001625050.3	10	5
Nvec_vc1.1_XM_032369887.2	10	5
Nvec_vc1.1_XM_001636779.3	10	5
Nvec_vc1.1_XM_048729104.1	10	5
Nvec_vc1.1_XM_001632305.3	10	5
Nvec_vc1.1_XM_032369689.2	10	5
Nvec_vc1.1_XM_001639764.3	10	5
Nvec_vc1.1_XM_048730372.1	10	5
Nvec_vc1.1_XM_032382798.2	10	5
Nvec_vc1.1_XM_048723418.1	10	5
Nvec_vc1.1_XM_032377132.2	10	5
Nvec_vc1.1_XM_032381256.2	10	5
Nvec_vc1.1_XM_001634724.3	10	5
Nvec_vc1.1_XM_048722503.1	10	5
Nvec_vc1.1_XM_032375635.2	10	5
Nvec_vc1.1_XM_048725446.1	10	5
Nvec_vc1.1_XM_048731921.1	10	5
Nvec_vc1.1_XM_032383408.2	10	5
Nvec_vc1.1_XM_048730632.1	10	5
Nvec_vc1.1_XM_032370178.2	10	5
Nvec_v1g245407	10	5
Nvec_vc1.1_XM_032366558.2	10	5
Nvec_vc1.1_XM_048731297.1	10	5
Nvec_vc1.1_XM_032366059.2	10	5
Nvec_vc1.1_XM_032385658.2	10	5
Nvec_vc1.1_XM_032366212.2	10	5
Nvec_vc1.1_XM_048726225.1	10	5
Nvec_vc1.1_XM_032377971.2	10	5
Nvec_v1g110118	10	5
Nvec_vc1.1_XM_048729629.1	10	5
Nvec_vc1.1_XM_048728569.1	10	5
Nvec_vc1.1_XM_048729379.1	10	5
Nvec_vc1.1_XM_001631442.3	10	5
Nvec_vc1.1_XM_001637220.3	10	5
Nvec_vc1.1_XM_032373190.2	10	5
Nvec_vc1.1_XM_032377085.2	10	5
Nvec_vc1.1_XM_001640145.3	10	5
Nvec_vc1.1_XM_048732097.1	10	5
Nvec_vc1.1_XM_048722965.1	10	5
Nvec_vc1.1_XM_048727411.1	10	5
Nvec_vc1.1_XM_048728177.1	10	5
Nvec_vc1.1_XM_032364287.2	10	5
Nvec_vc1.1_XM_032385047.2	10	5
Nvec_vc1.1_XM_001624990.3	10	5
Nvec_vc1.1_XM_032386272.2	10	5
Nvec_vc1.1_XM_048730602.1	10	5
Nvec_vc1.1_XM_048722922.1	10	5
Nvec_vc1.1_XM_001632402.3	10	5
Nvec_vc1.1_XM_032378150.2	10	5
Nvec_vc1.1_XM_001636648.3	10	5
Nvec_vc1.1_XM_048722106.1	10	5
Nvec_vc1.1_XM_001635162.3	10	5
Nvec_vc1.1_XM_001631382.3	10	5
Nvec_vc1.1_XM_048731292.1	10	5
Nvec_vc1.1_XM_048720580.1	10	5
Nvec_vc1.1_XM_032376521.2	10	5
Nvec_vc1.1_XM_048727104.1	10	5
Nvec_vc1.1_XM_032375670.2	10	5
Nvec_vc1.1_XM_032367419.2	10	5
Nvec_vc1.1_XM_048726686.1	10	5
Nvec_vc1.1_XM_001623376.3	10	5
Nvec_vc1.1_XM_032370382.2	10	5
Nvec_vc1.1_XM_032367379.2	10	5
Nvec_v1g219625	10	5
Nvec_vc1.1_XM_001633510.3	10	5
Nvec_vc1.1_XM_001628232.3	10	5
Nvec_vc1.1_XM_001638857.3	10	5
Nvec_vc1.1_XM_032366775.2	10	5
Nvec_NVE24603	10	5
Nvec_vc1.1_XM_032376323.2	10	5
Nvec_vc1.1_XM_048731133.1	10	5
Nvec_vc1.1_XM_001629409.3	10	5
Nvec_vc1.1_XM_032380213.2	10	5
Nvec_vc1.1_XM_032374461.2	10	5
Nvec_vc1.1_XM_048730790.1	10	5
Nvec_vc1.1_XM_032364698.2	10	5
Nvec_vc1.1_XM_032379671.2	10	5
Nvec_NVE3920	10	5
Nvec_vc1.1_XM_032375349.2	10	5
Nvec_vc1.1_XM_032386557.2	10	5
Nvec_vc1.1_XM_001636861.3	10	5
Nvec_vc1.1_XM_032378617.2	10	5
Nvec_vc1.1_XM_001639519.3	10	5
Nvec_vc1.1_XM_048722700.1	10	5
Nvec_vc1.1_XM_001623361.3	10	5
Nvec_vc1.1_XM_032363994.2	10	5
Nvec_vc1.1_XM_001625243.3	10	5
Nvec_vc1.1_XM_001625504.3	10	5
Nvec_vc1.1_XM_001622688.3	10	5
Nvec_vc1.1_XM_032384263.2	10	5
Nvec_vc1.1_XM_048733938.1	10	5
Nvec_vc1.1_XM_032374852.2	10	5
Nvec_vc1.1_XM_032372205.2	10	5
Nvec_vc1.1_XM_001638869.3	10	5
Nvec_vc1.1_XM_048733935.1	10	5
Nvec_vc1.1_XM_032371191.2	10	5
Nvec_vc1.1_XM_001626802.3	10	5
Nvec_vc1.1_XM_032370370.2	10	5
Nvec_vc1.1_XM_032377639.2	10	5
Nvec_vc1.1_XM_032384581.2	10	5
Nvec_vc1.1_XM_032376570.2	10	5
Nvec_vc1.1_XM_001625253.3	10	5
Nvec_vc1.1_XM_048723940.1	10	5
Nvec_vc1.1_XM_048731667.1	10	5
Nvec_vc1.1_XM_001639949.3	10	5
Nvec_vc1.1_XM_001634151.3	10	5
Nvec_vc1.1_XM_048729501.1	10	5
Nvec_vc1.1_XM_001622003.3	10	5
Nvec_vc1.1_XM_048729463.1	10	5
Nvec_vc1.1_XM_001633826.3	10	5
Nvec_vc1.1_XM_001629437.3	10	5
Nvec_vc1.1_XM_001634708.3	10	5
Nvec_NVE10079	10	5
Nvec_vc1.1_XM_048722639.1	10	5
Nvec_vc1.1_XM_001631732.3	10	5
Nvec_vc1.1_XM_032371444.2	10	5
Nvec_NVE14765	10	5
Nvec_vc1.1_XM_048731611.1	10	5
Nvec_vc1.1_XM_001638372.3	10	5
Nvec_vc1.1_XM_048725509.1	10	5
Nvec_vc1.1_XM_001632288.3	10	5
Nvec_vc1.1_XM_001625380.3	10	5
Nvec_NVE3356	10	5
Nvec_vc1.1_XM_001632050.3	10	5
Nvec_vc1.1_XM_032383346.2	10	5
Nvec_vc1.1_XM_032374208.2	10	5
Nvec_vc1.1_XM_001626358.3	10	5
Nvec_vc1.1_XM_048723619.1	10	5
Nvec_vc1.1_XM_048730689.1	10	5
Nvec_vc1.1_XM_001641064.3	10	5
Nvec_vc1.1_XM_032369963.2	10	5
Nvec_vc1.1_XM_001635167.3	10	5
Nvec_vc1.1_XM_032379550.2	10	5
Nvec_vc1.1_XM_048734445.1	10	5
Nvec_vc1.1_XM_048723091.1	10	5
Nvec_vc1.1_XM_032365579.2	10	5
Nvec_vc1.1_XM_032369016.2	10	5
Nvec_vc1.1_XM_001639610.3	10	5
Nvec_vc1.1_XM_048721501.1	10	5
Nvec_vc1.1_XM_001622637.3	10	5
Nvec_vc1.1_XM_032386911.2	10	5
Nvec_vc1.1_XM_001640285.3	10	5
Nvec_vc1.1_XM_032377053.2	10	5
Nvec_vc1.1_XM_048720298.1	10	5
Nvec_vc1.1_XM_032366764.2	10	5
Nvec_vc1.1_XM_032371997.2	10	5
Nvec_vc1.1_XM_001635622.3	10	5
Nvec_vc1.1_XM_032363992.2	10	5
Nvec_vc1.1_XM_048722479.1	10	5
Nvec_vc1.1_XM_048733944.1	10	5
Nvec_vc1.1_XM_032382711.2	10	5
Nvec_vc1.1_XM_048728122.1	10	5
Nvec_vc1.1_XM_048719720.1	10	5
Nvec_vc1.1_XM_032365913.2	10	5
Nvec_NVE16823	10	5
Nvec_vc1.1_XM_032376889.2	10	5
Nvec_vc1.1_XM_048720059.1	18	5
Nvec_vc1.1_XM_048728199.1	18	5
Nvec_vc1.1_XM_048727286.1	18	5
Nvec_vc1.1_XM_048731019.1	18	5
Nvec_vc1.1_XM_032364234.2	18	5
Nvec_vc1.1_XM_032376952.2	18	5
Nvec_vc1.1_XM_048733789.1	18	5
Nvec_vc1.1_XM_048719788.1	18	5
Nvec_v1g57260	18	5
Nvec_NVE2432	18	5
Nvec_vc1.1_XM_032375124.1	18	5
Nvec_vc1.1_XM_032381063.2	18	5
Nvec_v1g81877	18	5
Nvec_vc1.1_XM_032371329.2	18	5
Nvec_v1g201567	18	5
Nvec_vc1.1_XM_048724353.1	18	5
Nvec_vc1.1_XM_032378627.2	18	5
Nvec_vc1.1_XM_048727561.1	18	5
Nvec_vc1.1_XM_032377513.2	18	5
Nvec_vc1.1_XM_048731337.1	18	5
Nvec_vc1.1_XM_032367012.2	18	5
Nvec_vc1.1_XM_032375704.2	18	5
Nvec_vc1.1_XM_001624798.3	18	5
Nvec_vc1.1_XM_048720067.1	18	5
Nvec_vc1.1_XM_048724482.1	18	5
Nvec_vc1.1_XM_032387133.2	18	5
Nvec_vc1.1_XM_032381143.1	18	5
Nvec_vc1.1_XM_032372373.2	18	5
Nvec_vc1.1_XM_032375570.2	18	5
Nvec_vc1.1_XM_032368533.2	18	5
Nvec_vc1.1_XM_032379029.2	18	5
Nvec_v1g23357	18	5
Nvec_vc1.1_XM_048722189.1	18	5
Nvec_vc1.1_XM_001640614.3	18	5
Nvec_vc1.1_XM_001635329.3	18	5
Nvec_vc1.1_XM_048730859.1	18	5
Nvec_vc1.1_XM_048732643.1	18	5
Nvec_vc1.1_XM_032371836.2	18	5
Nvec_vc1.1_XM_032372186.2	18	5
Nvec_v1g239769	18	5
Nvec_vc1.1_XM_032365465.2	18	5
Nvec_vc1.1_XM_048724698.1	18	5
Nvec_vc1.1_XM_032365055.2	18	5
Nvec_vc1.1_XM_048726442.1	18	5
Nvec_vc1.1_XM_001637461.3	18	5
Nvec_vc1.1_XM_048731334.1	18	5
Nvec_vc1.1_XM_048733658.1	18	5
Nvec_vc1.1_XM_048733757.1	18	5
Nvec_vc1.1_XM_032374335.2	18	5
Nvec_vc1.1_XM_032383554.2	18	5
Nvec_vc1.1_XM_032372185.2	18	5
Nvec_vc1.1_XM_048728490.1	18	5
Nvec_vc1.1_XM_001632526.3	18	5
Nvec_vc1.1_XM_032370615.2	18	5
Nvec_vc1.1_XM_032384420.2	18	5
Nvec_NVE2625	18	5
Nvec_vc1.1_XM_032386756.2	18	5
Nvec_vc1.1_XM_032375196.2	18	5
Nvec_vc1.1_XM_032382406.2	18	5
Nvec_vc1.1_XM_048730461.1	18	5
Nvec_vc1.1_XM_001638938.3	18	5
Nvec_vc1.1_XM_032376703.2	18	5
Nvec_vc1.1_XM_032363953.2	18	5
Nvec_vc1.1_XM_048733773.1	18	5
Nvec_vc1.1_XM_032375122.2	18	5
Nvec_vc1.1_XM_048732309.1	18	5
Nvec_vc1.1_XM_032385215.2	18	5
Nvec_vc1.1_XM_001637690.3	18	5
Nvec_vc1.1_XM_048721114.1	18	5
Nvec_vc1.1_XM_048730767.1	18	5
Nvec_vc1.1_XM_048729356.1	18	5
Nvec_vc1.1_XM_048720382.1	18	5
Nvec_vc1.1_XM_032382907.2	18	5
Nvec_vc1.1_XM_032376538.2	18	5
Nvec_vc1.1_XM_032382959.2	18	5
Nvec_vc1.1_XM_032384233.2	18	5
Nvec_vc1.1_XM_001626746.3	18	5
Nvec_vc1.1_XM_032367616.2	18	5
Nvec_vc1.1_XM_032371054.2	18	5
Nvec_vc1.1_XM_032363678.2	18	5
Nvec_vc1.1_XM_048720944.1	18	5
Nvec_vc1.1_XM_032366118.2	18	5
Nvec_vc1.1_XM_048723170.1	18	5
Nvec_vc1.1_XM_001629963.3	18	5
Nvec_vc1.1_XM_032379465.2	18	5
Nvec_vc1.1_XM_048731498.1	18	5
Nvec_vc1.1_XM_048719743.1	18	5
Nvec_vc1.1_XM_001629156.3	18	5
Nvec_vc1.1_XM_048719996.1	18	5
Nvec_vc1.1_XM_032384422.2	18	5
Nvec_vc1.1_XM_001623360.3	18	5
Nvec_vc1.1_XM_001622816.3	18	5
Nvec_vc1.1_XM_048725870.1	18	5
Nvec_vc1.1_XM_032365727.2	18	5
Nvec_NVE4416	18	5
Nvec_vc1.1_XM_001640353.3	18	5
Nvec_vc1.1_XM_048733341.1	18	5
Nvec_vc1.1_XM_048732663.1	18	5
Nvec_NVE21804	18	5
Nvec_vc1.1_XM_001633821.3	18	5
Nvec_v1g220271	18	5
Nvec_vc1.1_XM_032364875.2	18	5
Nvec_vc1.1_XM_001625588.3	18	5
Nvec_vc1.1_XM_001622296.3	18	5
Nvec_vc1.1_XM_001622754.3	18	5
Nvec_vc1.1_XM_032376748.2	18	5
Nvec_vc1.1_XM_048725622.1	18	5
Nvec_vc1.1_XM_001632687.3	18	5
Nvec_vc1.1_XM_032383171.2	18	5
Nvec_vc1.1_XM_048726568.1	18	5
Nvec_vc1.1_XM_001637966.3	18	5
Nvec_vc1.1_XM_032367658.2	18	5
Nvec_vc1.1_XM_001626603.3	18	5
Nvec_vc1.1_XM_032375428.2	18	5
Nvec_vc1.1_XM_032387027.2	18	5
Nvec_NVE814	18	5
Nvec_vc1.1_XM_032370882.2	18	5
Nvec_vc1.1_XM_048732109.1	18	5
Nvec_vc1.1_XM_032371040.2	18	5
Nvec_vc1.1_XM_048724381.1	18	5
Nvec_vc1.1_XM_001638276.3	18	5
Nvec_vc1.1_XM_001636476.3	18	5
Nvec_vc1.1_XM_032372526.2	18	5
Nvec_vc1.1_XM_032384169.2	18	5
Nvec_vc1.1_XM_001639281.3	18	5
Nvec_vc1.1_XM_048720895.1	18	5
Nvec_vc1.1_XM_001624584.3	18	5
Nvec_vc1.1_XM_032367227.2	18	5
Nvec_vc1.1_XM_048733384.1	18	5
Nvec_vc1.1_XM_032382117.2	18	5
Nvec_vc1.1_XM_032378865.2	18	5
Nvec_vc1.1_XM_032378883.2	18	5
Nvec_vc1.1_XM_032375468.2	18	5
Nvec_vc1.1_XM_032372148.2	18	5
Nvec_vc1.1_XM_001630231.3	18	5
Nvec_vc1.1_XM_032377918.2	18	5
Nvec_vc1.1_XM_048734240.1	18	5
Nvec_vc1.1_XM_032362183.2	18	5
Nvec_vc1.1_XM_048733537.1	18	5
Nvec_vc1.1_XM_048731832.1	18	5
Nvec_vc1.1_XM_032386347.2	18	5
Nvec_vc1.1_XM_001629305.3	18	5
Nvec_vc1.1_XM_048724192.1	18	5
Nvec_vc1.1_XM_001628622.3	18	5
Nvec_vc1.1_XM_001629587.3	18	5
Nvec_vc1.1_XM_001637260.3	18	5
Nvec_vc1.1_XM_001632689.3	18	5
Nvec_vc1.1_XM_001641022.3	18	5
Nvec_vc1.1_XM_048723016.1	18	5
Nvec_vc1.1_XM_001628113.3	18	5
Nvec_vc1.1_XM_032372079.2	18	5
Nvec_vc1.1_XM_001623468.3	18	5
Nvec_vc1.1_XM_032373798.2	18	5
Nvec_vc1.1_XM_032365970.2	18	5
Nvec_vc1.1_XM_032365761.2	18	5
Nvec_vc1.1_XM_032379958.2	16	6
Nvec_vc1.1_XM_048731852.1	16	6
Nvec_vc1.1_XM_048729371.1	16	6
Nvec_vc1.1_XM_048731497.1	16	6
Nvec_vc1.1_XM_032383253.2	16	6
Nvec_vc1.1_XM_048731877.1	16	6
Nvec_vc1.1_XM_048734094.1	16	6
Nvec_vc1.1_XM_032366992.2	16	6
Nvec_vc1.1_XM_032378395.2	16	6
Nvec_vc1.1_XM_032363258.2	16	6
Nvec_vc1.1_XM_048725688.1	16	6
Nvec_vc1.1_XM_001630340.3	16	6
Nvec_vc1.1_XM_048720773.1	16	6
Nvec_vc1.1_XM_032380948.2	16	6
Nvec_vc1.1_XM_048724277.1	16	6
Nvec_vc1.1_XM_032372967.2	16	6
Nvec_vc1.1_XM_048730317.1	16	6
Nvec_vc1.1_XM_001629450.3	16	6
Nvec_vc1.1_XM_001631146.3	16	6
Nvec_vc1.1_XM_048724779.1	16	6
Nvec_vc1.1_XM_048724863.1	16	6
Nvec_vc1.1_XM_032376087.2	16	6
Nvec_vc1.1_XM_048734589.1	16	6
Nvec_vc1.1_XM_048724856.1	16	6
Nvec_NVE23463	16	6
Nvec_vc1.1_XM_032382332.2	16	6
Nvec_vc1.1_XM_032373528.2	16	6
Nvec_vc1.1_XM_048730242.1	16	6
Nvec_vc1.1_XM_048732613.1	16	6
Nvec_vc1.1_XM_048720278.1	16	6
Nvec_vc1.1_XM_032367426.2	16	6
Nvec_vc1.1_XM_032385170.2	16	6
Nvec_vc1.1_XM_001628581.3	16	6
Nvec_vc1.1_XM_032362674.2	16	6
Nvec_vc1.1_XM_048734679.1	16	6
Nvec_vc1.1_XM_048729633.1	16	6
Nvec_vc1.1_XM_048721428.1	16	6
Nvec_vc1.1_XM_048721926.1	16	6
Nvec_vc1.1_XM_032370263.2	16	6
Nvec_vc1.1_XM_001638645.3	16	6
Nvec_NVE16577	16	6
Nvec_vc1.1_XM_048730545.1	16	6
Nvec_vc1.1_XM_001639148.3	16	6
Nvec_vc1.1_XM_001641288.3	16	6
Nvec_vc1.1_XM_048728670.1	16	6
Nvec_vc1.1_XM_048720000.1	16	6
Nvec_vc1.1_XM_001627158.3	16	6
Nvec_vc1.1_XM_001625777.3	16	6
Nvec_vc1.1_XM_048734048.1	16	6
Nvec_vc1.1_XM_048721433.1	16	6
Nvec_vc1.1_XM_001634329.3	16	6
Nvec_vc1.1_XM_032361833.2	16	6
Nvec_vc1.1_XM_048731831.1	16	6
Nvec_vc1.1_XM_048721756.1	16	6
Nvec_vc1.1_XM_048729986.1	16	6
Nvec_vc1.1_XM_032376618.2	16	6
Nvec_vc1.1_XM_048727497.1	16	6
Nvec_vc1.1_XM_001641917.3	16	6
Nvec_vc1.1_XM_048721442.1	16	6
Nvec_vc1.1_XM_032364413.2	16	6
Nvec_vc1.1_XM_032385410.2	16	6
Nvec_vc1.1_XM_048732107.1	16	6
Nvec_vc1.1_XM_032387199.2	16	6
Nvec_vc1.1_XM_032366190.2	16	6
Nvec_vc1.1_XM_001640216.3	16	6
Nvec_vc1.1_XM_032381225.2	16	6
Nvec_vc1.1_XM_001634550.3	16	6
Nvec_vc1.1_XM_032373513.2	16	6
Nvec_vc1.1_XM_048724852.1	16	6
Nvec_v1g106162	16	6
Nvec_vc1.1_XM_032378649.2	16	6
Nvec_vc1.1_XM_001641089.3	16	6
Nvec_vc1.1_XM_048727416.1	16	6
Nvec_vc1.1_XM_032373923.2	16	6
Nvec_vc1.1_XM_048726968.1	16	6
Nvec_vc1.1_XM_001636119.3	16	6
Nvec_vc1.1_XM_048730886.1	16	6
Nvec_vc1.1_XM_032385204.2	16	6
Nvec_vc1.1_XM_048732131.1	16	6
Nvec_vc1.1_XM_048726349.1	16	6
Nvec_vc1.1_XM_032367408.2	16	6
Nvec_vc1.1_XM_048734545.1	16	6
Nvec_vc1.1_XM_048719391.1	16	6
Nvec_vc1.1_XM_001625589.3	16	6
Nvec_vc1.1_XM_032381671.2	16	6
Nvec_vc1.1_XM_048721233.1	16	6
Nvec_vc1.1_XM_001640028.3	16	6
Nvec_vc1.1_XM_032384195.2	16	6
Nvec_vc1.1_XM_001639928.3	16	6
Nvec_vc1.1_XM_048720696.1	16	6
Nvec_vc1.1_XM_048721412.1	16	6
Nvec_NVE17251	16	6
Nvec_vc1.1_XM_032381834.2	16	6
Nvec_vc1.1_XM_048730901.1	16	6
Nvec_vc1.1_XM_048732111.1	16	6
Nvec_vc1.1_XM_048731290.1	16	6
Nvec_vc1.1_XM_001641449.3	16	6
Nvec_vc1.1_XM_032385991.2	16	6
Nvec_vc1.1_XM_048724014.1	16	6
Nvec_vc1.1_XM_001640816.3	16	6
Nvec_vc1.1_XM_001633146.3	16	6
Nvec_vc1.1_XM_032381838.2	16	6
Nvec_vc1.1_XM_032380426.2	16	6
Nvec_vc1.1_XM_032378208.2	16	6
Nvec_vc1.1_XM_032365534.2	16	6
Nvec_vc1.1_XM_001637858.3	16	6
Nvec_vc1.1_XM_001624105.3	16	6
Nvec_vc1.1_XM_001627340.3	16	6
Nvec_vc1.1_XM_032377207.2	16	6
Nvec_vc1.1_XM_001638722.3	16	6
Nvec_vc1.1_XM_001633543.3	16	6
Nvec_vc1.1_XM_048732991.1	16	6
Nvec_vc1.1_XM_048721044.1	16	6
Nvec_vc1.1_XM_032363362.2	16	6
Nvec_vc1.1_XM_001624700.3	16	6
Nvec_vc1.1_XM_032384850.2	16	6
Nvec_vc1.1_XM_001627792.3	16	6
Nvec_vc1.1_XM_048728241.1	16	6
Nvec_vc1.1_XM_032372176.2	16	6
Nvec_vc1.1_XM_032361900.2	16	6
Nvec_vc1.1_XM_032371032.2	16	6
Nvec_vc1.1_XM_001638987.3	16	6
Nvec_vc1.1_XM_001641250.3	16	6
Nvec_vc1.1_XM_048719918.1	16	6
Nvec_v1g200166	16	6
Nvec_vc1.1_XM_001635960.3	16	6
Nvec_vc1.1_XM_048729778.1	16	6
Nvec_vc1.1_XM_032386861.2	16	6
Nvec_vc1.1_XM_032379585.2	16	6
Nvec_vc1.1_XM_032387285.2	16	6
Nvec_vc1.1_XM_001625730.3	16	6
Nvec_vc1.1_XM_032369592.2	16	6
Nvec_vc1.1_XM_001634848.3	16	6
Nvec_vc1.1_XM_001631174.3	16	6
Nvec_vc1.1_XM_048732027.1	16	6
Nvec_vc1.1_XM_048730263.1	16	6
Nvec_vc1.1_XM_001634103.3	16	6
Nvec_vc1.1_XM_001641350.3	16	6
Nvec_vc1.1_XM_032363979.2	16	6
Nvec_vc1.1_XM_001628241.3	16	6
Nvec_vc1.1_XM_048725452.1	16	6
Nvec_vc1.1_XM_048730932.1	16	6
Nvec_vc1.1_XM_048732608.1	16	6
Nvec_v1g198747	16	6
Nvec_vc1.1_XM_048732115.1	16	6
Nvec_vc1.1_XM_048730516.1	16	6
Nvec_vc1.1_XM_032363737.2	16	6
Nvec_vc1.1_XM_032365730.2	16	6
Nvec_vc1.1_XM_032384955.2	16	6
Nvec_vc1.1_XM_048728327.1	16	6
Nvec_vc1.1_XM_048729619.1	16	6
Nvec_vc1.1_XM_032374488.2	16	6
Nvec_vc1.1_XM_032376356.2	16	6
Nvec_vc1.1_XM_001640793.3	16	6
Nvec_vc1.1_XM_048732954.1	16	6
Nvec_NVE18354	16	6
Nvec_vc1.1_XM_032376483.2	16	6
Nvec_vc1.1_XM_032384230.2	16	6
Nvec_vc1.1_XM_048725929.1	16	6
Nvec_vc1.1_XM_048724525.1	16	6
Nvec_vc1.1_XM_032371443.2	16	6
Nvec_vc1.1_XM_032386626.2	16	6
Nvec_vc1.1_XM_001625070.3	16	6
Nvec_vc1.1_XM_048729293.1	16	6
Nvec_vc1.1_XM_048734698.1	16	6
Nvec_vc1.1_XM_032367113.2	16	6
Nvec_vc1.1_XM_048719454.1	16	6
Nvec_vc1.1_XM_048731604.1	16	6
Nvec_vc1.1_XM_048732113.1	16	6
Nvec_vc1.1_XM_048723326.1	16	6
Nvec_vc1.1_XM_048723202.1	16	6
Nvec_vc1.1_XM_048727707.1	16	6
Nvec_vc1.1_XM_032370812.2	16	6
Nvec_vc1.1_XM_048725623.1	16	6
Nvec_vc1.1_XM_048730673.1	16	6
Nvec_vc1.1_XM_048722412.1	16	6
Nvec_vc1.1_XM_032372083.2	16	6
Nvec_vc1.1_XM_032385858.2	16	6
Nvec_vc1.1_XM_048723720.1	16	6
Nvec_vc1.1_XM_048734364.1	16	6
Nvec_NVE16702	16	6
Nvec_vc1.1_XM_048734257.1	16	6
Nvec_vc1.1_XM_048734474.1	16	6
Nvec_vc1.1_XM_001626145.3	16	6
Nvec_vc1.1_XM_048725926.1	16	6
Nvec_vc1.1_XM_001623180.3	16	6
Nvec_vc1.1_XM_048722620.1	16	6
Nvec_vc1.1_XM_048728799.1	16	6
Nvec_NVE25937	16	6
Nvec_vc1.1_XM_048728955.1	16	6
Nvec_vc1.1_XM_001639511.3	16	6
Nvec_vc1.1_XM_048730750.1	16	6
Nvec_vc1.1_XM_032365297.2	16	6
Nvec_vc1.1_XM_032373763.2	16	6
Nvec_vc1.1_XM_032369878.2	16	6
Nvec_vc1.1_XM_032376058.2	16	6
Nvec_vc1.1_XM_048730613.1	16	6
Nvec_NVE19226	16	6
Nvec_vc1.1_XM_048734065.1	16	6
Nvec_vc1.1_XM_048720277.1	16	6
Nvec_vc1.1_XM_048723040.1	16	6
Nvec_vc1.1_XM_001625346.3	16	6
Nvec_vc1.1_XM_001632810.3	16	6
Nvec_vc1.1_XM_032366446.2	16	6
Nvec_vc1.1_XM_032386979.2	16	6
Nvec_vc1.1_XM_032374508.2	16	6
Nvec_vc1.1_XM_032384170.2	16	6
Nvec_vc1.1_XM_048728588.1	16	6
Nvec_vc1.1_XM_048728923.1	16	6
Nvec_vc1.1_XM_048722341.1	16	6
Nvec_vc1.1_XM_048726220.1	16	6
Nvec_vc1.1_XM_032373152.2	16	6
Nvec_NVE19038	16	6
Nvec_vc1.1_XM_048731984.1	16	6
Nvec_vc1.1_XM_048726622.1	16	6
Nvec_vc1.1_XM_048728442.1	16	6
Nvec_vc1.1_XM_032362369.2	16	6
Nvec_vc1.1_XM_032364245.2	16	6
Nvec_vc1.1_XM_032371810.2	16	6
Nvec_vc1.1_XM_048728655.1	16	6
Nvec_vc1.1_XM_032377333.2	16	6
Nvec_vc1.1_XM_032385064.2	16	6
Nvec_vc1.1_XM_032384312.2	16	6
Nvec_vc1.1_XM_001625551.3	16	6
Nvec_vc1.1_XM_048722267.1	16	6
Nvec_vc1.1_XM_032381790.2	16	6
Nvec_vc1.1_XM_048725787.1	16	6
Nvec_vc1.1_XM_032366461.2	16	6
Nvec_vc1.1_XM_001630516.3	16	6
Nvec_vc1.1_XM_001625365.3	16	6
Nvec_vc1.1_XM_032366644.2	16	6
Nvec_vc1.1_XM_032371326.2	16	6
Nvec_vc1.1_XM_048732960.1	16	6
Nvec_vc1.1_XM_048733940.1	16	6
Nvec_vc1.1_XM_048721873.1	16	6
Nvec_vc1.1_XM_048720708.1	16	6
Nvec_vc1.1_XM_032384083.2	16	6
Nvec_vc1.1_XM_032366785.2	16	6
Nvec_vc1.1_XM_032375743.2	16	6
Nvec_vc1.1_XM_048731254.1	16	6
Nvec_vc1.1_XM_001642047.3	16	6
Nvec_vc1.1_XM_032362855.2	16	6
Nvec_vc1.1_XM_032372659.2	16	6
Nvec_vc1.1_XM_032362519.2	16	6
Nvec_vc1.1_XM_001630837.3	16	6
Nvec_vc1.1_XM_032376301.2	16	6
Nvec_vc1.1_XM_032379132.2	16	6
Nvec_vc1.1_XM_032362947.2	16	6
Nvec_vc1.1_XM_001632569.3	16	6
Nvec_vc1.1_XM_032383954.2	16	6
Nvec_vc1.1_XM_001628787.3	16	6
Nvec_vc1.1_XM_048723666.1	16	6
Nvec_vc1.1_XM_001630153.3	16	6
Nvec_vc1.1_XM_001640533.3	16	6
Nvec_vc1.1_XM_032375306.2	16	6
Nvec_vc1.1_XM_048719876.1	16	6
Nvec_vc1.1_XM_001633853.3	16	6
Nvec_vc1.1_XM_048732060.1	16	6
Nvec_vc1.1_XM_001626353.3	16	6
Nvec_vc1.1_XM_048724320.1	16	6
Nvec_vc1.1_XM_001631385.3	16	6
Nvec_vc1.1_XM_032386181.2	16	6
Nvec_vc1.1_XM_032381054.2	16	6
Nvec_vc1.1_XM_001629129.3	16	6
Nvec_vc1.1_XM_048729708.1	16	6
Nvec_vc1.1_XM_032378450.2	16	6
Nvec_vc1.1_XM_048721304.1	16	6
Nvec_vc1.1_XM_032386276.2	16	6
Nvec_vc1.1_XM_032366651.2	16	6
Nvec_vc1.1_XM_032372321.2	16	6
Nvec_vc1.1_XM_001629182.3	16	6
Nvec_vc1.1_XM_032384073.2	16	6
Nvec_vc1.1_XM_032378796.2	16	6
Nvec_vc1.1_XM_048733986.1	16	6
Nvec_vc1.1_XM_048724767.1	16	6
Nvec_NVE6992	16	6
Nvec_v1g139887	16	6
Nvec_vc1.1_XM_048723636.1	16	6
Nvec_vc1.1_XM_032362102.2	16	6
Nvec_vc1.1_XM_032385983.2	16	6
Nvec_vc1.1_XM_048722888.1	16	6
Nvec_v1g238275	16	6
Nvec_vc1.1_XM_001639402.3	16	6
Nvec_vc1.1_XM_048723782.1	16	6
Nvec_vc1.1_XM_001636197.3	16	6
Nvec_vc1.1_XM_048730998.1	16	6
Nvec_vc1.1_XM_032364353.2	16	6
Nvec_vc1.1_XM_032369347.2	16	6
Nvec_vc1.1_XM_032383907.2	16	6
Nvec_vc1.1_XM_048734183.1	16	6
Nvec_vc1.1_XM_032381641.2	16	6
Nvec_v1g196131	16	6
Nvec_vc1.1_XM_032375913.2	16	6
Nvec_vc1.1_XM_048732973.1	16	6
Nvec_vc1.1_XM_032377838.2	16	6
Nvec_vc1.1_XM_048723046.1	16	6
Nvec_vc1.1_XM_032373496.2	16	6
Nvec_NVE12532	16	6
Nvec_vc1.1_XM_001641256.3	16	6
Nvec_vc1.1_XM_001622850.3	16	6
Nvec_vc1.1_XM_001634947.3	16	6
Nvec_vc1.1_XM_032364882.2	16	6
Nvec_vc1.1_XM_032381588.2	16	6
Nvec_vc1.1_XM_032384401.2	16	6
Nvec_vc1.1_XM_001637926.3	16	6
Nvec_vc1.1_XM_001634134.3	16	6
Nvec_vc1.1_XM_032365819.2	16	6
Nvec_vc1.1_XM_048722375.1	16	6
Nvec_vc1.1_XM_001634353.3	16	6
Nvec_vc1.1_XM_001627618.3	16	6
Nvec_vc1.1_XM_001641526.3	16	6
Nvec_vc1.1_XM_032372346.2	16	6
Nvec_vc1.1_XM_048733695.1	16	6
Nvec_vc1.1_XM_048727215.1	16	6
Nvec_vc1.1_XM_032361818.2	16	6
Nvec_vc1.1_XM_001637787.3	16	6
Nvec_vc1.1_XM_048729308.1	16	6
Nvec_NVE20285	16	6
Nvec_vc1.1_XM_048726159.1	16	6
Nvec_vc1.1_XM_001632293.3	16	6
Nvec_vc1.1_XM_032363280.2	16	6
Nvec_vc1.1_XM_032384841.2	16	6
Nvec_vc1.1_XM_032378291.2	16	6
Nvec_vc1.1_XM_048722122.1	16	6
Nvec_vc1.1_XM_001640172.3	16	6
Nvec_vc1.1_XM_032376763.2	16	6
Nvec_vc1.1_XM_048720467.1	16	6
Nvec_vc1.1_XM_048726361.1	16	6
Nvec_vc1.1_XM_048734477.1	16	6
Nvec_vc1.1_XM_048731069.1	16	6
Nvec_vc1.1_XM_032384090.2	16	6
Nvec_vc1.1_XM_001627143.3	16	6
Nvec_vc1.1_XM_048726939.1	16	6
Nvec_vc1.1_XM_048733945.1	16	6
Nvec_vc1.1_XM_032373745.2	16	6
Nvec_vc1.1_XM_001624755.3	16	6
Nvec_vc1.1_XM_032374206.2	16	6
Nvec_vc1.1_XM_001637099.3	16	6
Nvec_vc1.1_XM_048729093.1	16	6
Nvec_vc1.1_XM_032385018.2	16	6
Nvec_vc1.1_XM_048734461.1	16	6
Nvec_vc1.1_XM_001630101.3	16	6
Nvec_vc1.1_XM_001623953.3	16	6
Nvec_vc1.1_XM_001626023.3	16	6
Nvec_vc1.1_XM_001640680.3	16	6
Nvec_vc1.1_XM_001631736.3	16	6
Nvec_vc1.1_XM_048729685.1	16	6
Nvec_vc1.1_XM_001637170.3	16	6
Nvec_vc1.1_XM_032386455.2	16	6
Nvec_vc1.1_XM_001639814.3	16	6
Nvec_vc1.1_XM_001631954.3	16	6
Nvec_vc1.1_XM_048730283.1	12	6
Nvec_vc1.1_XM_032364381.2	12	6
Nvec_vc1.1_XM_001627799.3	12	6
Nvec_vc1.1_XM_048730161.1	12	6
Nvec_NVE25590	12	6
Nvec_vc1.1_XM_048720567.1	12	6
Nvec_vc1.1_XM_001636172.3	12	6
Nvec_vc1.1_XM_032384208.2	12	6
Nvec_vc1.1_XM_048723292.1	12	6
Nvec_vc1.1_XM_032377963.2	12	6
Nvec_vc1.1_XM_048720065.1	12	6
Nvec_vc1.1_XM_048731268.1	12	6
Nvec_vc1.1_XM_048721806.1	12	6
Nvec_vc1.1_XM_032382976.2	12	6
Nvec_vc1.1_XM_048728975.1	12	6
Nvec_vc1.1_XM_048722931.1	12	6
Nvec_vc1.1_XM_048734591.1	12	6
Nvec_vc1.1_XM_032370216.2	12	6
Nvec_vc1.1_XM_048734572.1	12	6
Nvec_NVE21502	12	6
Nvec_v1g241404	12	6
Nvec_vc1.1_XM_048730038.1	12	6
Nvec_NVE12267	12	6
Nvec_vc1.1_XM_048726659.1	12	6
Nvec_NVE14977	12	6
Nvec_vc1.1_XM_001634533.3	12	6
Nvec_vc1.1_XM_048726081.1	12	6
Nvec_vc1.1_XM_032382098.2	12	6
Nvec_vc1.1_XM_032367711.2	12	6
Nvec_vc1.1_XM_001622820.3	12	6
Nvec_v1g215465	12	6
Nvec_vc1.1_XM_001625909.3	12	6
Nvec_vc1.1_XM_048729275.1	12	6
Nvec_vc1.1_XM_001624706.3	12	6
Nvec_vc1.1_XM_032381520.2	12	6
Nvec_vc1.1_XM_001633250.3	12	6
Nvec_vc1.1_XM_032370546.2	12	6
Nvec_vc1.1_XM_001630180.3	12	6
Nvec_vc1.1_XM_048721254.1	12	6
Nvec_vc1.1_XM_001634087.3	12	6
Nvec_vc1.1_XM_048733564.1	12	6
Nvec_vc1.1_XM_032363077.2	12	6
Nvec_vc1.1_XM_048728300.1	12	6
Nvec_vc1.1_XM_048732909.1	12	6
Nvec_vc1.1_XM_048733594.1	12	6
Nvec_vc1.1_XM_048728249.1	12	6
Nvec_vc1.1_XM_032380469.2	12	6
Nvec_vc1.1_XM_032384299.2	12	6
Nvec_vc1.1_XM_048727065.1	12	6
Nvec_vc1.1_XM_032372340.2	12	6
Nvec_vc1.1_XM_001630742.3	12	6
Nvec_vc1.1_XM_048727068.1	12	6
Nvec_vc1.1_XM_001640961.3	12	6
Nvec_NVE18128	12	6
Nvec_vc1.1_XM_001637401.3	12	6
Nvec_vc1.1_XM_032363701.2	12	6
Nvec_vc1.1_XM_032378094.2	12	6
Nvec_vc1.1_XM_001638345.3	12	6
Nvec_vc1.1_XM_032385925.2	12	6
Nvec_NVE17480	12	6
Nvec_vc1.1_XM_048732344.1	12	6
Nvec_NVE24090	12	6
Nvec_NVE23861	12	6
Nvec_vc1.1_XM_048719604.1	12	6
Nvec_vc1.1_XM_048720657.1	12	6
Nvec_vc1.1_XM_032377825.2	12	6
Nvec_vc1.1_XM_048722285.1	12	6
Nvec_vc1.1_XM_001635834.3	12	6
Nvec_vc1.1_XM_032373154.2	12	6
Nvec_vc1.1_XM_032380734.2	12	6
Nvec_vc1.1_XM_048721794.1	12	6
Nvec_vc1.1_XM_048724090.1	12	6
Nvec_vc1.1_XM_048733679.1	12	6
Nvec_vc1.1_XM_032374088.2	12	6
Nvec_NVE16183	12	6
Nvec_vc1.1_XM_032374114.2	12	6
Nvec_v1g96996	12	6
Nvec_vc1.1_XM_048726325.1	12	6
Nvec_vc1.1_XM_048728545.1	12	6
Nvec_vc1.1_XM_048734317.1	12	6
Nvec_vc1.1_XM_048722321.1	12	6
Nvec_vc1.1_XM_001624975.3	12	6
Nvec_vc1.1_XM_048733974.1	12	6
Nvec_vc1.1_XM_032363572.2	12	6
Nvec_vc1.1_XM_048728247.1	12	6
Nvec_vc1.1_XM_032378026.2	12	6
Nvec_vc1.1_XM_032383949.2	12	6
Nvec_vc1.1_XM_048733997.1	12	6
Nvec_vc1.1_XM_048727994.1	12	6
Nvec_vc1.1_XM_032386795.2	12	6
Nvec_vc1.1_XM_032374936.2	12	6
Nvec_vc1.1_XM_001640743.3	12	6
Nvec_vc1.1_XM_032374050.2	12	6
Nvec_vc1.1_XM_001641857.3	12	6
Nvec_vc1.1_XM_048729983.1	12	6
Nvec_vc1.1_XM_001638540.3	12	6
Nvec_vc1.1_XM_001641617.3	12	6
Nvec_vc1.1_XM_001628386.3	12	6
Nvec_vc1.1_XM_048726022.1	12	6
Nvec_NVE4959	12	6
Nvec_vc1.1_XM_001631093.3	12	6
Nvec_vc1.1_XM_032367146.2	12	6
Nvec_vc1.1_XM_032372042.2	12	6
Nvec_vc1.1_XM_032370291.2	12	6
Nvec_v1g206649	12	6
Nvec_vc1.1_XM_032382729.1	12	6
Nvec_vc1.1_XM_032374149.2	12	6
Nvec_vc1.1_XM_001640126.3	12	6
Nvec_vc1.1_XM_001639728.3	12	6
Nvec_vc1.1_XM_032365078.2	12	6
Nvec_vc1.1_XM_032386587.2	12	6
Nvec_vc1.1_XM_032384627.2	12	6
Nvec_vc1.1_XM_032364284.1	12	6
Nvec_vc1.1_XM_048724773.1	12	6
Nvec_vc1.1_XM_001637979.3	12	6
Nvec_vc1.1_XM_032380374.2	12	6
Nvec_vc1.1_XM_048727733.1	12	6
Nvec_vc1.1_XM_048720177.1	12	6
Nvec_vc1.1_XM_032366311.2	12	6
Nvec_vc1.1_XM_048720185.1	12	6
Nvec_vc1.1_XM_001625244.3	12	6
Nvec_vc1.1_XM_048729910.1	12	6
Nvec_vc1.1_XM_032375298.2	12	6
Nvec_vc1.1_XM_001628582.3	12	6
Nvec_vc1.1_XM_048721767.1	12	6
Nvec_vc1.1_XM_032373797.2	12	6
Nvec_vc1.1_XM_048725341.1	12	6
Nvec_vc1.1_XM_048733379.1	12	6
Nvec_vc1.1_XM_048723285.1	12	6
Nvec_vc1.1_XM_032364051.2	12	6
Nvec_vc1.1_XM_001626341.3	12	6
Nvec_vc1.1_XM_032361814.2	12	6
Nvec_vc1.1_XM_048731580.1	12	6
Nvec_vc1.1_XM_032377686.2	12	6
Nvec_vc1.1_XM_048730245.1	12	6
Nvec_vc1.1_XM_001634985.3	12	6
Nvec_vc1.1_XM_001638290.3	12	6
Nvec_vc1.1_XM_048724811.1	12	6
Nvec_vc1.1_XM_032379655.2	12	6
Nvec_vc1.1_XM_048722134.1	12	6
Nvec_vc1.1_XM_032377802.2	12	6
Nvec_vc1.1_XM_001629140.3	12	6
Nvec_vc1.1_XM_032364755.2	12	6
Nvec_vc1.1_XM_048721966.1	12	6
Nvec_vc1.1_XM_032372974.2	12	6
Nvec_vc1.1_XM_048722938.1	12	6
Nvec_vc1.1_XM_032377762.2	12	6
Nvec_vc1.1_XM_032384615.2	12	6
Nvec_vc1.1_XM_001640577.3	12	6
Nvec_vc1.1_XM_048731478.1	12	6
Nvec_vc1.1_XM_032363175.2	12	6
Nvec_vc1.1_XM_048720511.1	12	6
Nvec_vc1.1_XM_001639644.3	12	6
Nvec_vc1.1_XM_048729767.1	12	6
Nvec_vc1.1_XM_001629403.3	12	6
Nvec_vc1.1_XM_048734247.1	12	6
Nvec_vc1.1_XM_032374152.2	12	6
Nvec_vc1.1_XM_048728008.1	12	6
Nvec_vc1.1_XM_032367631.2	12	6
Nvec_vc1.1_XM_048727252.1	12	6
Nvec_vc1.1_XM_032370261.2	12	6
Nvec_vc1.1_XM_048731757.1	12	6
Nvec_vc1.1_XM_048730215.1	12	6
Nvec_vc1.1_XM_032374200.2	12	6
Nvec_vc1.1_XM_048731064.1	12	6
Nvec_vc1.1_XM_032384486.2	12	6
Nvec_vc1.1_XM_032369609.2	12	6
Nvec_vc1.1_XM_001639804.3	12	6
Nvec_vc1.1_XM_048734428.1	12	6
Nvec_vc1.1_XM_032386089.2	12	6
Nvec_vc1.1_XM_001639643.3	12	6
Nvec_vc1.1_XM_032376871.2	12	6
Nvec_vc1.1_XM_048733286.1	12	6
Nvec_vc1.1_XM_048733486.1	12	6
Nvec_vc1.1_XM_032384821.2	12	6
Nvec_vc1.1_XM_048720559.1	12	6
Nvec_NVE16072	12	6
Nvec_vc1.1_XM_001640394.3	12	6
Nvec_vc1.1_XM_001629356.3	12	6
Nvec_vc1.1_XM_032362240.2	12	6
Nvec_NVE265	12	6
Nvec_vc1.1_XM_032382017.2	12	6
Nvec_vc1.1_XM_048728252.1	12	6
Nvec_vc1.1_XM_032385554.2	12	6
Nvec_vc1.1_XM_048729232.1	12	6
Nvec_vc1.1_XM_001622891.3	12	6
Nvec_vc1.1_XM_032373056.2	12	6
Nvec_v1g200208	12	6
Nvec_vc1.1_XM_032365167.2	12	6
Nvec_vc1.1_XM_001635495.3	3	7
Nvec_vc1.1_XM_032384348.2	3	7
Nvec_vc1.1_XM_032365296.2	3	7
Nvec_vc1.1_XM_032380321.2	3	7
Nvec_vc1.1_XM_032383308.2	3	7
Nvec_vc1.1_XM_048727871.1	3	7
Nvec_vc1.1_XM_048731164.1	3	7
Nvec_vc1.1_XM_048720015.1	3	7
Nvec_vc1.1_XM_032378781.2	3	7
Nvec_vc1.1_XM_032367579.2	3	7
Nvec_vc1.1_XM_001630891.3	3	7
Nvec_vc1.1_XM_001636770.3	3	7
Nvec_vc1.1_XM_048719646.1	3	7
Nvec_vc1.1_XM_048720471.1	3	7
Nvec_vc1.1_XM_001627678.3	3	7
Nvec_vc1.1_XM_032370011.2	3	7
Nvec_vc1.1_XM_048730471.1	3	7
Nvec_vc1.1_XM_032385671.2	3	7
Nvec_vc1.1_XM_032381602.2	3	7
Nvec_vc1.1_XM_048730054.1	3	7
Nvec_vc1.1_XM_001639229.3	3	7
Nvec_vc1.1_XM_032363534.2	3	7
Nvec_vc1.1_XM_048722630.1	3	7
Nvec_vc1.1_XM_032385572.2	3	7
Nvec_vc1.1_XM_032367620.2	3	7
Nvec_vc1.1_XM_032381265.2	3	7
Nvec_v1g241767	3	7
Nvec_vc1.1_XM_001633704.3	3	7
Nvec_vc1.1_XM_001629313.3	3	7
Nvec_vc1.1_XM_032364814.2	3	7
Nvec_vc1.1_XM_032372268.2	3	7
Nvec_vc1.1_XM_032362144.2	3	7
Nvec_vc1.1_XM_032377010.2	3	7
Nvec_vc1.1_XM_001640213.3	3	7
Nvec_vc1.1_XM_048726490.1	3	7
Nvec_vc1.1_XM_032386280.2	3	7
Nvec_vc1.1_XM_032385573.2	3	7
Nvec_vc1.1_XM_032365674.2	3	7
Nvec_vc1.1_XM_032372027.2	3	7
Nvec_vc1.1_XM_048732087.1	3	7
Nvec_vc1.1_XM_048734436.1	3	7
Nvec_vc1.1_XM_048728985.1	3	7
Nvec_vc1.1_XM_048734637.1	3	7
Nvec_vc1.1_XM_032362875.2	3	7
Nvec_vc1.1_XM_001635646.3	3	7
Nvec_vc1.1_XM_048726079.1	3	7
Nvec_vc1.1_XM_001640217.3	3	7
Nvec_vc1.1_XM_048724032.1	3	7
Nvec_vc1.1_XM_048724374.1	3	7
Nvec_vc1.1_XM_001623797.3	3	7
Nvec_vc1.1_XM_032387167.2	3	7
Nvec_vc1.1_XM_032379638.2	3	7
Nvec_vc1.1_XM_048728967.1	3	7
Nvec_vc1.1_XM_032367438.2	3	7
Nvec_vc1.1_XM_048721414.1	3	7
Nvec_vc1.1_XM_032379560.2	3	7
Nvec_vc1.1_XM_001627149.3	3	7
Nvec_vc1.1_XM_048722486.1	3	7
Nvec_vc1.1_XM_032376975.2	3	7
Nvec_vc1.1_XM_032386959.2	3	7
Nvec_vc1.1_XM_048734469.1	3	7
Nvec_vc1.1_XM_032376587.2	3	7
Nvec_vc1.1_XM_032372078.2	3	7
Nvec_vc1.1_XM_048732603.1	3	7
Nvec_vc1.1_XM_001635160.3	3	7
Nvec_vc1.1_XM_001639684.3	3	7
Nvec_vc1.1_XM_048733301.1	3	7
Nvec_vc1.1_XM_048727347.1	3	7
Nvec_vc1.1_XM_001625097.3	3	7
Nvec_vc1.1_XM_048721538.1	3	7
Nvec_vc1.1_XM_032370292.2	3	7
Nvec_vc1.1_XM_048724186.1	3	7
Nvec_vc1.1_XM_001640910.3	3	7
Nvec_NVE18973	3	7
Nvec_vc1.1_XM_048725761.1	3	7
Nvec_vc1.1_XM_001633033.3	3	7
Nvec_vc1.1_XM_048728648.1	3	7
Nvec_vc1.1_XM_048721693.1	3	7
Nvec_vc1.1_XM_048720968.1	3	7
Nvec_vc1.1_XM_048723132.1	3	7
Nvec_vc1.1_XM_032377592.2	3	7
Nvec_vc1.1_XM_032377753.2	3	7
Nvec_vc1.1_XM_032367604.2	3	7
Nvec_vc1.1_XM_048731105.1	3	7
Nvec_vc1.1_XM_048726630.1	3	7
Nvec_vc1.1_XM_048720967.1	3	7
Nvec_vc1.1_XM_048727804.1	3	7
Nvec_vc1.1_XM_032381894.2	3	7
Nvec_vc1.1_XM_001632822.3	3	7
Nvec_vc1.1_XM_048727865.1	3	7
Nvec_vc1.1_XM_048728797.1	3	7
Nvec_vc1.1_XM_048730997.1	3	7
Nvec_vc1.1_XM_048719980.1	3	7
Nvec_vc1.1_XM_001629544.3	3	7
Nvec_vc1.1_XM_001638936.3	3	7
Nvec_vc1.1_XM_048730561.1	3	7
Nvec_vc1.1_XM_001630922.3	3	7
Nvec_vc1.1_XM_032385286.2	3	7
Nvec_vc1.1_XM_048723674.1	3	7
Nvec_vc1.1_XM_001636955.3	3	7
Nvec_vc1.1_XM_048725756.1	3	7
Nvec_vc1.1_XM_032385893.2	3	7
Nvec_vc1.1_XM_048724803.1	3	7
Nvec_vc1.1_XM_032384917.2	3	7
Nvec_vc1.1_XM_048720875.1	3	7
Nvec_vc1.1_XM_001633026.3	3	7
Nvec_vc1.1_XM_001634802.3	3	7
Nvec_vc1.1_XM_001634328.3	3	7
Nvec_vc1.1_XM_048720648.1	3	7
Nvec_vc1.1_XM_032380582.2	3	7
Nvec_vc1.1_XM_048728083.1	3	7
Nvec_vc1.1_XM_048720865.1	3	7
Nvec_vc1.1_XM_048720712.1	3	7
Nvec_vc1.1_XM_001630486.3	3	7
Nvec_vc1.1_XM_048722878.1	3	7
Nvec_vc1.1_XM_048730546.1	3	7
Nvec_NVE14804	3	7
Nvec_vc1.1_XM_032366260.2	3	7
Nvec_vc1.1_XM_032364830.2	3	7
Nvec_vc1.1_XM_032364376.2	3	7
Nvec_vc1.1_XM_001640218.3	3	7
Nvec_vc1.1_XM_001630496.3	3	7
Nvec_vc1.1_XM_048734277.1	3	7
Nvec_vc1.1_XM_001641129.3	3	7
Nvec_vc1.1_XM_048728593.1	3	7
Nvec_vc1.1_XM_048734652.1	3	7
Nvec_vc1.1_XM_001641080.3	3	7
Nvec_vc1.1_XM_001641943.3	3	7
Nvec_vc1.1_XM_001622537.3	3	7
Nvec_vc1.1_XM_032367479.2	3	7
Nvec_vc1.1_XM_032366696.2	3	7
Nvec_vc1.1_XM_032364508.2	2	7
Nvec_vc1.1_XM_001634700.3	2	7
Nvec_vc1.1_XM_048728731.1	2	7
Nvec_vc1.1_XM_048720107.1	2	7
Nvec_vc1.1_XM_048720481.1	2	7
Nvec_vc1.1_XM_048728676.1	2	7
Nvec_vc1.1_XM_001623732.3	2	7
Nvec_vc1.1_XM_032366343.2	2	7
Nvec_vc1.1_XM_048734081.1	2	7
Nvec_vc1.1_XM_032385600.2	2	7
Nvec_vc1.1_XM_048729860.1	2	7
Nvec_vc1.1_XM_032373652.2	2	7
Nvec_vc1.1_XM_048721072.1	2	7
Nvec_vc1.1_XM_001637752.3	2	7
Nvec_vc1.1_XM_048725240.1	2	7
Nvec_vc1.1_XM_048725613.1	2	7
Nvec_vc1.1_XM_048726931.1	2	7
Nvec_vc1.1_XM_032376891.2	2	7
Nvec_vc1.1_XM_001638458.3	2	7
Nvec_vc1.1_XM_001622929.3	2	7
Nvec_vc1.1_XM_001622690.3	2	7
Nvec_vc1.1_XM_001642086.3	2	7
Nvec_vc1.1_XM_001640603.3	2	7
Nvec_vc1.1_XM_032384592.2	2	7
Nvec_v1g244269	2	7
Nvec_vc1.1_XM_048722834.1	2	7
Nvec_vc1.1_XM_048730179.1	2	7
Nvec_vc1.1_XM_048731475.1	2	7
Nvec_vc1.1_XM_001629160.3	2	7
Nvec_vc1.1_XM_048728939.1	2	7
Nvec_vc1.1_XM_048729571.1	2	7
Nvec_vc1.1_XM_032374431.2	2	7
Nvec_vc1.1_XM_032385166.2	2	7
Nvec_vc1.1_XM_032361863.2	2	7
Nvec_vc1.1_XM_032366344.2	2	7
Nvec_vc1.1_XM_001638777.3	2	7
Nvec_vc1.1_XM_032363026.2	2	7
Nvec_vc1.1_XM_001631763.3	2	7
Nvec_vc1.1_XM_032386963.2	2	7
Nvec_vc1.1_XM_032373899.2	2	7
Nvec_vc1.1_XM_048720926.1	2	7
Nvec_vc1.1_XM_032381879.2	2	7
Nvec_vc1.1_XM_032366845.2	2	7
Nvec_vc1.1_XM_032370454.2	2	7
Nvec_vc1.1_XM_001635713.3	2	7
Nvec_vc1.1_XM_001640178.3	2	7
Nvec_vc1.1_XM_048724639.1	2	7
Nvec_vc1.1_XM_032364633.2	2	7
Nvec_vc1.1_XM_048722839.1	2	7
Nvec_vc1.1_XM_032369519.2	2	7
Nvec_vc1.1_XM_048733504.1	2	7
Nvec_vc1.1_XM_032369055.2	2	7
Nvec_vc1.1_XM_048733826.1	2	7
Nvec_vc1.1_XM_032374283.2	2	7
Nvec_vc1.1_XM_032371036.2	2	7
Nvec_vc1.1_XM_048721037.1	2	7
Nvec_vc1.1_XM_032373526.2	2	7
Nvec_vc1.1_XM_048723003.1	2	7
Nvec_vc1.1_XM_032374107.2	2	7
Nvec_vc1.1_XM_032373407.2	2	7
Nvec_vc1.1_XM_032385587.2	2	7
Nvec_vc1.1_XM_032364331.2	2	7
Nvec_vc1.1_XM_032374029.2	2	7
Nvec_vc1.1_XM_001641614.3	2	7
Nvec_vc1.1_XM_032376976.2	2	7
Nvec_vc1.1_XM_048723899.1	2	7
Nvec_vc1.1_XM_032371380.2	2	7
Nvec_vc1.1_XM_001640019.3	2	7
Nvec_vc1.1_XM_032373402.2	2	7
Nvec_vc1.1_XM_032374023.2	2	7
Nvec_vc1.1_XM_032365728.2	2	7
Nvec_vc1.1_XM_001631834.3	2	7
Nvec_vc1.1_XM_001633958.3	2	7
Nvec_vc1.1_XM_032382511.2	2	7
Nvec_vc1.1_XM_048720739.1	2	7
Nvec_vc1.1_XM_048722779.1	2	7
Nvec_vc1.1_XM_048727226.1	2	7
Nvec_vc1.1_XM_001629620.3	2	7
Nvec_vc1.1_XM_032363379.2	2	7
Nvec_vc1.1_XM_032369713.2	2	7
Nvec_vc1.1_XM_032364300.2	2	7
Nvec_vc1.1_XM_032386151.2	2	7
Nvec_vc1.1_XM_032379338.2	2	7
Nvec_vc1.1_XM_048726190.1	2	7
Nvec_v1g239379	2	7
Nvec_NVE17214	2	7
Nvec_vc1.1_XM_032366700.2	2	7
Nvec_vc1.1_XM_032375784.2	2	7
Nvec_vc1.1_XM_048733977.1	2	7
Nvec_vc1.1_XM_048730281.1	2	7
Nvec_vc1.1_XM_048734429.1	2	7
Nvec_vc1.1_XM_048734278.1	2	7
Nvec_vc1.1_XM_001631293.3	2	7
Nvec_vc1.1_XM_048731820.1	2	7
Nvec_vc1.1_XM_032370692.2	2	7
Nvec_vc1.1_XM_001631417.3	2	7
Nvec_vc1.1_XM_048727040.1	2	7
Nvec_vc1.1_XM_032380863.2	2	7
Nvec_vc1.1_XM_048732881.1	2	7
Nvec_vc1.1_XM_032364562.2	2	7
Nvec_vc1.1_XM_048733047.1	2	7
Nvec_vc1.1_XM_048734082.1	2	7
Nvec_vc1.1_XM_001636356.3	2	7
Nvec_vc1.1_XM_048721777.1	2	7
Nvec_vc1.1_XM_048725070.1	2	7
Nvec_vc1.1_XM_048719591.1	2	7
Nvec_vc1.1_XM_048731753.1	2	7
Nvec_vc1.1_XM_001631863.3	2	7
Nvec_vc1.1_XM_001628115.3	2	7
Nvec_vc1.1_XM_001630864.3	2	7
Nvec_vc1.1_XM_032380577.2	2	7
Nvec_vc1.1_XM_032375460.2	2	7
Nvec_vc1.1_XM_048721561.1	2	7
Nvec_vc1.1_XM_048722035.1	2	7
Nvec_vc1.1_XM_032362353.2	2	7
Nvec_vc1.1_XM_032367059.2	2	7
Nvec_vc1.1_XM_048719597.1	2	7
Nvec_vc1.1_XM_048729461.1	2	7
Nvec_vc1.1_XM_048728685.1	2	7
Nvec_vc1.1_XM_032378953.2	2	7
Nvec_vc1.1_XM_032382045.2	2	7
Nvec_vc1.1_XM_032377751.2	2	7
Nvec_vc1.1_XM_048734430.1	2	7
Nvec_vc1.1_XM_032386154.2	2	7
Nvec_vc1.1_XM_032364236.2	2	7
Nvec_vc1.1_XM_001637272.3	2	7
Nvec_vc1.1_XM_032373611.2	2	7
Nvec_vc1.1_XM_032364213.2	2	7
Nvec_vc1.1_XM_032385014.2	2	7
Nvec_vc1.1_XM_048725716.1	2	7
Nvec_NVE17213	2	7
Nvec_vc1.1_XM_032363610.2	2	7
Nvec_vc1.1_XM_048722569.1	2	7
Nvec_vc1.1_XM_001647466.3	2	7
Nvec_vc1.1_XM_001639702.3	2	7
Nvec_vc1.1_XM_001639232.3	2	7
Nvec_vc1.1_XM_048722964.1	2	7
Nvec_vc1.1_XM_048724369.1	2	7
Nvec_vc1.1_XM_048733638.1	2	7
Nvec_vc1.1_XM_001635335.3	2	7
Nvec_vc1.1_XM_048733475.1	2	7
Nvec_vc1.1_XM_048731923.1	2	7
Nvec_vc1.1_XM_032380429.2	2	7
Nvec_vc1.1_XM_001622613.3	2	7
Nvec_vc1.1_XM_032382813.2	2	7
Nvec_vc1.1_XM_048722658.1	2	7
Nvec_vc1.1_XM_032377387.2	2	7
Nvec_vc1.1_XM_001631325.3	2	7
Nvec_vc1.1_XM_032366056.2	2	7
Nvec_vc1.1_XM_048723028.1	2	7
Nvec_vc1.1_XM_048730594.1	2	7
Nvec_vc1.1_XM_001640965.3	2	7
Nvec_vc1.1_XM_048730971.1	2	7
Nvec_vc1.1_XM_032365021.2	2	7
Nvec_vc1.1_XM_048721878.1	2	7
Nvec_vc1.1_XM_001635065.3	2	7
Nvec_vc1.1_XM_032375340.2	2	7
Nvec_vc1.1_XM_048728730.1	2	7
Nvec_vc1.1_XM_001626664.3	2	7
Nvec_vc1.1_XM_032371193.2	2	7
Nvec_vc1.1_XM_032383470.2	2	7
Nvec_NVE23986	2	7
Nvec_vc1.1_XM_032380853.2	5	7
Nvec_vc1.1_XM_001633735.3	5	7
Nvec_NVE3051	5	7
Nvec_v1g112848	5	7
Nvec_vc1.1_XM_048725088.1	5	7
Nvec_vc1.1_XM_032366280.2	5	7
Nvec_vc1.1_XM_001638565.3	5	7
Nvec_vc1.1_XM_048729052.1	5	7
Nvec_vc1.1_XM_001633171.3	5	7
Nvec_vc1.1_XM_001638898.3	5	7
Nvec_vc1.1_XM_048729343.1	5	7
Nvec_vc1.1_XM_032362529.2	5	7
Nvec_vc1.1_XM_032385583.2	5	7
Nvec_vc1.1_XM_001624803.3	5	7
Nvec_vc1.1_XM_032383989.2	5	7
Nvec_vc1.1_XM_032370001.2	5	7
Nvec_vc1.1_XM_048731489.1	5	7
Nvec_vc1.1_XM_032362000.2	5	7
Nvec_vc1.1_XM_032377757.2	5	7
Nvec_vc1.1_XM_048733437.1	5	7
Nvec_vc1.1_XM_032384371.2	5	7
Nvec_vc1.1_XM_048728873.1	5	7
Nvec_vc1.1_XM_032383647.2	5	7
Nvec_vc1.1_XM_032384089.2	5	7
Nvec_vc1.1_XM_001630589.3	5	7
Nvec_vc1.1_XM_048726623.1	5	7
Nvec_vc1.1_XM_048728684.1	5	7
Nvec_vc1.1_XM_001632755.3	5	7
Nvec_vc1.1_XM_048730685.1	5	7
Nvec_vc1.1_XM_032365114.2	5	7
Nvec_v1g239381	5	7
Nvec_vc1.1_XM_048725206.1	5	7
Nvec_vc1.1_XM_032376652.2	5	7
Nvec_vc1.1_XM_048732927.1	5	7
Nvec_vc1.1_XM_001637607.3	5	7
Nvec_vc1.1_XM_048722867.1	5	7
Nvec_vc1.1_XM_001635890.3	5	7
Nvec_vc1.1_XM_048728653.1	5	7
Nvec_vc1.1_XM_032377394.2	5	7
Nvec_vc1.1_XM_048734001.1	5	7
Nvec_vc1.1_XM_032383093.2	5	7
Nvec_vc1.1_XM_032377572.2	5	7
Nvec_vc1.1_XM_048730436.1	5	7
Nvec_vc1.1_XM_032373941.2	5	7
Nvec_vc1.1_XM_001640020.3	5	7
Nvec_vc1.1_XM_001635993.3	5	7
Nvec_vc1.1_XM_048725516.1	5	7
Nvec_vc1.1_XM_048725759.1	5	7
Nvec_vc1.1_XM_048726969.1	5	7
Nvec_vc1.1_XM_048732086.1	5	7
Nvec_vc1.1_XM_032377935.2	5	7
Nvec_vc1.1_XM_032366462.2	5	7
Nvec_vc1.1_XM_001641062.3	5	7
Nvec_vc1.1_XM_032370610.2	5	7
Nvec_vc1.1_XM_048723042.1	5	7
Nvec_vc1.1_XM_032366283.2	5	7
Nvec_vc1.1_XM_001627160.3	5	7
Nvec_NVE18759	5	7
Nvec_vc1.1_XM_032364277.2	5	7
Nvec_vc1.1_XM_032386961.2	5	7
Nvec_vc1.1_XM_032375501.2	5	7
Nvec_vc1.1_XM_001633347.3	5	7
Nvec_vc1.1_XM_048719732.1	5	7
Nvec_vc1.1_XM_048722767.1	5	7
Nvec_vc1.1_XM_032367729.2	5	7
Nvec_vc1.1_XM_001631758.3	5	7
Nvec_vc1.1_XM_048726929.1	5	7
Nvec_vc1.1_XM_001639370.3	5	7
Nvec_vc1.1_XM_001639293.3	5	7
Nvec_vc1.1_XM_048730230.1	5	7
Nvec_vc1.1_XM_032375661.2	5	7
Nvec_vc1.1_XM_048733987.1	5	7
Nvec_vc1.1_XM_001639551.3	5	7
Nvec_vc1.1_XM_048733975.1	5	7
Nvec_vc1.1_XM_032385400.2	5	7
Nvec_vc1.1_XM_032372339.2	5	7
Nvec_vc1.1_XM_032380043.2	5	7
Nvec_vc1.1_XM_032364430.2	5	7
Nvec_vc1.1_XM_048722356.1	5	7
Nvec_vc1.1_XM_048720966.1	5	7
Nvec_vc1.1_XM_001629300.3	5	7
Nvec_vc1.1_XM_048722982.1	5	7
Nvec_vc1.1_XM_001635811.3	5	7
Nvec_vc1.1_XM_001639634.3	5	7
Nvec_vc1.1_XM_032364437.2	5	7
Nvec_vc1.1_XM_032374997.2	5	7
Nvec_vc1.1_XM_001642032.3	5	7
Nvec_vc1.1_XM_032373207.2	5	7
Nvec_vc1.1_XM_032385594.1	5	7
Nvec_vc1.1_XM_032373153.2	5	7
Nvec_v1g199202	5	7
Nvec_vc1.1_XM_048733966.1	5	7
Nvec_NVE18960	5	7
Nvec_vc1.1_XM_048733677.1	5	7
Nvec_vc1.1_XM_048722013.1	5	7
Nvec_vc1.1_XM_001637223.3	5	7
Nvec_vc1.1_XM_048722624.1	5	7
Nvec_vc1.1_XM_032365654.2	5	7
Nvec_vc1.1_XM_048720064.1	5	7
Nvec_vc1.1_XM_032373354.2	5	7
Nvec_vc1.1_XM_001629576.3	5	7
Nvec_vc1.1_XM_032364441.2	5	7
Nvec_vc1.1_XM_048724602.1	5	7
Nvec_vc1.1_XM_032381891.2	5	7
Nvec_vc1.1_XM_048728544.1	5	7
Nvec_vc1.1_XM_048734475.1	5	7
Nvec_vc1.1_XM_032366022.2	5	7
Nvec_vc1.1_XM_001637728.3	5	7
Nvec_vc1.1_XM_032383003.2	5	7
Nvec_vc1.1_XM_001641901.3	5	7
Nvec_vc1.1_XM_001641135.3	5	7
Nvec_vc1.1_XM_001628369.3	5	7
Nvec_vc1.1_XM_001634580.3	5	7
Nvec_vc1.1_XM_032366532.2	5	7
Nvec_vc1.1_XM_001625953.3	5	7
Nvec_vc1.1_XM_032362841.2	5	7
Nvec_vc1.1_XM_001641902.3	5	7
Nvec_vc1.1_XM_032380042.2	5	7
Nvec_vc1.1_XM_048721562.1	5	7
Nvec_vc1.1_XM_032370694.2	5	7
Nvec_vc1.1_XM_032376085.2	5	7
Nvec_vc1.1_XM_048731740.1	5	7
Nvec_vc1.1_XM_001627444.3	5	7
Nvec_vc1.1_XM_001639882.3	5	7
Nvec_vc1.1_XM_032384132.2	5	7
Nvec_vc1.1_XM_048728678.1	5	7
Nvec_vc1.1_XM_032373880.2	5	7
Nvec_vc1.1_XM_032384018.2	5	7
Nvec_vc1.1_XM_032366975.2	5	7
Nvec_vc1.1_XM_032385579.2	5	7
Nvec_vc1.1_XM_048722875.1	5	7
Nvec_vc1.1_XM_001628915.3	5	7
Nvec_vc1.1_XM_032380012.2	5	7
Nvec_vc1.1_XM_048721133.1	5	7
Nvec_vc1.1_XM_048722564.1	5	7
Nvec_vc1.1_XM_001632750.3	5	7
Nvec_vc1.1_XM_048723816.1	5	7
Nvec_vc1.1_XM_001640113.3	5	7
Nvec_vc1.1_XM_048721119.1	5	7
Nvec_vc1.1_XM_032385597.2	5	7
Nvec_vc1.1_XM_032385446.2	5	7
Nvec_vc1.1_XM_001641325.3	5	7
Nvec_vc1.1_XM_032384381.2	5	7
Nvec_vc1.1_XM_032370899.2	5	7
Nvec_vc1.1_XM_001633749.3	5	7
Nvec_vc1.1_XM_048722736.1	5	7
Nvec_vc1.1_XM_032374118.2	5	7
Nvec_vc1.1_XM_032385590.2	5	7
Nvec_vc1.1_XM_001623754.3	5	7
Nvec_vc1.1_XM_048729006.1	5	7
Nvec_vc1.1_XM_048731055.1	5	7
Nvec_NVE17415	5	7
Nvec_vc1.1_XM_048722885.1	5	7
Nvec_vc1.1_XM_048732382.1	5	7
Nvec_vc1.1_XM_001633398.3	5	7
Nvec_vc1.1_XM_032374279.2	5	7
Nvec_vc1.1_XM_048726933.1	5	7
Nvec_vc1.1_XM_048728138.1	5	7
Nvec_vc1.1_XM_032384793.2	5	7
Nvec_vc1.1_XM_001629416.3	5	7
Nvec_vc1.1_XM_032372654.2	5	7
Nvec_vc1.1_XM_048722985.1	5	7
Nvec_vc1.1_XM_032385896.2	5	7
Nvec_vc1.1_XM_032368917.2	5	7
Nvec_vc1.1_XM_048725504.1	5	7
Nvec_vc1.1_XM_032380856.2	5	7
Nvec_vc1.1_XM_032366282.2	5	7
Nvec_vc1.1_XM_032363262.2	5	7
Nvec_vc1.1_XM_001638971.3	5	7
Nvec_vc1.1_XM_048726524.1	5	7
Nvec_vc1.1_XM_001631866.3	5	7
Nvec_vc1.1_XM_001631405.3	5	7
Nvec_vc1.1_XM_048730097.1	5	7
Nvec_vc1.1_XM_001640510.3	5	7
Nvec_vc1.1_XM_001629567.3	5	7
Nvec_vc1.1_XM_001639407.3	5	7
Nvec_vc1.1_XM_032383126.2	5	7
Nvec_vc1.1_XM_001641063.3	5	7
Nvec_vc1.1_XM_048729457.1	5	7
Nvec_v1g239380	5	7
Nvec_vc1.1_XM_048722874.1	5	7
Nvec_vc1.1_XM_048734095.1	5	7
Nvec_vc1.1_XM_001623121.3	5	7
Nvec_vc1.1_XM_032372343.2	5	7
Nvec_vc1.1_XM_032379510.2	5	7
Nvec_vc1.1_XM_001627554.3	5	7
Nvec_vc1.1_XM_032382970.2	5	7
Nvec_v1g138458	6	8
Nvec_vc1.1_XM_032363515.2	6	8
Nvec_vc1.1_XM_048721628.1	6	8
Nvec_vc1.1_XM_048728584.1	6	8
Nvec_vc1.1_XM_048726449.1	6	8
Nvec_vc1.1_XM_048728951.1	6	8
Nvec_vc1.1_XM_001625180.2	6	8
Nvec_vc1.1_XM_032370044.1	6	8
Nvec_vc1.1_XM_048724167.1	6	8
Nvec_vc1.1_XM_048724948.1	6	8
Nvec_vc1.1_XM_048725103.1	6	8
Nvec_vc1.1_XM_032364536.2	6	8
Nvec_vc1.1_XM_048722261.1	6	8
Nvec_vc1.1_XM_048730349.1	6	8
Nvec_vc1.1_XM_032369323.2	6	8
Nvec_vc1.1_XM_048725591.1	6	8
Nvec_vc1.1_XM_001633346.3	6	8
Nvec_vc1.1_XM_048731468.1	6	8
Nvec_vc1.1_XM_048727936.1	6	8
Nvec_vc1.1_XM_048727523.1	6	8
Nvec_vc1.1_XM_048722169.1	6	8
Nvec_vc1.1_XM_001635055.3	6	8
Nvec_vc1.1_XM_048725471.1	6	8
Nvec_vc1.1_XM_032370600.2	6	8
Nvec_vc1.1_XM_001618486.3	6	8
Nvec_vc1.1_XM_048731742.1	6	8
Nvec_vc1.1_XM_032364549.2	6	8
Nvec_vc1.1_XM_032376312.2	6	8
Nvec_vc1.1_XM_048728574.1	6	8
Nvec_vc1.1_XM_048733553.1	6	8
Nvec_vc1.1_XM_048730239.1	6	8
Nvec_vc1.1_XM_001629902.3	6	8
Nvec_vc1.1_XM_048729800.1	6	8
Nvec_vc1.1_XM_032376799.2	6	8
Nvec_vc1.1_XM_032385184.2	6	8
Nvec_vc1.1_XM_001633124.3	6	8
Nvec_vc1.1_XM_032370863.2	6	8
Nvec_vc1.1_XM_032381163.2	6	8
Nvec_vc1.1_XM_032367476.2	6	8
Nvec_NVE15635	6	8
Nvec_vc1.1_XM_032380373.2	6	8
Nvec_vc1.1_XM_032369608.2	6	8
Nvec_vc1.1_XM_032363613.2	6	8
Nvec_vc1.1_XM_032381738.2	6	8
Nvec_vc1.1_XM_048727315.1	6	8
Nvec_vc1.1_XM_048733678.1	6	8
Nvec_vc1.1_XM_048726126.1	6	8
Nvec_vc1.1_XM_048727316.1	6	8
Nvec_vc1.1_XM_032380103.2	6	8
Nvec_vc1.1_XM_032378197.2	6	8
Nvec_vc1.1_XM_001635274.3	6	8
Nvec_vc1.1_XM_032376888.2	6	8
Nvec_vc1.1_XM_048734575.1	6	8
Nvec_vc1.1_XM_032378469.2	6	8
Nvec_vc1.1_XM_048721173.1	6	8
Nvec_vc1.1_XM_048730610.1	6	8
Nvec_vc1.1_XM_032371651.2	6	8
Nvec_vc1.1_XM_032371569.2	6	8
Nvec_vc1.1_XM_032374630.2	6	8
Nvec_vc1.1_XM_048721175.1	6	8
Nvec_vc1.1_XM_001641548.3	6	8
Nvec_vc1.1_XM_048730680.1	6	8
Nvec_vc1.1_XM_001641756.3	6	8
Nvec_vc1.1_XM_048726245.1	6	8
Nvec_vc1.1_XM_048729478.1	6	8
Nvec_vc1.1_XM_048723085.1	6	8
Nvec_vc1.1_XM_048732349.1	6	8
Nvec_vc1.1_XM_048732910.1	6	8
Nvec_vc1.1_XM_048725619.1	6	8
Nvec_vc1.1_XM_048726364.1	6	8
Nvec_vc1.1_XM_048720655.1	6	8
Nvec_vc1.1_XM_048724181.1	6	8
Nvec_vc1.1_XM_048727568.1	6	8
Nvec_vc1.1_XM_032362704.2	6	8
Nvec_vc1.1_XM_048721081.1	6	8
Nvec_vc1.1_XM_048722017.1	6	8
Nvec_vc1.1_XM_048731884.1	6	8
Nvec_vc1.1_XM_032363583.2	6	8
Nvec_vc1.1_XM_048726180.1	6	8
Nvec_vc1.1_XM_048722462.1	6	8
Nvec_vc1.1_XM_048728943.1	6	8
Nvec_vc1.1_XM_048728800.1	6	8
Nvec_vc1.1_XM_048731721.1	6	8
Nvec_vc1.1_XM_048726147.1	6	8
Nvec_vc1.1_XM_048721441.1	6	8
Nvec_vc1.1_XM_048729362.1	6	8
Nvec_NVE16188	6	8
Nvec_vc1.1_XM_032384286.2	6	8
Nvec_vc1.1_XM_048727371.1	6	8
Nvec_vc1.1_XM_048734151.1	6	8
Nvec_vc1.1_XM_048721164.1	6	8
Nvec_vc1.1_XM_032374621.2	6	8
Nvec_vc1.1_XM_048730189.1	6	8
Nvec_v1g203779	6	8
Nvec_vc1.1_XM_048722439.1	6	8
Nvec_vc1.1_XM_032369000.2	6	8
Nvec_vc1.1_XM_048730677.1	6	8
Nvec_vc1.1_XM_048733481.1	6	8
Nvec_vc1.1_XM_048724469.1	6	8
Nvec_vc1.1_XM_048727579.1	6	8
Nvec_vc1.1_XM_048731367.1	6	8
Nvec_vc1.1_XM_048732936.1	6	8
Nvec_vc1.1_XM_048731532.1	6	8
Nvec_vc1.1_XM_032377101.2	6	8
Nvec_vc1.1_XM_048730121.1	6	8
Nvec_vc1.1_XM_048733735.1	6	8
Nvec_vc1.1_XM_048732270.1	6	8
Nvec_vc1.1_XM_032376899.2	6	8
Nvec_vc1.1_XM_032366690.2	6	8
Nvec_vc1.1_XM_048721703.1	6	8
Nvec_vc1.1_XM_048725133.1	6	8
Nvec_vc1.1_XM_048732025.1	6	8
Nvec_vc1.1_XM_048722208.1	6	8
Nvec_vc1.1_XM_048725127.1	6	8
Nvec_vc1.1_XM_048732375.1	6	8
Nvec_vc1.1_XM_048733319.1	6	8
Nvec_vc1.1_XM_048730410.1	6	8
Nvec_vc1.1_XM_048732377.1	6	8
Nvec_vc1.1_XM_048719436.1	6	8
Nvec_vc1.1_XM_048720403.1	6	8
Nvec_vc1.1_XM_048722688.1	6	8
Nvec_NVE8953	6	8
Nvec_vc1.1_XM_032379203.2	6	8
Nvec_vc1.1_XM_032367062.2	6	8
Nvec_vc1.1_XM_048722960.1	6	8
Nvec_vc1.1_XM_048724728.1	6	8
Nvec_vc1.1_XM_048734059.1	6	8
Nvec_vc1.1_XM_001638841.3	8	9
Nvec_vc1.1_XM_048730446.1	8	9
Nvec_v1g242639	8	9
Nvec_vc1.1_XM_032363870.2	8	9
Nvec_vc1.1_XM_048733138.1	8	9
Nvec_vc1.1_XM_001641540.3	8	9
Nvec_v1g232474	8	9
Nvec_vc1.1_XM_001633867.3	8	9
Nvec_vc1.1_XM_048727750.1	8	9
Nvec_NVE13808	8	9
Nvec_vc1.1_XM_032382462.1	8	9
Nvec_vc1.1_XM_032362622.2	8	9
Nvec_vc1.1_XM_048729351.1	8	9
Nvec_vc1.1_XM_048728140.1	8	9
Nvec_vc1.1_XM_048731280.1	8	9
Nvec_vc1.1_XM_032379952.2	8	9
Nvec_vc1.1_XM_048722253.1	8	9
Nvec_vc1.1_XM_001622293.3	8	9
Nvec_vc1.1_XM_048724372.1	8	9
Nvec_vc1.1_XM_001622849.3	8	9
Nvec_vc1.1_XM_032373685.2	8	9
Nvec_vc1.1_XM_001637428.3	8	9
Nvec_vc1.1_XM_048720075.1	8	9
Nvec_vc1.1_XM_048720078.1	8	9
Nvec_NVE18112	8	9
Nvec_vc1.1_XM_048720500.1	8	9
Nvec_NVE4644	8	9
Nvec_vc1.1_XM_032361962.2	8	9
Nvec_vc1.1_XM_032373917.1	8	9
Nvec_vc1.1_XM_048732626.1	8	9
Nvec_vc1.1_XM_048725260.1	8	9
Nvec_vc1.1_XM_048731826.1	8	9
Nvec_NVE8059	8	9
Nvec_vc1.1_XM_001640045.3	8	9
Nvec_vc1.1_XM_032386467.2	8	9
Nvec_vc1.1_XM_001640247.3	8	9
Nvec_vc1.1_XM_032380302.2	8	9
Nvec_vc1.1_XM_048727880.1	8	9
Nvec_vc1.1_XM_001641794.3	8	9
Nvec_vc1.1_XM_032383964.2	8	9
Nvec_vc1.1_XM_048720893.1	8	9
Nvec_vc1.1_XM_001625461.3	8	9
Nvec_vc1.1_XM_032384859.2	8	9
Nvec_vc1.1_XM_048731606.1	8	9
Nvec_vc1.1_XM_048734619.1	8	9
Nvec_vc1.1_XM_032370063.2	8	9
Nvec_vc1.1_XM_001625531.3	8	9
Nvec_vc1.1_XM_001625530.3	8	9
Nvec_vc1.1_XM_048723193.1	8	9
Nvec_vc1.1_XM_048725634.1	8	9
Nvec_vc1.1_XM_048732017.1	8	9
Nvec_vc1.1_XM_001641038.3	8	9
Nvec_vc1.1_XM_001634434.3	8	9
Nvec_vc1.1_XM_032363098.2	8	9
Nvec_vc1.1_XM_048720444.1	8	9
Nvec_vc1.1_XM_001630519.3	8	9
Nvec_vc1.1_XM_032363516.2	8	9
Nvec_vc1.1_XM_048722934.1	8	9
Nvec_vc1.1_XM_032361922.2	8	9
Nvec_vc1.1_XM_032363520.2	8	9
Nvec_vc1.1_XM_032361917.1	8	9
Nvec_vc1.1_XM_001641921.3	8	9
Nvec_vc1.1_XM_032365954.2	8	9
Nvec_vc1.1_XM_048733066.1	8	9
Nvec_vc1.1_XM_001624047.3	8	9
Nvec_vc1.1_XM_032379391.1	8	9
Nvec_vc1.1_XM_001638917.3	8	9
Nvec_vc1.1_XM_001632818.3	8	9
Nvec_vc1.1_XM_048722599.1	8	9
Nvec_vc1.1_XM_032380597.2	8	9
Nvec_vc1.1_XM_032380596.2	8	9
Nvec_vc1.1_XM_032371815.2	8	9
Nvec_vc1.1_XM_048728374.1	8	9
Nvec_vc1.1_XM_048728377.1	8	9
Nvec_vc1.1_XM_032382245.2	8	9
Nvec_vc1.1_XM_048731806.1	8	9
Nvec_vc1.1_XM_032366069.2	8	9
Nvec_vc1.1_XM_048725789.1	8	9
Nvec_vc1.1_XM_001626774.3	8	9
Nvec_vc1.1_XM_032382123.2	8	9
Nvec_vc1.1_XM_048728750.1	8	9
Nvec_vc1.1_XM_048728751.1	8	9
Nvec_vc1.1_XM_032383144.2	8	9
Nvec_v1g111089	8	9
Nvec_vc1.1_XM_001625472.3	8	9
Nvec_vc1.1_XM_001635033.3	8	9
Nvec_vc1.1_XM_032385159.2	8	9
Nvec_vc1.1_XM_001627638.3	8	9
Nvec_v1g118229	8	9
Nvec_vc1.1_XM_032369557.2	8	9
Nvec_vc1.1_XM_001628444.3	8	9
Nvec_NVE14085	8	9
Nvec_vc1.1_XM_048729795.1	8	9
Nvec_NVE23328	8	9
Nvec_NVE6785	8	9
Nvec_vc1.1_XM_032384270.2	8	9
Nvec_vc1.1_XM_032382093.2	8	9
Nvec_vc1.1_XM_032370328.2	8	9
Nvec_vc1.1_XM_048732016.1	8	9
Nvec_vc1.1_XM_032386759.2	8	9
Nvec_NVE12180	8	9
Nvec_vc1.1_XM_001631838.3	8	9
Nvec_vc1.1_XM_032380050.2	8	9
Nvec_vc1.1_XM_032363600.2	8	9
Nvec_vc1.1_XM_001631923.3	8	9
Nvec_vc1.1_XM_048731404.1	8	9
Nvec_vc1.1_XM_001629307.3	8	9
Nvec_vc1.1_XM_032383106.2	8	9
Nvec_vc1.1_XM_048726730.1	8	9
Nvec_vc1.1_XM_001639849.3	8	9
Nvec_vc1.1_XM_048728372.1	8	9
Nvec_vc1.1_XM_032365520.2	8	9
Nvec_vc1.1_XM_048728376.1	8	9
Nvec_vc1.1_XM_048722396.1	8	9
Nvec_vc1.1_XM_032376091.2	8	9
Nvec_vc1.1_XM_032386447.2	8	9
Nvec_vc1.1_XM_032365937.2	8	9
Nvec_vc1.1_XM_032382031.2	8	9
Nvec_vc1.1_XM_048734252.1	8	9
Nvec_vc1.1_XM_048725005.1	8	9
Nvec_vc1.1_XM_048725793.1	8	9
Nvec_vc1.1_XM_001629096.2	8	9
Nvec_vc1.1_XM_048725380.1	8	9
Nvec_vc1.1_XM_032366660.2	8	9
Nvec_vc1.1_XM_048728457.1	8	9
Nvec_vc1.1_XM_048725243.1	8	9
Nvec_vc1.1_XM_032376478.2	8	9
Nvec_vc1.1_XM_032373809.2	8	9
Nvec_vc1.1_XM_048729925.1	8	9
Nvec_vc1.1_XM_032381836.2	8	9
Nvec_vc1.1_XM_032382459.2	8	9
Nvec_vc1.1_XM_048721526.1	8	9
Nvec_vc1.1_XM_032362182.2	8	9
Nvec_vc1.1_XM_048721525.1	8	9
Nvec_vc1.1_XM_001640870.3	8	9
Nvec_vc1.1_XM_048732880.1	8	9
Nvec_vc1.1_XM_001633843.3	8	9
Nvec_vc1.1_XM_048726447.1	8	9
Nvec_vc1.1_XM_048733506.1	8	9
Nvec_vc1.1_XM_048722890.1	8	9
Nvec_vc1.1_XM_048726309.1	8	9
Nvec_vc1.1_XM_001636860.3	8	9
Nvec_vc1.1_XM_048732426.1	8	9
Nvec_vc1.1_XM_001623753.3	8	9
Nvec_vc1.1_XM_032363826.2	8	9
Nvec_vc1.1_XM_032382425.2	8	9
Nvec_vc1.1_XM_048734253.1	8	9
Nvec_vc1.1_XM_001619797.3	8	9
Nvec_vc1.1_XM_032384280.2	8	9
Nvec_vc1.1_XM_048719753.1	8	9
Nvec_vc1.1_XM_032367730.2	8	9
Nvec_vc1.1_XM_032371986.2	8	9
Nvec_vc1.1_XM_001631201.3	8	9
Nvec_NVE910	8	9
Nvec_NVE10994	8	9
Nvec_vc1.1_XM_048722248.1	8	9
Nvec_vc1.1_XM_032381357.2	8	9
Nvec_vc1.1_XM_001622486.3	8	9
Nvec_vc1.1_XM_048726392.1	8	9
Nvec_vc1.1_XM_001634767.3	8	9
Nvec_vc1.1_XM_001636075.3	8	9
Nvec_vc1.1_XM_001631722.3	8	9
Nvec_vc1.1_XM_001629759.3	8	9
Nvec_vc1.1_XM_048726203.1	8	9
Nvec_vc1.1_XM_048721102.1	8	9
Nvec_vc1.1_XM_048734086.1	8	9
Nvec_vc1.1_XM_001638002.3	8	9
Nvec_vc1.1_XM_001638943.3	8	9
Nvec_vc1.1_XM_032372285.2	8	9
Nvec_NVE2083	8	9
Nvec_vc1.1_XM_048734644.1	8	9
Nvec_vc1.1_XM_048734562.1	8	9
Nvec_vc1.1_XM_048721746.1	8	9
Nvec_vc1.1_XM_048724999.1	8	9
Nvec_vc1.1_XM_032374654.2	8	9
Nvec_vc1.1_XM_032382500.2	8	9
Nvec_v1g242661	8	9
